{"stats":{"minecraft:dropped":{"minecraft:iron_sword":1,"minecraft:moss_block":1},"minecraft:mined":{"create:zinc_ore":14,"minecraft:podzol":1,"create:andesite_casing":4,"minecraft:torch":6,"minecraft:granite":23,"epicsamurai:silver_ore":8,"minecraft:grass_block":7,"minecraft:coal_block":8,"minecraft:copper_ore":15,"minecraft:cobblestone":5,"minecraft:deepslate_coal_ore":2,"minecraft:spruce_leaves":1,"minecraft:diorite":20,"minecraft:wall_torch":5,"minecraft:smooth_stone":2,"epicsamurai:onyx_ore":9,"minecraft:iron_ore":4,"minecraft:andesite":126,"minecraft:grass":5,"minecraft:coal_ore":20,"minecraft:oak_log":47,"minecraft:iron_bars":7,"epicsamurai:deepslate_silver_ore":2,"minecraft:dirt":27,"minecraft:stripped_oak_log":1,"minecraft:stone":559,"minecraft:iron_block":1,"minecraft:oak_leaves":1,"minecraft:deepslate":10},"minecraft:killed":{"minecraft:spider":1,"minecraft:skeleton":1,"minecraft:zombie":4},"minecraft:crafted":{"minecraft:wooden_sword":1,"minecraft:oak_planks":152,"minecraft:smooth_stone":2,"minecraft:oak_slab":6,"create:andesite_alloy":9,"minecraft:coal":18,"minecraft:crafting_table":1,"minecraft:iron_nugget":18,"minecraft:wooden_pickaxe":2,"minecraft:baked_potato":5,"create:large_water_wheel":2,"minecraft:stone":2,"minecraft:bucket":1,"create:schematic_table":1,"minecraft:stone_axe":1,"minecraft:bread":5,"minecraft:air":0,"create:water_wheel":2,"minecraft:stick":44,"minecraft:iron_ingot":15,"minecraft:iron_pickaxe":1,"minecraft:stone_pickaxe":7,"minecraft:wooden_axe":1,"minecraft:chest":2,"create:shaft":16,"minecraft:torch":32,"create:zinc_ingot":14},"minecraft:broken":{"minecraft:stone_pickaxe":6},"minecraft:killed_by":{"minecraft:player":1},"minecraft:used":{"minecraft:wheat_seeds":1,"minecraft:diorite":15,"minecraft:water_bucket":5,"create:schematic_table":1,"minecraft:stone_pickaxe":822,"minecraft:baked_potato":13,"minecraft:chest":2,"minecraft:wooden_pickaxe":3,"minecraft:iron_sword":27,"minecraft:rotten_flesh":7,"minecraft:torch":36,"minecraft:crafting_table":1,"minecraft:carrot":7,"croptopia:orange":7,"minecraft:oak_log":4,"croptopia:nectarine":10,"minecraft:wooden_axe":1,"minecraft:lantern":2,"minecraft:bread":1,"minecraft:iron_pickaxe":39,"create:large_water_wheel":3,"minecraft:golden_helmet":1,"minecraft:golden_leggings":1,"minecraft:stone_axe":45,"croptopia:peach":9,"minecraft:cobblestone":53,"create:shaft":2,"minecraft:bucket":5,"minecraft:stripped_oak_log":1,"alexsmobs:animal_dictionary":1,"minecraft:egg":1,"minecraft:potato":33,"minecraft:experience_bottle":1},"minecraft:picked_up":{"minecraft:wheat":61,"croptopia:kale":1,"croptopia:broccoli_seed":2,"croptopia:peach":10,"croptopia:nectarine":10,"minecraft:andesite":124,"croptopia:broccoli":1,"minecraft:potato":71,"create:raw_zinc":14,"minecraft:oak_log":46,"minecraft:dirt":34,"minecraft:string":2,"minecraft:lantern":2,"minecraft:raw_copper":57,"minecraft:experience_bottle":1,"minecraft:bone":2,"minecraft:beetroot":2,"minecraft:apple":7,"minecraft:wheat_seeds":153,"minecraft:cobbled_deepslate":10,"minecraft:smooth_stone":2,"minecraft:iron_ingot":2,"minecraft:coal_block":7,"minecraft:moss_block":1,"croptopia:kale_seed":2,"minecraft:iron_sword":2,"epicsamurai:raw_silver":10,"minecraft:egg":1,"epicsamurai:onyx":9,"minecraft:raw_iron":4,"create:large_water_wheel":1,"minecraft:torch":14,"create:andesite_casing":4,"minecraft:poisonous_potato":1,"minecraft:gravel":10,"minecraft:diorite":19,"minecraft:carrot":30,"minecraft:arrow":2,"minecraft:rotten_flesh":10,"minecraft:beetroot_seeds":6,"croptopia:orange":8,"minecraft:iron_block":1,"minecraft:granite":23,"minecraft:gold_ingot":2,"minecraft:baked_potato":8,"minecraft:iron_bars":7,"minecraft:coal":22,"minecraft:cobblestone":557,"minecraft:stripped_oak_log":1},"minecraft:custom":{"minecraft:interact_with_furnace":24,"minecraft:mob_kills":6,"minecraft:interact_with_crafting_table":25,"minecraft:interact_with_campfire":8,"minecraft:leave_game":3,"minecraft:time_since_death":97953,"minecraft:climb_one_cm":2622,"minecraft:time_since_rest":95554,"minecraft:waystone_activated":1,"minecraft:sprint_one_cm":223500,"minecraft:damage_taken":1153,"minecraft:walk_one_cm":448160,"minecraft:drop":2,"minecraft:damage_dealt":1194,"minecraft:swim_one_cm":8047,"minecraft:talked_to_villager":1,"minecraft:fly_one_cm":158799,"minecraft:open_chest":15,"minecraft:crouch_one_cm":2154,"minecraft:play_time":110106,"tombstone:undead_killed":5,"minecraft:deaths":1,"minecraft:sneak_time":609,"minecraft:walk_under_water_one_cm":6393,"minecraft:jump":1463,"minecraft:walk_on_water_one_cm":9698,"minecraft:total_world_time":110106,"minecraft:fall_one_cm":33781,"minecraft:inspect_dispenser":2}},"DataVersion":3465}