{"stats":{"minecraft:dropped":{"minecraft:moss_block":1},"minecraft:mined":{"minecraft:podzol":1,"minecraft:torch":6,"minecraft:granite":23,"minecraft:grass_block":1,"minecraft:coal_block":8,"minecraft:copper_ore":15,"minecraft:spruce_leaves":1,"minecraft:diorite":10,"minecraft:smooth_stone":2,"minecraft:iron_ore":4,"minecraft:andesite":66,"minecraft:grass":3,"minecraft:oak_log":13,"minecraft:dirt":9,"minecraft:stone":444,"minecraft:iron_block":1,"minecraft:oak_leaves":1},"minecraft:killed":{"minecraft:zombie":1},"minecraft:crafted":{"minecraft:wooden_sword":1,"minecraft:oak_planks":52,"minecraft:coal":18,"minecraft:crafting_table":1,"minecraft:wooden_pickaxe":2,"minecraft:baked_potato":5,"minecraft:bread":5,"minecraft:air":0,"minecraft:stick":44,"minecraft:iron_ingot":11,"minecraft:stone_pickaxe":7,"minecraft:wooden_axe":1,"minecraft:torch":32},"minecraft:broken":{"minecraft:stone_pickaxe":4},"minecraft:killed_by":{"minecraft:player":1},"minecraft:used":{"minecraft:wheat_seeds":1,"minecraft:stone_pickaxe":579,"minecraft:baked_potato":7,"minecraft:wooden_pickaxe":3,"minecraft:iron_sword":4,"minecraft:rotten_flesh":5,"minecraft:torch":10,"minecraft:crafting_table":1,"croptopia:orange":7,"minecraft:wooden_axe":1,"croptopia:nectarine":10,"minecraft:lantern":2,"minecraft:golden_leggings":1,"minecraft:golden_helmet":1,"croptopia:peach":9,"minecraft:cobblestone":26,"alexsmobs:animal_dictionary":1,"minecraft:egg":1,"minecraft:potato":33,"minecraft:experience_bottle":1},"minecraft:custom":{"minecraft:interact_with_furnace":10,"minecraft:mob_kills":1,"minecraft:interact_with_crafting_table":9,"minecraft:interact_with_campfire":8,"minecraft:leave_game":3,"minecraft:time_since_death":50072,"minecraft:climb_one_cm":2622,"minecraft:time_since_rest":47673,"minecraft:waystone_activated":1,"minecraft:sprint_one_cm":120477,"minecraft:damage_taken":719,"minecraft:walk_one_cm":286760,"minecraft:drop":1,"minecraft:damage_dealt":245,"minecraft:swim_one_cm":8047,"minecraft:talked_to_villager":1,"minecraft:fly_one_cm":106343,"minecraft:open_chest":7,"minecraft:crouch_one_cm":33,"minecraft:play_time":62225,"tombstone:undead_killed":1,"minecraft:deaths":1,"minecraft:sneak_time":16,"minecraft:walk_under_water_one_cm":3145,"minecraft:jump":825,"minecraft:walk_on_water_one_cm":4480,"minecraft:total_world_time":62225,"minecraft:fall_one_cm":24039},"minecraft:picked_up":{"minecraft:wheat":15,"minecraft:andesite":66,"croptopia:peach":10,"croptopia:nectarine":10,"minecraft:potato":40,"minecraft:oak_log":13,"minecraft:dirt":11,"minecraft:lantern":2,"minecraft:raw_copper":57,"minecraft:experience_bottle":1,"minecraft:apple":7,"minecraft:beetroot":2,"minecraft:wheat_seeds":39,"minecraft:smooth_stone":2,"minecraft:coal_block":7,"minecraft:moss_block":1,"minecraft:iron_sword":1,"minecraft:egg":1,"minecraft:raw_iron":4,"minecraft:torch":6,"minecraft:poisonous_potato":1,"minecraft:gravel":10,"minecraft:diorite":10,"minecraft:carrot":29,"minecraft:rotten_flesh":5,"minecraft:beetroot_seeds":6,"croptopia:orange":8,"minecraft:granite":23,"minecraft:iron_block":1,"minecraft:baked_potato":8,"minecraft:cobblestone":444}},"DataVersion":3465}