{"stats":{"minecraft:used":{"minecraft:stone_pickaxe":131,"minecraft:shield":5,"minecraft:wooden_pickaxe":6,"minecraft:iron_sword":84,"minecraft:rotten_flesh":17,"minecraft:iron_chestplate":1,"minecraft:torch":59,"minecraft:crafting_table":3,"minecraft:wooden_axe":29,"epicpaladins:arclight_pickaxe":546,"minecraft:iron_pickaxe":221,"minecraft:cobblestone":5,"minecraft:furnace":1,"tombstone:gift":3,"minecraft:cobbled_deepslate":16},"minecraft:custom":{"minecraft:interact_with_furnace":16,"minecraft:mob_kills":24,"minecraft:interact_with_crafting_table":18,"minecraft:leave_game":1,"minecraft:time_since_death":20678,"minecraft:time_since_rest":20060,"minecraft:sprint_one_cm":56574,"minecraft:damage_taken":1548,"minecraft:walk_one_cm":140751,"minecraft:damage_blocked_by_shield":113,"minecraft:drop":2,"minecraft:damage_dealt":4496,"minecraft:fly_one_cm":37258,"minecraft:crouch_one_cm":60,"minecraft:play_time":53524,"tombstone:undead_killed":24,"minecraft:deaths":4,"minecraft:sneak_time":25,"minecraft:walk_under_water_one_cm":835,"minecraft:jump":567,"minecraft:walk_on_water_one_cm":10708,"minecraft:total_world_time":53524,"minecraft:fall_one_cm":9410},"minecraft:killed":{"minecraft:zombie_villager":1,"graveyard:revenant":5,"minecraft:skeleton":3,"minecraft:zombie":15},"minecraft:dropped":{"minecraft:wooden_pickaxe":1,"minecraft:stone_pickaxe":1},"minecraft:picked_up":{"minecraft:andesite":11,"minecraft:wooden_pickaxe":1,"minecraft:tuff":14,"create:raw_zinc":7,"minecraft:lapis_lazuli":29,"minecraft:dirt":1,"epicpaladins:bloodstone_gem":7,"minecraft:bone":3,"graveyard:corruption":3,"minecraft:bow":1,"minecraft:cobbled_deepslate":586,"minecraft:raw_gold":7,"minecraft:stone_pickaxe":1,"minecraft:raw_iron":20,"epicpaladins:arclight_gem":8,"minecraft:torch":5,"minecraft:dripstone_block":3,"minecraft:gravel":11,"minecraft:spruce_sapling":6,"tombstone:grave_dust":10,"minecraft:pointed_dripstone":7,"minecraft:diorite":9,"minecraft:spruce_log":14,"minecraft:redstone":68,"minecraft:arrow":3,"minecraft:rotten_flesh":17,"minecraft:diamond":9,"minecraft:granite":31,"epicsamurai:ruby":1,"minecraft:coal":46,"minecraft:snowball":16,"minecraft:cobblestone":111},"minecraft:mined":{"create:zinc_ore":1,"minecraft:deepslate_redstone_ore":15,"create:deepslate_zinc_ore":6,"minecraft:tuff":23,"minecraft:deepslate_diamond_ore":9,"epicpaladins:deepslate_bloodstone_ore":7,"minecraft:granite":28,"epicsamurai:deepslate_ruby_ore":1,"minecraft:spruce_leaves":3,"minecraft:deepslate_gold_ore":1,"minecraft:diorite":9,"minecraft:wall_torch":2,"epicpaladins:deepslate_arclight_ore":8,"minecraft:iron_ore":11,"minecraft:cobbled_deepslate":13,"minecraft:andesite":10,"minecraft:spruce_log":14,"minecraft:deepslate_lapis_ore":4,"minecraft:pointed_dripstone":6,"minecraft:coal_ore":46,"minecraft:deepslate_iron_ore":9,"minecraft:gravel":6,"minecraft:dirt":1,"minecraft:stone":107,"minecraft:gold_ore":6,"minecraft:deepslate":576},"minecraft:broken":{"minecraft:stone_pickaxe":1},"minecraft:crafted":{"minecraft:crafting_table":3,"minecraft:spruce_planks":56,"minecraft:wooden_pickaxe":1,"minecraft:iron_sword":1,"minecraft:furnace":1,"epicpaladins:arclight_pickaxe":1,"minecraft:air":0,"minecraft:iron_chestplate":1,"minecraft:shield":1,"minecraft:stick":32,"minecraft:iron_ingot":20,"minecraft:iron_pickaxe":1,"minecraft:stone_pickaxe":1,"minecraft:wooden_axe":1,"minecraft:torch":84}},"DataVersion":3465}