{"stats":{"minecraft:dropped":{"minecraft:moss_block":1},"minecraft:mined":{"create:zinc_ore":14,"minecraft:podzol":1,"minecraft:torch":6,"minecraft:granite":23,"epicsamurai:silver_ore":8,"minecraft:grass_block":1,"minecraft:coal_block":8,"minecraft:copper_ore":15,"minecraft:cobblestone":4,"minecraft:spruce_leaves":1,"minecraft:diorite":20,"minecraft:wall_torch":2,"epicsamurai:onyx_ore":9,"minecraft:smooth_stone":2,"minecraft:iron_ore":4,"minecraft:andesite":93,"minecraft:grass":3,"minecraft:oak_log":39,"epicsamurai:deepslate_silver_ore":2,"minecraft:dirt":27,"minecraft:stone":549,"minecraft:iron_block":1,"minecraft:oak_leaves":1,"minecraft:deepslate":8},"minecraft:killed":{"minecraft:zombie":1},"minecraft:crafted":{"minecraft:wooden_sword":1,"minecraft:smooth_stone":2,"minecraft:oak_slab":6,"minecraft:oak_planks":152,"create:andesite_alloy":4,"minecraft:coal":18,"minecraft:iron_nugget":9,"minecraft:crafting_table":1,"minecraft:wooden_pickaxe":2,"minecraft:baked_potato":5,"create:large_water_wheel":2,"minecraft:stone":2,"create:schematic_table":1,"minecraft:stone_axe":1,"minecraft:bread":5,"minecraft:air":0,"create:water_wheel":2,"minecraft:stick":44,"minecraft:iron_ingot":15,"minecraft:iron_pickaxe":1,"minecraft:stone_pickaxe":7,"minecraft:wooden_axe":1,"minecraft:chest":2,"create:shaft":16,"minecraft:torch":32,"create:zinc_ingot":14},"minecraft:broken":{"minecraft:stone_pickaxe":5},"minecraft:killed_by":{"minecraft:player":1},"minecraft:used":{"minecraft:wheat_seeds":1,"minecraft:diorite":15,"create:schematic_table":1,"minecraft:stone_pickaxe":746,"minecraft:baked_potato":8,"minecraft:chest":2,"minecraft:wooden_pickaxe":3,"minecraft:iron_sword":4,"minecraft:rotten_flesh":5,"minecraft:torch":12,"minecraft:crafting_table":1,"croptopia:orange":7,"minecraft:wooden_axe":1,"croptopia:nectarine":10,"minecraft:lantern":2,"minecraft:iron_pickaxe":39,"minecraft:golden_leggings":1,"minecraft:golden_helmet":1,"minecraft:stone_axe":27,"croptopia:peach":9,"minecraft:cobblestone":34,"alexsmobs:animal_dictionary":1,"minecraft:egg":1,"minecraft:potato":33,"minecraft:experience_bottle":1},"minecraft:custom":{"minecraft:interact_with_furnace":19,"minecraft:mob_kills":1,"minecraft:interact_with_crafting_table":20,"minecraft:interact_with_campfire":8,"minecraft:leave_game":3,"minecraft:time_since_death":74072,"minecraft:climb_one_cm":2622,"minecraft:time_since_rest":71673,"minecraft:waystone_activated":1,"minecraft:sprint_one_cm":144466,"minecraft:damage_taken":739,"minecraft:walk_one_cm":341243,"minecraft:drop":1,"minecraft:damage_dealt":245,"minecraft:swim_one_cm":8047,"minecraft:talked_to_villager":1,"minecraft:fly_one_cm":113278,"minecraft:open_chest":10,"minecraft:crouch_one_cm":76,"minecraft:play_time":86225,"tombstone:undead_killed":1,"minecraft:deaths":1,"minecraft:sneak_time":17,"minecraft:walk_under_water_one_cm":3145,"minecraft:jump":1064,"minecraft:walk_on_water_one_cm":4480,"minecraft:total_world_time":86225,"minecraft:fall_one_cm":25152},"minecraft:picked_up":{"minecraft:wheat":15,"minecraft:andesite":91,"croptopia:peach":10,"croptopia:nectarine":10,"minecraft:potato":40,"create:raw_zinc":14,"minecraft:oak_log":38,"minecraft:dirt":29,"minecraft:lantern":2,"minecraft:raw_copper":57,"minecraft:bone":2,"minecraft:experience_bottle":1,"minecraft:apple":7,"minecraft:beetroot":2,"minecraft:wheat_seeds":39,"minecraft:cobbled_deepslate":8,"minecraft:smooth_stone":2,"epicsamurai:raw_silver":10,"minecraft:coal_block":7,"minecraft:moss_block":1,"minecraft:iron_sword":1,"minecraft:egg":1,"epicsamurai:onyx":9,"minecraft:raw_iron":4,"minecraft:torch":9,"minecraft:poisonous_potato":1,"minecraft:gravel":10,"minecraft:diorite":19,"minecraft:carrot":29,"minecraft:arrow":2,"minecraft:rotten_flesh":5,"minecraft:beetroot_seeds":6,"croptopia:orange":8,"minecraft:granite":23,"minecraft:iron_block":1,"minecraft:baked_potato":8,"minecraft:cobblestone":547}},"DataVersion":3465}