{"stats":{"minecraft:custom":{"minecraft:animals_bred":1,"minecraft:interact_with_crafting_table":268,"minecraft:open_barrel":56,"goblintraders:trade_with_goblin":188,"minecraft:leave_game":13,"minecraft:time_since_death":680498,"minecraft:sprint_one_cm":2917376,"minecraft:drop":136,"minecraft:talked_to_villager":61,"minecraft:play_time":1684773,"minecraft:deaths":6,"minecraft:interact_with_brewingstand":1,"minecraft:jump":14877,"minecraft:walk_on_water_one_cm":221384,"minecraft:enchant_item":2,"minecraft:interact_with_furnace":145,"twilightforest:uncrafting_table_interactions":3,"minecraft:traded_with_villager":60,"minecraft:sleep_in_bed":19,"minecraft:waystone_activated":5,"minecraft:damage_dealt":42904,"minecraft:crouch_one_cm":33562,"tombstone:undead_killed":76,"minecraft:interact_with_smithing_table":9,"minecraft:inspect_dispenser":2,"minecraft:interact_with_smoker":23,"minecraft:use_cauldron":12,"minecraft:interact_with_anvil":3,"minecraft:mob_kills":228,"minecraft:inspect_hopper":1,"minecraft:interact_with_campfire":8,"minecraft:climb_one_cm":19025,"minecraft:walk_one_cm":5115339,"minecraft:sneak_time":26672,"minecraft:walk_under_water_one_cm":232570,"minecraft:interact_with_blast_furnace":19,"minecraft:total_world_time":1684773,"tombstone:raider_killed":1,"minecraft:interact_with_stonecutter":1,"minecraft:time_since_rest":11848,"minecraft:damage_taken":18004,"minecraft:minecart_one_cm":57,"minecraft:swim_one_cm":217212,"minecraft:fly_one_cm":4015250,"minecraft:open_chest":519,"minecraft:fall_one_cm":288548},"minecraft:mined":{"croptopia:bellpepper_crop":1,"minecraft:dark_prismarine_stairs":1,"minecraft:oak_sapling":3,"create:deepslate_zinc_ore":141,"minecraft:farmland":8,"create:andesite_casing":59,"minecraft:granite":23,"minecraft:grass_block":885,"epicsamurai:silver_ore":8,"minecraft:cracked_polished_blackstone_bricks":3,"minecraft:coal_block":9,"minecraft:hopper":2,"create:rotation_speed_controller":1,"minecraft:oak_wall_sign":1,"minecraft:spawner":5,"minecraft:smooth_stone":2,"minecraft:polished_blackstone_bricks":2,"minecraft:tall_seagrass":8,"epicsamurai:deepslate_jade_ore":29,"minecraft:magma_block":5,"minecraft:glowstone":2,"minecraft:iron_ore":11,"minecraft:cobbled_deepslate":17,"minecraft:deepslate_lapis_ore":11,"minecraft:water_cauldron":1,"minecraft:iron_bars":15,"minecraft:oak_stairs":1,"epicsamurai:deepslate_silver_ore":21,"minecraft:iron_block":1,"create:veridium":19,"create:mechanical_press":1,"minecraft:deepslate_redstone_ore":121,"create:cogwheel":12,"create:steam_engine":1,"minecraft:blackstone":61,"minecraft:polished_blackstone_wall":2,"minecraft:kelp_plant":18,"minecraft:smoker":1,"minecraft:clay":94,"minecraft:torch":78,"minecraft:blast_furnace":2,"minecraft:calcite":4,"minecraft:poppy":1,"minecraft:chest":7,"create:brass_casing":4,"minecraft:nether_quartz_ore":203,"minecraft:cobblestone":102,"minecraft:oak_planks":13,"minecraft:sugar_cane":3,"minecraft:wall_torch":59,"minecraft:cauldron":2,"minecraft:amethyst_block":1,"minecraft:deepslate_copper_ore":2,"create:large_water_wheel":2,"minecraft:warped_nylium":3,"minecraft:wheat":13,"epicpaladins:deepslate_cryorium_ore":4,"minecraft:cracked_deepslate_tiles":1,"minecraft:grass":102,"minecraft:oak_log":351,"minecraft:sand":10,"minecraft:dirt":684,"minecraft:smooth_basalt":20,"minecraft:raw_copper_block":4,"minecraft:ancient_debris":12,"minecraft:netherrack":732,"minecraft:oak_leaves":20,"epicpaladins:arclight_ore":6,"minecraft:deepslate":1049,"create:zinc_ore":34,"minecraft:nether_gold_ore":54,"create:brass_funnel":2,"minecraft:deepslate_tiles":3,"croptopia:cucumber_crop":2,"minecraft:tuff":84,"epicsamurai:deepslate_onyx_ore":14,"minecraft:deepslate_diamond_ore":52,"minecraft:dark_oak_log":48,"minecraft:nether_bricks":18,"minecraft:lever":22,"minecraft:ladder":2,"epicsamurai:deepslate_ruby_ore":13,"create:large_cogwheel":4,"minecraft:crimson_roots":1,"minecraft:redstone_wire":2,"minecraft:polished_andesite_slab":1,"minecraft:spruce_leaves":1,"minecraft:kelp":10,"epicpaladins:deepslate_arclight_ore":12,"minecraft:hay_block":52,"epicsamurai:onyx_ore":9,"create:shaft":14,"minecraft:furnace":2,"croptopia:corn_crop":2,"croptopia:soybean_crop":1,"minecraft:andesite":789,"minecraft:chiseled_deepslate":1,"biomesoplenty:flesh":1,"minecraft:nether_brick_fence":1,"minecraft:deepslate_iron_ore":47,"create:cart_assembler":1,"minecraft:rail":74,"minecraft:stripped_oak_log":7,"create:deployer":3,"biomesoplenty:barley":1,"twilightforest:dark_log":4,"minecraft:stone":881,"biomesoplenty:spider_egg":1,"minecraft:white_wool":62,"minecraft:podzol":1,"minecraft:oak_slab":1,"minecraft:hanging_roots":1,"epicpaladins:deepslate_bloodstone_ore":51,"croptopia:lettuce_crop":1,"minecraft:dandelion":5,"epicsamurai:deepslate_aquamarine_ore":31,"minecraft:oak_fence":10,"minecraft:crafting_table":6,"minecraft:cobbled_deepslate_wall":4,"create:fluid_pipe":3,"minecraft:warped_roots":1,"minecraft:campfire":9,"minecraft:copper_ore":112,"minecraft:tall_grass":10,"minecraft:deepslate_coal_ore":2,"minecraft:deepslate_gold_ore":73,"minecraft:diorite":21,"create:water_wheel_structure":2,"epicpaladins:bloodstone_ore":15,"graveyard:vase_block":1,"minecraft:polished_blackstone_stairs":1,"minecraft:red_wall_banner":1,"create:mechanical_bearing":1,"minecraft:coal_ore":87,"minecraft:gravel":43,"minecraft:cobweb":6,"upgrade_aquatic:driftwood_log":7,"minecraft:polished_andesite":1,"minecraft:polished_blackstone":1,"minecraft:fern":1,"minecraft:dark_oak_planks":1},"minecraft:killed":{"twilightforest:boar":1,"minecraft:cave_spider":2,"minecraft:spider":14,"minecraft:skeleton":15,"graveyard:acolyte":12,"artifacts:mimic":1,"epicsamurai:enenra":1,"minecraft:magma_cube":1,"twilightforest:slime_beetle":2,"epicsamurai:kitsune":1,"minecraft:creeper":4,"alexsmobs:crimson_mosquito":3,"twilightforest:redcap":9,"minecraft:zombie":55,"minecraft:ghast":2,"minecraft:cow":2,"twilightforest:winter_wolf":19,"twilightforest:deer":1,"endermanoverhaul:crimson_forest_enderman":1,"epicsamurai:oni":1,"twilightforest:swarm_spider":20,"minecraft:drowned":2,"graveyard:ghoul":1,"epicsamurai:akaname":6,"twilightforest:kobold":23,"minecraft:hoglin":2,"sons_of_sins:betrayed_guzzler":5,"minecraft:wither_skeleton":3,"twilightforest:yeti":5,"twilightforest:bighorn_sheep":4},"minecraft:used":{"epicpaladins:bloodstone_pickaxe":3694,"create:deployer":20,"minecraft:chiseled_deepslate":1,"minecraft:ladder":2,"create:portable_storage_interface":5,"minecraft:chest":32,"minecraft:stone":4,"minecraft:iron_sword":252,"create:mechanical_bearing":5,"minecraft:rotten_flesh":33,"create:fluid_tank":5,"create:minecart_contraption":21,"minecraft:iron_chestplate":2,"create:white_sail":22,"create:cogwheel":155,"minecraft:nether_bricks":15,"epicpaladins:bloodstone_axe":437,"create:mechanical_crafter":24,"minecraft:carrot":43,"create:depot":5,"minecraft:tuff":10,"create:speedometer":2,"minecraft:glass":1,"minecraft:lava_bucket":24,"minecraft:lantern":3,"minecraft:iron_helmet":2,"epicpaladins:bloodstone_shovel":1387,"croptopia:peach":16,"minecraft:bow":27,"create:rotation_speed_controller":9,"create:shaft":180,"minecraft:oak_sapling":81,"minecraft:written_book":1,"create:mechanical_drill":24,"create:steam_engine":6,"minecraft:furnace":2,"minecraft:egg":1,"minecraft:potato":38,"minecraft:diorite":15,"create:crushing_wheel":5,"minecraft:stone_pickaxe":1245,"minecraft:oak_planks":17,"minecraft:blackstone":36,"twilightforest:uncrafting_table":1,"minecraft:wooden_pickaxe":3,"minecraft:oak_leaves":3,"minecraft:white_wool":9,"minecraft:golden_apple":1,"minecraft:blast_furnace":1,"minecraft:shears":66,"croptopia:orange":19,"minecraft:deepslate_tiles":2,"croptopia:nectarine":10,"minecraft:lever":23,"create:copper_backtank":12,"minecraft:dark_oak_log":13,"minecraft:melon_slice":12,"minecraft:bread":1,"create:andesite_casing":2,"minecraft:gravel":22,"minecraft:golden_helmet":3,"croptopia:toast":195,"sons_of_sins:flesh_of_demise":1,"create:basin":3,"create:stressometer":6,"twilightforest:arctic_helmet":1,"minecraft:andesite":13,"minecraft:oak_fence":1,"croptopia:corn":1,"create:large_cogwheel":85,"create:vertical_gearbox":25,"minecraft:bone_meal":96,"minecraft:experience_bottle":5,"minecraft:flint_and_steel":2,"create:schematic_table":1,"minecraft:stone_hoe":35,"minecraft:torch":267,"minecraft:netherrack":311,"minecraft:dirt":849,"create:mechanical_pump":6,"create:mechanical_mixer":1,"minecraft:hopper":3,"create:mechanical_plough":2,"minecraft:iron_hoe":163,"minecraft:dark_oak_planks":1,"minecraft:wooden_axe":1,"create:wrench":805,"create:gearbox":32,"minecraft:iron_axe":231,"twilightforest:arctic_chestplate":1,"minecraft:iron_boots":1,"create:cart_assembler":23,"create:encased_chain_drive":6,"create:radial_chassis":3,"tombstone:gift":5,"create:fluid_pipe":14,"minecraft:minecart":5,"minecraft:cobbled_deepslate":149,"minecraft:pointed_dripstone":3,"create:belt_connector":31,"minecraft:iron_leggings":1,"minecraft:cobbled_deepslate_wall":4,"minecraft:wheat_seeds":111,"minecraft:water_bucket":79,"minecraft:polished_andesite":3,"minecraft:baked_potato":55,"create:brass_tunnel":7,"croptopia:corn_seed":2,"minecraft:cauldron":4,"minecraft:stonecutter":1,"graveyard:ossuary":1,"create:blaze_burner":10,"create:encased_fan":3,"minecraft:rail":45,"minecraft:tnt":2,"create:brass_funnel":13,"minecraft:crafting_table":9,"create:mechanical_harvester":4,"minecraft:campfire":18,"create:filter":6,"minecraft:smoker":1,"create:linear_chassis":51,"tombstone:bag_of_seeds":1,"minecraft:oak_log":95,"twilightforest:arctic_leggings":1,"minecraft:cornflower":1,"minecraft:apple":15,"create:mechanical_press":5,"create:windmill_bearing":1,"minecraft:iron_pickaxe":336,"create:water_wheel":2,"create:large_water_wheel":24,"minecraft:golden_leggings":1,"minecraft:stone_axe":145,"twilightforest:arctic_boots":1,"epicsamurai:katana":451,"minecraft:cobblestone":248,"epicsamurai:iron_samurai_boots":1,"minecraft:cooked_porkchop":1,"minecraft:bucket":110,"minecraft:kelp":36,"create:hand_crank":17,"alexsmobs:animal_dictionary":1,"minecraft:stripped_oak_log":7,"minecraft:dandelion":2},"minecraft:crafted":{"minecraft:brick":10,"minecraft:smooth_stone":2,"minecraft:oak_planks":618,"create:copper_diving_boots":1,"epicsamurai:silver_ingot":9,"minecraft:barrel":9,"epicsamurai:diamond_samurai_boots":1,"sophisticatedbackpacks:anvil_upgrade":1,"epicpaladins:bloodstone_axe":2,"croptopia:toast":197,"minecraft:stone":290,"epicsamurai:netherite_samurai_chestplate":1,"create:mechanical_harvester":4,"minecraft:lever":1,"twilightforest:arctic_leggings":1,"create:mechanical_bearing":1,"create:deployer":3,"minecraft:cooked_mutton":8,"create:radial_chassis":3,"create:rotation_speed_controller":4,"minecraft:glass":6,"minecraft:hopper":1,"epicsamurai:iron_samurai_helmet":1,"minecraft:iron_boots":1,"create:cart_assembler":1,"create:mechanical_press":2,"twilightforest:arctic_helmet":1,"minecraft:chest":27,"minecraft:copper_block":2,"minecraft:netherite_upgrade_smithing_template":16,"minecraft:rail":160,"create:brass_funnel":4,"minecraft:stone_hoe":1,"create:cogwheel":125,"create:brass_hand":3,"epicsamurai:netherite_samurai_helmet":1,"create:mechanical_plough":1,"epicpaladins:steel_ingot":20,"create:depot":2,"minecraft:oak_slab":30,"create:rose_quartz":11,"minecraft:emerald":66,"minecraft:cauldron":1,"minecraft:crafting_table":11,"create:fluid_pipe":4,"minecraft:iron_helmet":1,"minecraft:wooden_pickaxe":2,"minecraft:baked_potato":41,"minecraft:copper_ingot":318,"create:sand_paper":2,"minecraft:campfire":18,"create:encased_chain_drive":6,"sophisticatedbackpacks:upgrade_base":1,"create:mechanical_mixer":1,"create:stressometer":7,"create:gearbox":17,"create:encased_fan":3,"minecraft:iron_chestplate":1,"minecraft:paper":6,"create:water_wheel":7,"create:portable_storage_interface":2,"create:super_glue":1,"sophisticatedbackpacks:diamond_backpack":1,"minecraft:stick":126,"create:mechanical_pump":1,"minecraft:iron_ingot":176,"twilightforest:arctic_chestplate":1,"minecraft:compass":6,"minecraft:iron_pickaxe":1,"minecraft:iron_block":8,"minecraft:gold_ingot":265,"twilightforest:arctic_boots":1,"create:large_cogwheel":40,"create:propeller":3,"minecraft:netherite_ingot":4,"minecraft:shears":1,"epicsamurai:oni_mask":1,"minecraft:polished_andesite":4,"minecraft:golden_carrot":64,"create:chute":4,"minecraft:wooden_sword":1,"epicsamurai:katana":1,"epicpaladins:bloodstone_shovel":1,"minecraft:redstone":81,"minecraft:coal":36,"create:wrench":1,"create:steam_engine":1,"minecraft:iron_nugget":563,"create:white_sail":16,"minecraft:pointed_dripstone":10,"epicsamurai:iron_samurai_chestplate":1,"minecraft:furnace":1,"graveyard:dark_iron_ingot":3,"minecraft:bone_meal":201,"create:schematic_table":1,"create:copper_backtank":1,"epicsamurai:iron_samurai_leggings":1,"minecraft:flint_and_steel":1,"minecraft:iron_axe":1,"minecraft:iron_hoe":1,"minecraft:slime_ball":9,"minecraft:stone_pickaxe":10,"create:fluid_tank":9,"epicsamurai:diamond_samurai_chestplate":1,"create:basin":2,"create:electron_tube":11,"minecraft:netherite_scrap":20,"minecraft:dark_oak_planks":128,"create:belt_connector":9,"create:filter":2,"create:windmill_bearing":1,"minecraft:wheat":9,"minecraft:minecart":1,"epicsamurai:netherite_samurai_boots":1,"sophisticatedbackpacks:iron_backpack":1,"epicsamurai:katana_handle":1,"create:andesite_alloy":349,"create:hand_crank":2,"epicsamurai:diamond_samurai_helmet":1,"create:brass_tunnel":4,"minecraft:dried_kelp":67,"epicsamurai:diamond_samurai_leggings":1,"create:goggles":2,"create:large_water_wheel":6,"graveyard:ossuary":1,"sophisticatedbackpacks:gold_backpack":1,"minecraft:bucket":2,"minecraft:stone_axe":1,"minecraft:enchanted_book":2,"minecraft:bread":195,"minecraft:air":0,"epicsamurai:mask_netherite_samurai_helmet":1,"create:speedometer":8,"create:whisk":1,"minecraft:golden_apple":1,"minecraft:gold_nugget":382,"epicpaladins:bloodstone_pickaxe":2,"minecraft:flint":44,"create:linear_chassis":36,"create:mechanical_crafter":21,"minecraft:wooden_axe":1,"minecraft:iron_leggings":1,"minecraft:stonecutter":1,"minecraft:anvil":2,"create:mechanical_drill":23,"create:shaft":248,"create:copper_diving_helmet":1,"minecraft:torch":140,"create:zinc_ingot":71,"epicsamurai:iron_samurai_boots":1},"minecraft:killed_by":{"minecraft:player":1},"minecraft:dropped":{"minecraft:iron_sword":1,"minecraft:moss_block":1,"create:cogwheel":1,"minecraft:flint":128,"minecraft:cornflower":1,"create:iron_sheet":38,"create:goggles":3,"minecraft:gold_ingot":14,"croptopia:toast":1,"minecraft:iron_nugget":133,"minecraft:chest":1,"create:brass_ingot":8,"minecraft:netherrack":65,"minecraft:enchanted_book":1,"minecraft:iron_ingot":2,"minecraft:wheat_seeds":3,"minecraft:cobblestone":121,"epicpaladins:bloodstone_pickaxe":1,"minecraft:apple":7,"minecraft:copper_ingot":91,"create:andesite_casing":1,"croptopia:corn_seed":2,"create:zinc_ingot":87,"minecraft:oak_sapling":11,"minecraft:spider_eye":6,"create:golden_sheet":6},"minecraft:picked_up":{"minecraft:chiseled_deepslate":1,"minecraft:wheat":232,"minecraft:redstone_block":13,"minecraft:nether_brick_fence":1,"croptopia:grape_seed":2,"croptopia:kale":1,"croptopia:broccoli":1,"minecraft:enchanted_book":2,"croptopia:calamari":1,"minecraft:amethyst_block":1,"croptopia:cantaloupe":1,"minecraft:string":67,"minecraft:raw_copper":430,"epicpaladins:bloodstone_gem":88,"minecraft:experience_bottle":1,"minecraft:smooth_stone":2,"minecraft:deepslate_tiles":2,"minecraft:oak_sign":1,"minecraft:beetroot":2,"minecraft:gold_nugget":537,"alexsmobs:blood_sac":3,"create:cart_assembler":1,"create:mechanical_press":1,"minecraft:cobbled_deepslate":1121,"minecraft:written_book":15,"minecraft:calcite":4,"minecraft:iron_pickaxe":3,"minecraft:coal_block":8,"minecraft:iron_boots":2,"minecraft:furnace":2,"minecraft:stick":63,"minecraft:polished_blackstone_stairs":1,"croptopia:cucumber":2,"epicpaladins:arclight_gem":32,"minecraft:oak_fence":10,"minecraft:torch":163,"create:andesite_casing":60,"minecraft:porkchop":6,"croptopia:almond":4,"croptopia:ginger_seed":1,"tombstone:grave_dust":7,"minecraft:diorite":20,"minecraft:cauldron":3,"create:large_cogwheel":4,"epicpaladins:cryorium_gem":4,"minecraft:rotten_flesh":64,"minecraft:iron_block":1,"create:veridium":20,"croptopia:pecan":1,"minecraft:iron_bars":15,"minecraft:cobblestone":1544,"croptopia:asparagus_seed":2,"minecraft:andesite":779,"croptopia:broccoli_seed":2,"croptopia:nectarine":10,"minecraft:brown_wool":2,"minecraft:smoker":1,"minecraft:potato":75,"paraglider:spirit_orb":12,"minecraft:flint":192,"minecraft:tuff":93,"create:raw_zinc":287,"minecraft:lapis_lazuli":161,"minecraft:dirt":1579,"minecraft:lantern":9,"minecraft:bone":18,"croptopia:corn":1,"minecraft:bow":2,"minecraft:wheat_seeds":522,"minecraft:cobbled_deepslate_wall":4,"minecraft:raw_gold":113,"croptopia:bellpepper":1,"create:goggles":2,"create:shaft":17,"minecraft:moss_block":1,"croptopia:kale_seed":2,"epicsamurai:raw_silver":43,"minecraft:oak_planks":29,"create:cogwheel":14,"create:empty_blaze_burner":9,"minecraft:poisonous_potato":1,"minecraft:sand":10,"minecraft:ink_sac":1,"minecraft:dark_oak_log":46,"sons_of_sins:flesh_of_demise":6,"minecraft:polished_andesite":1,"artifacts:golden_hook":1,"minecraft:diamond":102,"minecraft:lever":22,"croptopia:radish_seed":3,"minecraft:cracked_polished_blackstone_bricks":7,"minecraft:granite":23,"minecraft:emerald":3,"twilightforest:arctic_fur":26,"epicsamurai:ruby":24,"minecraft:oak_sapling":98,"minecraft:netherrack":810,"minecraft:oak_leaves":4,"croptopia:toast":1,"minecraft:charcoal":18,"minecraft:crafting_table":6,"croptopia:peach":17,"minecraft:ladder":2,"minecraft:clay_ball":332,"minecraft:brown_mushroom":1,"biomesoplenty:flesh":1,"create:rotation_speed_controller":1,"minecraft:cornflower":2,"create:fluid_pipe":3,"minecraft:polished_blackstone_wall":2,"epicsamurai:jade":54,"croptopia:bellpepper_seed":2,"croptopia:soybean":1,"minecraft:blackstone":52,"graveyard:corruption":19,"create:brass_funnel":2,"minecraft:dark_prismarine_stairs":1,"minecraft:beef":2,"epicsamurai:akaname_tongue":4,"minecraft:iron_nugget":128,"minecraft:poppy":1,"minecraft:minecart":4,"minecraft:sugar_cane":6,"minecraft:chest":8,"sons_of_sins:sickle_of_struggle":1,"minecraft:egg":1,"minecraft:raw_copper_block":4,"minecraft:dark_oak_sapling":1,"minecraft:raw_iron":70,"croptopia:corn_seed":4,"croptopia:soybean_seed":1,"create:golden_sheet":3,"minecraft:copper_ingot":2,"minecraft:polished_blackstone_bricks":9,"minecraft:stone_button":1,"create:hand_crank":4,"minecraft:carrot":30,"minecraft:redstone":666,"create:brass_casing":4,"create:steam_engine":1,"create:zinc_ingot":2,"create:vertical_gearbox":1,"minecraft:dark_oak_planks":1,"create:deployer":3,"twilightforest:magic_beans":1,"croptopia:cantaloupe_seed":1,"minecraft:arrow":20,"minecraft:beetroot_seeds":6,"minecraft:nether_bricks":18,"upgrade_aquatic:driftwood_log":7,"minecraft:hay_block":52,"minecraft:gold_ingot":18,"tombstone:essence_of_undeath":2,"sophisticatedbackpacks:copper_backpack":1,"minecraft:polished_blackstone":1,"minecraft:mutton":8,"minecraft:white_wool":55,"minecraft:rail":76,"epicsamurai:kitsune_tail":2,"minecraft:stripped_oak_log":7,"create:iron_sheet":3,"minecraft:glow_ink_sac":2,"minecraft:leather":4,"minecraft:red_mushroom":1,"minecraft:oak_log":346,"create:andesite_alloy":49,"minecraft:ancient_debris":13,"minecraft:gunpowder":5,"epicsamurai:oni_horn":2,"twilightforest:raw_venison":2,"create:crushing_wheel":4,"minecraft:apple":56,"minecraft:kelp":103,"minecraft:iron_ingot":68,"tombstone:bag_of_seeds":1,"minecraft:glass_bottle":3,"epicsamurai:aquamarine":50,"minecraft:polished_andesite_slab":1,"minecraft:iron_sword":2,"epicsamurai:onyx":25,"minecraft:oak_slab":1,"create:mechanical_bearing":1,"minecraft:smooth_basalt":21,"create:large_water_wheel":5,"minecraft:quartz":403,"minecraft:dandelion":7,"croptopia:cucumber_seed":4,"minecraft:gravel":370,"minecraft:red_banner":1,"minecraft:blast_furnace":2,"create:brass_tunnel":3,"minecraft:spider_eye":29,"create:gearbox":1,"croptopia:orange":20,"minecraft:warped_roots":1,"minecraft:baked_potato":8,"tombstone:magic_scroll":1,"minecraft:coal":145,"minecraft:hopper":2},"minecraft:broken":{"minecraft:golden_helmet":1,"twilightforest:arctic_boots":1,"minecraft:golden_leggings":1,"minecraft:stone_pickaxe":9,"minecraft:stone_axe":1,"twilightforest:arctic_helmet":1,"minecraft:iron_sword":1,"minecraft:iron_pickaxe":3,"create:sand_paper":1}},"DataVersion":3465}