{"stats":{"minecraft:killed":{"minecraft:cave_spider":1,"minecraft:spider":6,"minecraft:skeleton":18,"artifacts:mimic":1,"minecraft:pig":3,"graveyard:ghoul":7,"minecraft:creeper":1,"minecraft:sheep":4,"minecraft:zombie":20,"alexsmobs:cockroach":1,"minecraft:enderman":2},"minecraft:mined":{"create:zinc_ore":1,"create:deepslate_zinc_ore":13,"minecraft:tuff":67,"minecraft:spruce_planks":4,"minecraft:deepslate_diamond_ore":23,"minecraft:granite":53,"minecraft:cobbled_deepslate_slab":2,"minecraft:purple_terracotta":1,"minecraft:grass_block":62,"minecraft:red_mushroom":7,"minecraft:spawner":6,"minecraft:hay_block":42,"minecraft:redstone_ore":20,"minecraft:glowstone":6,"minecraft:iron_ore":129,"minecraft:fire":7,"minecraft:cobbled_deepslate":4,"minecraft:andesite":62,"minecraft:pumpkin":1,"minecraft:deepslate_lapis_ore":13,"minecraft:polished_deepslate_slab":2,"minecraft:deepslate_iron_ore":10,"minecraft:lantern":4,"create:veridium":26,"minecraft:stone":499,"minecraft:deepslate_redstone_ore":50,"minecraft:brown_mushroom":4,"epicpaladins:deepslate_bloodstone_ore":7,"minecraft:polished_granite":5,"minecraft:crafting_table":3,"minecraft:torch":25,"minecraft:blast_furnace":2,"minecraft:rose_bush":1,"minecraft:copper_ore":11,"minecraft:cobblestone":21,"mininggadgets:minerslight":1,"minecraft:lapis_ore":16,"minecraft:oak_planks":3,"minecraft:diorite":88,"minecraft:wall_torch":10,"minecraft:deepslate_copper_ore":10,"minecraft:coarse_dirt":4,"minecraft:magenta_terracotta":3,"minecraft:wheat":9,"minecraft:grass":146,"minecraft:oak_log":40,"minecraft:coal_ore":86,"minecraft:gravel":4,"minecraft:sand":21,"minecraft:dirt":69,"minecraft:cobweb":14,"minecraft:smooth_basalt":6,"minecraft:cracked_stone_bricks":14,"minecraft:stone_bricks":23,"minecraft:deepslate":394,"minecraft:redstone_lamp":2},"minecraft:custom":{"minecraft:mob_kills":65,"minecraft:interact_with_anvil":1,"minecraft:interact_with_crafting_table":64,"minecraft:open_barrel":68,"minecraft:eat_cake_slice":3,"minecraft:leave_game":11,"minecraft:time_since_death":49798,"minecraft:climb_one_cm":3151,"minecraft:sprint_one_cm":632555,"minecraft:walk_one_cm":486352,"minecraft:drop":19,"minecraft:talked_to_villager":13,"minecraft:play_time":203187,"minecraft:deaths":3,"minecraft:sneak_time":1549,"minecraft:walk_under_water_one_cm":44808,"minecraft:jump":2406,"minecraft:interact_with_blast_furnace":35,"minecraft:walk_on_water_one_cm":51454,"minecraft:total_world_time":203187,"minecraft:interact_with_furnace":38,"minecraft:traded_with_villager":8,"minecraft:sleep_in_bed":3,"minecraft:time_since_rest":49751,"minecraft:damage_taken":6090,"minecraft:damage_dealt":14165,"minecraft:swim_one_cm":98072,"minecraft:fly_one_cm":330792,"minecraft:open_chest":39,"minecraft:crouch_one_cm":4194,"tombstone:undead_killed":45,"minecraft:interact_with_smoker":10,"minecraft:fall_one_cm":72559},"minecraft:used":{"epicpaladins:bloodstone_pickaxe":971,"minecraft:oak_fence":1,"minecraft:iron_shovel":16,"minecraft:stone_shovel":115,"minecraft:chest":2,"minecraft:iron_sword":247,"minecraft:wooden_shovel":6,"minecraft:iron_chestplate":1,"minecraft:torch":68,"minecraft:dirt":25,"minecraft:carrot":6,"minecraft:granite":2,"minecraft:iron_hoe":85,"minecraft:wooden_axe":15,"minecraft:iron_axe":19,"minecraft:iron_helmet":1,"minecraft:iron_boots":1,"croptopia:peach":9,"minecraft:furnace":1,"tombstone:gift":5,"minecraft:potato":4,"mininggadgets:modificationtable":1,"minecraft:cobbled_deepslate":28,"minecraft:wheat_seeds":39,"minecraft:cooked_mutton":5,"minecraft:water_bucket":21,"minecraft:oak_planks":4,"minecraft:stone_pickaxe":131,"minecraft:baked_potato":54,"minecraft:wooden_pickaxe":14,"minecraft:brown_mushroom":1,"minecraft:crafting_table":5,"minecraft:red_mushroom":2,"minecraft:blast_furnace":2,"minecraft:white_bed":1,"croptopia:orange":40,"tombstone:bag_of_seeds":2,"minecraft:apple":2,"minecraft:iron_pickaxe":81,"minecraft:stone_axe":78,"croptopia:toast":9,"charginggadgets:charging_station":1,"minecraft:cobblestone":41,"minecraft:cooked_porkchop":2,"minecraft:bucket":22,"alexsmobs:animal_dictionary":1,"minecraft:coarse_dirt":3,"minecraft:bone_meal":21},"minecraft:crafted":{"minecraft:oak_planks":64,"minecraft:stone_shovel":1,"mininggadgets:upgrade_range_3":1,"mininggadgets:upgrade_range_1":1,"mininggadgets:upgrade_range_2":1,"minecraft:furnace":1,"croptopia:toast":32,"minecraft:bone_meal":147,"mininggadgets:mininggadget":1,"minecraft:cooked_mutton":5,"minecraft:diamond_block":1,"minecraft:glass_pane":16,"charginggadgets:charging_station":1,"mininggadgets:upgrade_efficiency_5":1,"minecraft:glass":12,"minecraft:iron_boots":1,"minecraft:iron_axe":1,"minecraft:iron_hoe":1,"mininggadgets:upgrade_fortune_3":1,"minecraft:stone_pickaxe":1,"minecraft:chest":2,"mininggadgets:upgrade_efficiency_2":1,"minecraft:redstone_block":20,"minecraft:coal_block":11,"minecraft:wooden_shovel":1,"minecraft:emerald":8,"minecraft:cooked_porkchop":9,"minecraft:crafting_table":4,"mininggadgets:upgrade_efficiency_1":1,"minecraft:baked_potato":8,"minecraft:wooden_pickaxe":1,"minecraft:iron_helmet":1,"minecraft:iron_sword":1,"minecraft:copper_ingot":35,"minecraft:gold_block":2,"mininggadgets:upgrade_magnet":1,"minecraft:bucket":1,"minecraft:glowstone":4,"minecraft:stone_axe":1,"minecraft:bread":15,"minecraft:air":0,"minecraft:emerald_block":1,"minecraft:iron_chestplate":1,"mininggadgets:upgrade_empty":7,"minecraft:charcoal":18,"mininggadgets:upgrade_efficiency_3":1,"mininggadgets:upgrade_efficiency_4":1,"mininggadgets:modificationtable":1,"epicpaladins:bloodstone_pickaxe":1,"minecraft:stick":16,"mininggadgets:upgrade_fortune_2":1,"mininggadgets:upgrade_light_placer":1,"minecraft:iron_ingot":68,"minecraft:iron_pickaxe":1,"mininggadgets:upgrade_fortune_1":1,"minecraft:wooden_axe":1,"minecraft:iron_block":2,"minecraft:iron_leggings":1,"minecraft:gold_ingot":29,"minecraft:white_bed":1,"minecraft:torch":20,"minecraft:lapis_block":22},"minecraft:broken":{"minecraft:stone_pickaxe":1,"minecraft:iron_sword":1},"minecraft:dropped":{"minecraft:iron_sword":4,"minecraft:ender_pearl":1,"epicpaladins:bloodstone_pickaxe":1,"mininggadgets:upgrade_empty":1,"croptopia:cantaloupe_seed":3,"croptopia:strawberry_seed":1,"croptopia:radish_seed":3,"minecraft:glass_pane":3,"mininggadgets:mininggadget":2},"minecraft:picked_up":{"minecraft:coarse_dirt":3,"minecraft:crafting_table":3,"minecraft:wheat":9,"croptopia:peach":9,"minecraft:redstone_lamp":2,"croptopia:sweetpotato_seed":2,"minecraft:brown_mushroom":13,"epicpaladins:bloodstone_pickaxe":1,"minecraft:enchanted_book":1,"minecraft:string":20,"minecraft:raw_copper":35,"epicpaladins:bloodstone_gem":7,"graveyard:corruption":1,"minecraft:cracked_stone_bricks":14,"minecraft:cobbled_deepslate":344,"minecraft:spruce_planks":6,"minecraft:rose_bush":1,"mininggadgets:mininggadget":2,"minecraft:raw_iron":76,"minecraft:stick":14,"minecraft:polished_deepslate_slab":2,"minecraft:copper_ingot":43,"minecraft:oak_fence":1,"minecraft:torch":47,"minecraft:porkchop":9,"tombstone:grave_dust":3,"minecraft:diorite":49,"minecraft:carrot":6,"minecraft:redstone":304,"create:zinc_ingot":13,"croptopia:cantaloupe_seed":3,"minecraft:arrow":23,"minecraft:rotten_flesh":18,"croptopia:strawberry_seed":1,"minecraft:hay_block":42,"create:veridium":23,"minecraft:mutton":5,"minecraft:white_wool":4,"minecraft:rail":2,"minecraft:cobblestone":336,"minecraft:glow_ink_sac":6,"minecraft:andesite":23,"croptopia:glowing_calamari":2,"minecraft:red_mushroom":27,"paraglider:spirit_orb":18,"minecraft:tuff":49,"minecraft:oak_log":40,"minecraft:gunpowder":2,"artifacts:pickaxe_heater":1,"minecraft:lapis_lazuli":185,"minecraft:dirt":100,"minecraft:lantern":4,"tombstone:gift":1,"minecraft:bone":31,"minecraft:apple":2,"minecraft:stone_bricks":23,"minecraft:bow":2,"minecraft:wheat_seeds":39,"minecraft:iron_ingot":68,"tombstone:bag_of_seeds":1,"minecraft:mossy_stone_bricks":1,"minecraft:glowstone_dust":18,"minecraft:oak_planks":3,"minecraft:iron_sword":4,"minecraft:smooth_basalt":6,"minecraft:pumpkin":1,"minecraft:dandelion":1,"minecraft:gravel":5,"minecraft:sand":20,"minecraft:blast_furnace":2,"croptopia:tea_seed":3,"minecraft:grass_block":1,"minecraft:spider_eye":1,"mininggadgets:upgrade_empty":1,"minecraft:bundle":1,"minecraft:diamond":23,"croptopia:radish_seed":3,"croptopia:orange":40,"minecraft:granite":20,"tombstone:magic_scroll":1,"minecraft:oak_sapling":6,"minecraft:coal":95,"minecraft:ender_pearl":2}},"DataVersion":3465}