{"stats":{"minecraft:picked_up":{"croptopia:toast":1,"minecraft:charcoal":18,"minecraft:wheat":80,"minecraft:ladder":2,"croptopia:kale":1,"croptopia:peach":17,"croptopia:broccoli":1,"croptopia:calamari":1,"minecraft:cornflower":2,"minecraft:string":9,"create:fluid_pipe":3,"minecraft:raw_copper":199,"graveyard:corruption":18,"epicpaladins:bloodstone_gem":29,"epicsamurai:jade":4,"minecraft:experience_bottle":1,"minecraft:beetroot":2,"minecraft:cobbled_deepslate":182,"create:mechanical_press":1,"minecraft:smooth_stone":2,"minecraft:coal_block":7,"minecraft:egg":1,"minecraft:dark_oak_sapling":1,"minecraft:stick":14,"minecraft:raw_iron":8,"croptopia:cucumber":1,"create:golden_sheet":2,"minecraft:oak_fence":9,"minecraft:torch":56,"create:andesite_casing":6,"minecraft:polished_blackstone_bricks":9,"croptopia:almond":4,"minecraft:stone_button":1,"create:hand_crank":4,"tombstone:grave_dust":4,"minecraft:diorite":19,"minecraft:carrot":30,"minecraft:redstone":1,"minecraft:cauldron":2,"create:steam_engine":1,"create:large_cogwheel":2,"minecraft:rotten_flesh":14,"minecraft:arrow":4,"epicpaladins:cryorium_gem":4,"minecraft:beetroot_seeds":6,"upgrade_aquatic:driftwood_log":7,"minecraft:iron_block":1,"sophisticatedbackpacks:copper_backpack":1,"minecraft:gold_ingot":7,"minecraft:polished_blackstone":1,"croptopia:pecan":1,"minecraft:iron_bars":15,"minecraft:cobblestone":594,"minecraft:stripped_oak_log":1,"create:iron_sheet":3,"croptopia:broccoli_seed":2,"croptopia:nectarine":10,"minecraft:andesite":137,"minecraft:red_mushroom":1,"minecraft:potato":71,"paraglider:spirit_orb":2,"minecraft:flint":2,"minecraft:tuff":8,"create:raw_zinc":22,"minecraft:oak_log":134,"minecraft:gunpowder":1,"minecraft:dirt":353,"minecraft:lantern":3,"minecraft:bone":3,"minecraft:apple":43,"minecraft:kelp":23,"minecraft:cobbled_deepslate_wall":4,"minecraft:wheat_seeds":211,"minecraft:raw_gold":18,"minecraft:iron_ingot":67,"create:goggles":1,"create:shaft":11,"minecraft:oak_planks":8,"minecraft:moss_block":1,"epicsamurai:aquamarine":6,"croptopia:kale_seed":2,"minecraft:iron_sword":2,"epicsamurai:raw_silver":10,"epicsamurai:onyx":9,"minecraft:oak_slab":1,"create:large_water_wheel":4,"create:cogwheel":5,"create:empty_blaze_burner":9,"minecraft:dandelion":5,"croptopia:cucumber_seed":3,"minecraft:poisonous_potato":1,"minecraft:gravel":42,"minecraft:sand":10,"minecraft:blast_furnace":2,"minecraft:ink_sac":1,"minecraft:dark_oak_log":45,"minecraft:cracked_polished_blackstone_bricks":7,"croptopia:orange":20,"minecraft:granite":23,"minecraft:baked_potato":8,"minecraft:oak_sapling":19,"minecraft:netherrack":2,"minecraft:coal":65},"minecraft:used":{"create:schematic_table":1,"minecraft:ladder":2,"minecraft:chest":2,"minecraft:iron_sword":194,"minecraft:rotten_flesh":7,"minecraft:netherrack":1,"minecraft:torch":103,"create:fluid_tank":5,"create:mechanical_pump":6,"minecraft:dirt":293,"create:cogwheel":14,"minecraft:carrot":42,"create:depot":3,"minecraft:wooden_axe":1,"create:wrench":146,"create:gearbox":3,"minecraft:lantern":3,"minecraft:iron_axe":103,"epicpaladins:bloodstone_shovel":277,"croptopia:peach":9,"create:shaft":46,"create:steam_engine":6,"minecraft:oak_sapling":19,"tombstone:gift":3,"create:fluid_pipe":14,"minecraft:egg":1,"minecraft:potato":33,"minecraft:cobbled_deepslate":14,"minecraft:cobbled_deepslate_wall":4,"minecraft:wheat_seeds":1,"minecraft:water_bucket":32,"minecraft:diorite":15,"minecraft:stone_pickaxe":1143,"minecraft:baked_potato":49,"minecraft:oak_planks":11,"minecraft:wooden_pickaxe":3,"create:blaze_burner":9,"minecraft:crafting_table":1,"minecraft:campfire":18,"croptopia:orange":7,"minecraft:oak_log":15,"croptopia:nectarine":10,"minecraft:cornflower":1,"minecraft:apple":13,"create:mechanical_press":3,"minecraft:dark_oak_log":2,"minecraft:bread":1,"minecraft:iron_pickaxe":136,"create:andesite_casing":1,"create:large_water_wheel":6,"minecraft:golden_leggings":1,"minecraft:golden_helmet":3,"minecraft:stone_axe":145,"croptopia:toast":22,"minecraft:cobblestone":92,"minecraft:cooked_porkchop":1,"minecraft:andesite":10,"minecraft:bucket":33,"alexsmobs:animal_dictionary":1,"create:vertical_gearbox":3,"create:hand_crank":10,"minecraft:stripped_oak_log":1,"minecraft:dandelion":2,"create:large_cogwheel":15,"minecraft:experience_bottle":1,"epicpaladins:bloodstone_pickaxe":40},"minecraft:dropped":{"minecraft:iron_sword":1,"minecraft:moss_block":1,"minecraft:wheat_seeds":2,"minecraft:apple":7,"minecraft:copper_ingot":1,"create:andesite_casing":1,"minecraft:cornflower":1,"create:iron_sheet":38,"create:goggles":2,"minecraft:gold_ingot":6,"croptopia:toast":1},"minecraft:mined":{"create:zinc_ore":23,"croptopia:cucumber_crop":1,"minecraft:tuff":8,"minecraft:oak_sapling":1,"create:andesite_casing":5,"minecraft:dark_oak_log":47,"minecraft:ladder":2,"minecraft:granite":23,"epicsamurai:silver_ore":8,"minecraft:grass_block":167,"create:large_cogwheel":2,"minecraft:cracked_polished_blackstone_bricks":3,"minecraft:redstone_wire":2,"minecraft:coal_block":8,"minecraft:spruce_leaves":1,"minecraft:spawner":1,"minecraft:polished_blackstone_bricks":2,"minecraft:smooth_stone":2,"epicsamurai:onyx_ore":9,"epicsamurai:deepslate_jade_ore":4,"create:shaft":11,"minecraft:iron_ore":6,"minecraft:cobbled_deepslate":9,"minecraft:andesite":139,"minecraft:water_cauldron":1,"minecraft:deepslate_iron_ore":2,"minecraft:iron_bars":15,"epicsamurai:deepslate_silver_ore":2,"minecraft:stripped_oak_log":1,"biomesoplenty:barley":1,"minecraft:stone":596,"minecraft:iron_block":1,"create:mechanical_press":1,"minecraft:podzol":1,"minecraft:oak_slab":1,"create:cogwheel":5,"create:steam_engine":1,"epicpaladins:deepslate_bloodstone_ore":29,"minecraft:dandelion":3,"epicsamurai:deepslate_aquamarine_ore":6,"minecraft:oak_fence":9,"minecraft:cobbled_deepslate_wall":4,"create:fluid_pipe":3,"minecraft:torch":23,"minecraft:blast_furnace":2,"minecraft:campfire":9,"minecraft:tall_grass":2,"minecraft:copper_ore":55,"minecraft:cobblestone":6,"minecraft:deepslate_coal_ore":2,"minecraft:deepslate_gold_ore":18,"minecraft:oak_planks":8,"minecraft:diorite":20,"minecraft:wall_torch":23,"minecraft:cauldron":1,"create:large_water_wheel":1,"create:water_wheel_structure":2,"graveyard:vase_block":1,"epicpaladins:deepslate_cryorium_ore":4,"minecraft:grass":30,"minecraft:oak_log":135,"minecraft:coal_ore":60,"minecraft:gravel":30,"minecraft:sand":10,"minecraft:dirt":177,"minecraft:cobweb":6,"upgrade_aquatic:driftwood_log":7,"minecraft:polished_blackstone":1,"minecraft:oak_leaves":4,"minecraft:deepslate":173},"minecraft:custom":{"minecraft:interact_with_smithing_table":1,"minecraft:mob_kills":39,"minecraft:interact_with_crafting_table":62,"minecraft:open_barrel":46,"goblintraders:trade_with_goblin":34,"minecraft:interact_with_campfire":8,"minecraft:leave_game":4,"minecraft:time_since_death":17501,"minecraft:climb_one_cm":9211,"minecraft:sprint_one_cm":751544,"minecraft:walk_one_cm":1384055,"minecraft:drop":23,"minecraft:talked_to_villager":16,"minecraft:play_time":379932,"minecraft:deaths":3,"minecraft:sneak_time":9648,"minecraft:walk_under_water_one_cm":35917,"minecraft:jump":4023,"minecraft:interact_with_blast_furnace":1,"minecraft:walk_on_water_one_cm":46956,"minecraft:total_world_time":379932,"minecraft:interact_with_furnace":57,"minecraft:traded_with_villager":6,"minecraft:sleep_in_bed":4,"minecraft:time_since_rest":16786,"minecraft:waystone_activated":2,"minecraft:damage_taken":5092,"minecraft:damage_dealt":8135,"minecraft:swim_one_cm":100054,"minecraft:fly_one_cm":547326,"minecraft:open_chest":114,"minecraft:crouch_one_cm":14590,"tombstone:undead_killed":20,"minecraft:interact_with_smoker":2,"minecraft:fall_one_cm":94363,"minecraft:inspect_dispenser":2},"minecraft:killed":{"minecraft:cave_spider":1,"minecraft:spider":4,"minecraft:skeleton":4,"graveyard:acolyte":12,"minecraft:drowned":1,"minecraft:magma_cube":1,"minecraft:zombie":14,"minecraft:wither_skeleton":1},"minecraft:crafted":{"minecraft:brick":10,"minecraft:wooden_sword":1,"epicpaladins:bloodstone_shovel":1,"minecraft:smooth_stone":2,"minecraft:oak_planks":246,"minecraft:coal":36,"minecraft:barrel":9,"create:wrench":1,"create:steam_engine":1,"minecraft:iron_nugget":54,"minecraft:pointed_dripstone":10,"graveyard:dark_iron_ingot":2,"croptopia:toast":22,"minecraft:stone":2,"epicpaladins:bloodstone_axe":1,"create:schematic_table":1,"minecraft:glass":5,"create:mechanical_press":1,"minecraft:iron_axe":1,"minecraft:stone_pickaxe":10,"create:fluid_tank":9,"minecraft:chest":2,"minecraft:copper_block":1,"create:cogwheel":10,"create:depot":1,"minecraft:oak_slab":30,"create:andesite_alloy":40,"create:hand_crank":1,"minecraft:emerald":10,"minecraft:crafting_table":1,"create:fluid_pipe":4,"minecraft:wooden_pickaxe":2,"minecraft:baked_potato":41,"create:goggles":2,"create:large_water_wheel":2,"graveyard:ossuary":1,"minecraft:copper_ingot":127,"minecraft:bucket":1,"minecraft:campfire":18,"minecraft:stone_axe":1,"minecraft:bread":20,"minecraft:air":0,"create:gearbox":2,"create:water_wheel":2,"epicpaladins:bloodstone_pickaxe":1,"minecraft:stick":104,"minecraft:flint":44,"create:mechanical_pump":1,"minecraft:iron_ingot":21,"minecraft:iron_pickaxe":1,"minecraft:wooden_axe":1,"minecraft:iron_block":1,"minecraft:gold_ingot":28,"create:large_cogwheel":4,"create:shaft":72,"minecraft:torch":68,"create:zinc_ingot":14},"minecraft:broken":{"minecraft:stone_pickaxe":8,"minecraft:stone_axe":1},"minecraft:killed_by":{"minecraft:player":1}},"DataVersion":3465}