{"stats":{"minecraft:used":{"minecraft:wooden_axe":29,"minecraft:stone_pickaxe":131,"minecraft:iron_pickaxe":54,"minecraft:iron_sword":8,"minecraft:wooden_pickaxe":6,"minecraft:rotten_flesh":3,"minecraft:torch":3,"minecraft:crafting_table":2,"minecraft:furnace":1,"tombstone:gift":2},"minecraft:custom":{"minecraft:time_since_rest":4112,"minecraft:interact_with_furnace":10,"minecraft:sprint_one_cm":21858,"minecraft:damage_taken":662,"minecraft:walk_one_cm":38581,"minecraft:mob_kills":5,"minecraft:drop":2,"minecraft:damage_dealt":930,"minecraft:interact_with_crafting_table":11,"minecraft:fly_one_cm":19874,"minecraft:crouch_one_cm":26,"minecraft:play_time":17644,"tombstone:undead_killed":5,"minecraft:deaths":2,"minecraft:sneak_time":1,"minecraft:walk_under_water_one_cm":704,"minecraft:jump":180,"minecraft:walk_on_water_one_cm":7676,"minecraft:time_since_death":4789,"minecraft:total_world_time":17644,"minecraft:fall_one_cm":6290},"minecraft:killed":{"minecraft:skeleton":1,"minecraft:zombie":3,"graveyard:revenant":1},"minecraft:dropped":{"minecraft:stone_pickaxe":1,"minecraft:wooden_pickaxe":1},"minecraft:picked_up":{"minecraft:raw_iron":11,"minecraft:andesite":11,"minecraft:torch":1,"minecraft:wooden_pickaxe":1,"minecraft:dripstone_block":3,"minecraft:gravel":5,"create:raw_zinc":1,"minecraft:pointed_dripstone":7,"minecraft:spruce_sapling":6,"tombstone:grave_dust":5,"minecraft:diorite":9,"minecraft:spruce_log":14,"minecraft:dirt":1,"minecraft:arrow":2,"minecraft:bone":1,"minecraft:rotten_flesh":3,"minecraft:granite":29,"minecraft:stone_pickaxe":1,"minecraft:coal":46,"minecraft:snowball":16,"minecraft:cobblestone":80},"minecraft:mined":{"create:zinc_ore":1,"minecraft:iron_ore":11,"minecraft:andesite":10,"minecraft:spruce_log":14,"minecraft:granite":26,"minecraft:pointed_dripstone":6,"minecraft:coal_ore":46,"minecraft:gravel":5,"minecraft:dirt":1,"minecraft:spruce_leaves":3,"minecraft:stone":76,"minecraft:diorite":9,"minecraft:wall_torch":1},"minecraft:broken":{"minecraft:stone_pickaxe":1},"minecraft:crafted":{"minecraft:crafting_table":2,"minecraft:spruce_planks":56,"minecraft:stick":12,"minecraft:iron_ingot":11,"minecraft:wooden_pickaxe":1,"minecraft:iron_pickaxe":1,"minecraft:stone_pickaxe":1,"minecraft:wooden_axe":1,"minecraft:iron_sword":1,"minecraft:furnace":1,"minecraft:torch":8,"minecraft:air":0}},"DataVersion":3465}