{"stats":{"minecraft:used":{"minecraft:stone_pickaxe":131,"minecraft:wooden_pickaxe":6,"minecraft:iron_sword":22,"minecraft:rotten_flesh":4,"minecraft:torch":13,"minecraft:crafting_table":3,"minecraft:wooden_axe":29,"epicpaladins:arclight_pickaxe":59,"minecraft:iron_pickaxe":221,"minecraft:cobblestone":5,"minecraft:furnace":1,"tombstone:gift":2,"minecraft:cobbled_deepslate":6},"minecraft:custom":{"minecraft:interact_with_furnace":10,"minecraft:mob_kills":8,"minecraft:interact_with_crafting_table":14,"minecraft:leave_game":1,"minecraft:time_since_death":3497,"minecraft:time_since_rest":2214,"minecraft:sprint_one_cm":31428,"minecraft:damage_taken":907,"minecraft:walk_one_cm":59777,"minecraft:drop":2,"minecraft:damage_dealt":1590,"minecraft:fly_one_cm":26902,"minecraft:crouch_one_cm":29,"minecraft:play_time":29524,"tombstone:undead_killed":8,"minecraft:deaths":3,"minecraft:sneak_time":22,"minecraft:walk_under_water_one_cm":704,"minecraft:jump":264,"minecraft:walk_on_water_one_cm":9465,"minecraft:total_world_time":29524,"minecraft:fall_one_cm":6768},"minecraft:killed":{"graveyard:revenant":1,"minecraft:skeleton":1,"minecraft:zombie":6},"minecraft:dropped":{"minecraft:wooden_pickaxe":1,"minecraft:stone_pickaxe":1},"minecraft:picked_up":{"minecraft:andesite":11,"minecraft:wooden_pickaxe":1,"minecraft:tuff":14,"create:raw_zinc":1,"minecraft:dirt":1,"minecraft:bone":1,"minecraft:cobbled_deepslate":147,"minecraft:raw_gold":7,"minecraft:stone_pickaxe":1,"minecraft:raw_iron":18,"epicpaladins:arclight_gem":8,"minecraft:torch":2,"minecraft:dripstone_block":3,"minecraft:gravel":5,"minecraft:spruce_sapling":6,"tombstone:grave_dust":5,"minecraft:pointed_dripstone":7,"minecraft:diorite":9,"minecraft:spruce_log":14,"minecraft:redstone":18,"minecraft:arrow":2,"minecraft:rotten_flesh":8,"minecraft:diamond":6,"minecraft:granite":31,"minecraft:coal":46,"minecraft:snowball":16,"minecraft:cobblestone":110},"minecraft:mined":{"create:zinc_ore":1,"minecraft:deepslate_redstone_ore":4,"minecraft:tuff":14,"minecraft:deepslate_diamond_ore":6,"minecraft:granite":28,"minecraft:spruce_leaves":3,"minecraft:deepslate_gold_ore":1,"minecraft:diorite":9,"minecraft:wall_torch":2,"epicpaladins:deepslate_arclight_ore":8,"minecraft:iron_ore":11,"minecraft:cobbled_deepslate":3,"minecraft:andesite":10,"minecraft:spruce_log":14,"minecraft:pointed_dripstone":6,"minecraft:coal_ore":46,"minecraft:deepslate_iron_ore":7,"minecraft:gravel":5,"minecraft:dirt":1,"minecraft:stone":106,"minecraft:gold_ore":6,"minecraft:deepslate":144},"minecraft:broken":{"minecraft:stone_pickaxe":1},"minecraft:crafted":{"minecraft:crafting_table":3,"minecraft:spruce_planks":56,"minecraft:wooden_pickaxe":1,"minecraft:iron_sword":1,"minecraft:furnace":1,"epicpaladins:arclight_pickaxe":1,"minecraft:air":0,"minecraft:shield":1,"minecraft:stick":24,"minecraft:iron_ingot":11,"minecraft:iron_pickaxe":1,"minecraft:stone_pickaxe":1,"minecraft:wooden_axe":1,"minecraft:torch":44}},"DataVersion":3465}