{"stats":{"minecraft:mined":{"minecraft:podzol":1,"minecraft:smooth_stone":2,"minecraft:grass":3,"minecraft:grass_block":1,"minecraft:oak_log":9,"minecraft:dirt":1,"minecraft:coal_block":4,"minecraft:spruce_leaves":1,"minecraft:stone":3,"minecraft:iron_block":1,"minecraft:oak_leaves":1},"minecraft:killed_by":{"minecraft:player":1},"minecraft:dropped":{"minecraft:moss_block":1},"minecraft:used":{"minecraft:wooden_axe":1,"croptopia:nectarine":10,"minecraft:lantern":2,"minecraft:stone_pickaxe":7,"minecraft:baked_potato":4,"minecraft:wooden_pickaxe":3,"minecraft:golden_leggings":1,"minecraft:rotten_flesh":4,"minecraft:golden_helmet":1,"croptopia:peach":9,"minecraft:crafting_table":1,"alexsmobs:animal_dictionary":1,"minecraft:egg":1,"minecraft:potato":5,"croptopia:orange":7,"minecraft:experience_bottle":1},"minecraft:custom":{"minecraft:time_since_rest":16674,"minecraft:waystone_activated":1,"minecraft:interact_with_furnace":10,"minecraft:sprint_one_cm":103199,"minecraft:damage_taken":647,"minecraft:walk_one_cm":195959,"minecraft:drop":1,"minecraft:damage_dealt":45,"minecraft:talked_to_villager":1,"minecraft:swim_one_cm":7866,"minecraft:interact_with_crafting_table":6,"minecraft:fly_one_cm":86744,"minecraft:open_chest":5,"minecraft:crouch_one_cm":33,"minecraft:play_time":31226,"minecraft:deaths":1,"minecraft:sneak_time":16,"minecraft:walk_under_water_one_cm":2313,"minecraft:jump":619,"minecraft:leave_game":2,"minecraft:walk_on_water_one_cm":3879,"minecraft:time_since_death":19073,"minecraft:climb_one_cm":1601,"minecraft:total_world_time":31226,"minecraft:fall_one_cm":19317},"minecraft:crafted":{"minecraft:wooden_sword":1,"minecraft:oak_planks":36,"minecraft:coal":9,"minecraft:crafting_table":1,"minecraft:stick":12,"minecraft:baked_potato":5,"minecraft:wooden_pickaxe":2,"minecraft:iron_ingot":11,"minecraft:stone_pickaxe":1,"minecraft:wooden_axe":1,"minecraft:air":0},"minecraft:picked_up":{"minecraft:wheat":15,"croptopia:peach":10,"croptopia:nectarine":10,"minecraft:potato":17,"minecraft:oak_log":9,"minecraft:carrot":16,"minecraft:lantern":2,"minecraft:dirt":3,"minecraft:experience_bottle":1,"minecraft:beetroot":2,"minecraft:rotten_flesh":4,"minecraft:apple":7,"minecraft:beetroot_seeds":6,"minecraft:wheat_seeds":39,"minecraft:smooth_stone":2,"croptopia:orange":8,"minecraft:iron_block":1,"minecraft:moss_block":1,"minecraft:coal_block":3,"minecraft:iron_sword":1,"minecraft:cobblestone":3,"minecraft:egg":1}},"DataVersion":3465}