{"stats":{"minecraft:dropped":{"minecraft:iron_sword":1,"minecraft:moss_block":1,"minecraft:gold_ingot":6},"minecraft:mined":{"create:zinc_ore":23,"minecraft:tuff":8,"create:andesite_casing":5,"minecraft:granite":23,"minecraft:grass_block":7,"epicsamurai:silver_ore":8,"minecraft:coal_block":8,"minecraft:spruce_leaves":1,"minecraft:smooth_stone":2,"epicsamurai:onyx_ore":9,"create:shaft":2,"minecraft:iron_ore":6,"minecraft:andesite":133,"minecraft:iron_bars":15,"epicsamurai:deepslate_silver_ore":2,"minecraft:stripped_oak_log":1,"minecraft:stone":595,"minecraft:iron_block":1,"create:mechanical_press":1,"minecraft:podzol":1,"create:cogwheel":1,"minecraft:torch":7,"minecraft:copper_ore":42,"minecraft:cobblestone":5,"minecraft:deepslate_coal_ore":2,"minecraft:diorite":20,"minecraft:wall_torch":6,"minecraft:grass":5,"minecraft:oak_log":47,"minecraft:coal_ore":51,"minecraft:gravel":22,"minecraft:sand":10,"minecraft:dirt":27,"minecraft:oak_leaves":1,"minecraft:deepslate":167},"minecraft:broken":{"minecraft:stone_pickaxe":8},"minecraft:killed":{"minecraft:spider":2,"minecraft:skeleton":1,"minecraft:zombie":4},"minecraft:crafted":{"minecraft:wooden_sword":1,"minecraft:smooth_stone":2,"minecraft:oak_planks":152,"minecraft:coal":18,"minecraft:iron_nugget":18,"croptopia:toast":22,"minecraft:stone":2,"create:schematic_table":1,"minecraft:glass":5,"create:mechanical_press":1,"minecraft:stone_pickaxe":10,"minecraft:chest":2,"create:depot":1,"minecraft:oak_slab":6,"create:andesite_alloy":9,"minecraft:emerald":1,"minecraft:crafting_table":1,"minecraft:wooden_pickaxe":2,"minecraft:baked_potato":5,"create:goggles":1,"create:large_water_wheel":2,"minecraft:bucket":1,"minecraft:stone_axe":1,"minecraft:air":0,"minecraft:bread":20,"create:water_wheel":2,"minecraft:stick":44,"minecraft:flint":44,"minecraft:iron_ingot":17,"minecraft:iron_pickaxe":1,"minecraft:wooden_axe":1,"minecraft:iron_block":1,"minecraft:gold_ingot":1,"create:shaft":16,"minecraft:torch":32,"create:zinc_ingot":14},"minecraft:killed_by":{"minecraft:player":1},"minecraft:used":{"create:schematic_table":1,"minecraft:chest":2,"minecraft:iron_sword":31,"minecraft:rotten_flesh":7,"minecraft:torch":45,"minecraft:carrot":20,"create:depot":1,"minecraft:wooden_axe":1,"minecraft:lantern":2,"croptopia:peach":9,"create:shaft":6,"minecraft:egg":1,"minecraft:potato":33,"minecraft:wheat_seeds":1,"minecraft:water_bucket":5,"minecraft:diorite":15,"minecraft:stone_pickaxe":1116,"minecraft:baked_potato":13,"minecraft:wooden_pickaxe":3,"minecraft:crafting_table":1,"croptopia:orange":7,"minecraft:oak_log":4,"croptopia:nectarine":10,"create:mechanical_press":2,"minecraft:bread":1,"minecraft:iron_pickaxe":56,"create:andesite_casing":1,"create:large_water_wheel":3,"minecraft:golden_leggings":1,"minecraft:golden_helmet":1,"minecraft:stone_axe":45,"minecraft:cobblestone":64,"minecraft:bucket":5,"alexsmobs:animal_dictionary":1,"minecraft:stripped_oak_log":1,"minecraft:experience_bottle":1},"minecraft:custom":{"minecraft:mob_kills":8,"minecraft:interact_with_crafting_table":32,"goblintraders:trade_with_goblin":23,"minecraft:interact_with_campfire":8,"minecraft:leave_game":3,"minecraft:time_since_death":133953,"minecraft:climb_one_cm":4908,"minecraft:sprint_one_cm":314388,"minecraft:walk_one_cm":562761,"minecraft:drop":8,"minecraft:talked_to_villager":3,"minecraft:play_time":146106,"minecraft:deaths":1,"minecraft:sneak_time":682,"minecraft:walk_under_water_one_cm":11441,"minecraft:jump":1796,"minecraft:walk_on_water_one_cm":12670,"minecraft:total_world_time":146106,"minecraft:interact_with_furnace":32,"minecraft:sleep_in_bed":1,"minecraft:time_since_rest":17220,"minecraft:waystone_activated":1,"minecraft:damage_taken":1383,"minecraft:damage_dealt":1414,"minecraft:swim_one_cm":10011,"minecraft:fly_one_cm":202790,"minecraft:open_chest":22,"minecraft:crouch_one_cm":2154,"tombstone:undead_killed":5,"minecraft:fall_one_cm":40556,"minecraft:inspect_dispenser":2},"minecraft:picked_up":{"minecraft:wheat":61,"croptopia:peach":10,"croptopia:kale":1,"croptopia:broccoli":1,"minecraft:string":2,"minecraft:raw_copper":152,"minecraft:experience_bottle":1,"minecraft:beetroot":2,"minecraft:smooth_stone":2,"create:mechanical_press":1,"minecraft:cobbled_deepslate":166,"minecraft:coal_block":7,"minecraft:egg":1,"minecraft:raw_iron":6,"create:golden_sheet":2,"minecraft:torch":17,"create:andesite_casing":5,"minecraft:diorite":19,"minecraft:carrot":30,"minecraft:arrow":2,"minecraft:rotten_flesh":12,"minecraft:beetroot_seeds":6,"minecraft:iron_block":1,"minecraft:gold_ingot":6,"minecraft:iron_bars":15,"minecraft:cobblestone":592,"minecraft:stripped_oak_log":1,"croptopia:broccoli_seed":2,"minecraft:andesite":131,"croptopia:nectarine":10,"minecraft:potato":71,"minecraft:flint":1,"minecraft:tuff":8,"create:raw_zinc":22,"minecraft:oak_log":46,"minecraft:gunpowder":1,"minecraft:dirt":34,"minecraft:lantern":2,"minecraft:bone":2,"minecraft:apple":7,"minecraft:wheat_seeds":153,"minecraft:iron_ingot":2,"create:shaft":2,"minecraft:moss_block":1,"croptopia:kale_seed":2,"epicsamurai:raw_silver":10,"minecraft:iron_sword":2,"epicsamurai:onyx":9,"create:large_water_wheel":1,"create:cogwheel":1,"minecraft:poisonous_potato":1,"minecraft:gravel":35,"minecraft:sand":10,"croptopia:orange":8,"minecraft:granite":23,"minecraft:baked_potato":8,"minecraft:coal":52}},"DataVersion":3465}