{"stats":{"minecraft:custom":{"minecraft:interact_with_furnace":30,"minecraft:mob_kills":24,"minecraft:interact_with_crafting_table":23,"minecraft:leave_game":1,"minecraft:time_since_death":44678,"minecraft:time_since_rest":44060,"minecraft:sprint_one_cm":104710,"minecraft:damage_taken":1588,"minecraft:walk_one_cm":195720,"minecraft:damage_blocked_by_shield":113,"minecraft:drop":4,"minecraft:damage_dealt":4496,"minecraft:talked_to_villager":5,"minecraft:swim_one_cm":3393,"minecraft:fly_one_cm":55374,"minecraft:open_chest":14,"minecraft:crouch_one_cm":147,"minecraft:play_time":77524,"tombstone:undead_killed":24,"minecraft:deaths":4,"minecraft:sneak_time":38,"minecraft:walk_under_water_one_cm":1818,"minecraft:jump":693,"minecraft:walk_on_water_one_cm":10917,"minecraft:interact_with_smoker":3,"minecraft:total_world_time":77524,"minecraft:fall_one_cm":10859},"minecraft:used":{"minecraft:cooked_mutton":2,"minecraft:stone_pickaxe":131,"minecraft:baked_potato":1,"minecraft:shield":5,"minecraft:wooden_pickaxe":6,"minecraft:iron_sword":133,"minecraft:rotten_flesh":17,"minecraft:iron_chestplate":1,"minecraft:torch":66,"minecraft:crafting_table":3,"minecraft:iron_hoe":30,"minecraft:wooden_axe":31,"epicpaladins:arclight_pickaxe":820,"minecraft:melon_slice":1,"minecraft:iron_pickaxe":221,"croptopia:toast":1,"minecraft:cobblestone":5,"minecraft:furnace":1,"tombstone:gift":3,"minecraft:cobbled_deepslate":16},"minecraft:killed":{"minecraft:zombie_villager":1,"graveyard:revenant":5,"minecraft:skeleton":3,"minecraft:zombie":15},"minecraft:dropped":{"graveyard:corruption":6,"minecraft:wooden_pickaxe":1,"minecraft:stone_pickaxe":1},"minecraft:picked_up":{"minecraft:andesite":11,"minecraft:leather":5,"minecraft:wooden_pickaxe":1,"minecraft:tuff":14,"create:raw_zinc":7,"minecraft:string":47,"minecraft:lapis_lazuli":29,"minecraft:dirt":10,"minecraft:cooked_mutton":2,"epicpaladins:bloodstone_gem":7,"minecraft:bone":3,"graveyard:corruption":9,"minecraft:bow":1,"minecraft:cobbled_deepslate":631,"minecraft:raw_gold":7,"minecraft:stone_pickaxe":1,"minecraft:melon_slice":1,"minecraft:iron_sword":1,"minecraft:raw_iron":34,"epicpaladins:arclight_gem":12,"minecraft:torch":7,"minecraft:spruce_fence":2,"minecraft:dripstone_block":3,"minecraft:gravel":11,"minecraft:spruce_sapling":6,"tombstone:grave_dust":10,"minecraft:pointed_dripstone":7,"minecraft:diorite":41,"minecraft:spruce_log":14,"minecraft:redstone":68,"epicpaladins:cryorium_gem":8,"minecraft:arrow":3,"minecraft:rotten_flesh":17,"minecraft:diamond":9,"minecraft:hay_block":30,"minecraft:granite":31,"minecraft:gold_ingot":1,"minecraft:emerald":2,"minecraft:bread":4,"minecraft:baked_potato":1,"epicsamurai:ruby":1,"minecraft:coal":66,"minecraft:snowball":16,"minecraft:cobblestone":239},"minecraft:mined":{"create:zinc_ore":1,"minecraft:deepslate_redstone_ore":15,"create:deepslate_zinc_ore":6,"minecraft:tuff":23,"minecraft:deepslate_diamond_ore":9,"epicpaladins:deepslate_bloodstone_ore":7,"epicpaladins:cryorium_ore":8,"minecraft:powder_snow":8,"minecraft:torch":1,"minecraft:granite":28,"epicsamurai:deepslate_ruby_ore":1,"minecraft:spruce_fence":2,"minecraft:copper_ore":1,"minecraft:spruce_leaves":3,"minecraft:deepslate_gold_ore":1,"minecraft:diorite":41,"minecraft:wall_torch":3,"epicpaladins:deepslate_arclight_ore":8,"minecraft:hay_block":30,"minecraft:repeater":1,"minecraft:iron_ore":25,"minecraft:cobbled_deepslate":13,"minecraft:andesite":10,"minecraft:spruce_log":14,"minecraft:deepslate_lapis_ore":4,"minecraft:pointed_dripstone":6,"minecraft:coal_ore":66,"minecraft:deepslate_iron_ore":9,"minecraft:gravel":6,"minecraft:dirt":11,"minecraft:cobweb":47,"minecraft:stone":238,"minecraft:gold_ore":6,"epicpaladins:arclight_ore":4,"minecraft:deepslate":622},"minecraft:broken":{"minecraft:stone_pickaxe":1},"minecraft:crafted":{"sophisticatedbackpacks:backpack":1,"minecraft:crafting_table":3,"minecraft:spruce_planks":56,"minecraft:wooden_pickaxe":1,"minecraft:baked_potato":13,"minecraft:iron_sword":1,"minecraft:furnace":1,"croptopia:toast":16,"epicpaladins:arclight_pickaxe":1,"minecraft:air":0,"minecraft:iron_chestplate":1,"minecraft:shield":1,"minecraft:iron_hoe":1,"minecraft:stick":36,"minecraft:iron_ingot":20,"minecraft:iron_pickaxe":1,"minecraft:stone_pickaxe":1,"minecraft:wooden_axe":1,"minecraft:chest":1,"minecraft:torch":84}},"DataVersion":3465}