{"stats":{"minecraft:dropped":{"minecraft:iron_sword":1,"minecraft:moss_block":1,"minecraft:gold_ingot":6},"minecraft:mined":{"create:zinc_ore":23,"minecraft:tuff":8,"create:andesite_casing":5,"minecraft:granite":23,"minecraft:grass_block":31,"epicsamurai:silver_ore":8,"minecraft:coal_block":8,"minecraft:spruce_leaves":1,"minecraft:smooth_stone":2,"epicsamurai:onyx_ore":9,"epicsamurai:deepslate_jade_ore":4,"create:shaft":2,"minecraft:iron_ore":6,"minecraft:cobbled_deepslate":9,"minecraft:andesite":133,"minecraft:deepslate_iron_ore":2,"minecraft:iron_bars":15,"epicsamurai:deepslate_silver_ore":2,"minecraft:stripped_oak_log":1,"minecraft:stone":595,"minecraft:iron_block":1,"create:mechanical_press":1,"minecraft:podzol":1,"create:cogwheel":1,"epicpaladins:deepslate_bloodstone_ore":29,"epicsamurai:deepslate_aquamarine_ore":6,"minecraft:torch":8,"minecraft:copper_ore":42,"minecraft:cobblestone":6,"minecraft:deepslate_coal_ore":2,"minecraft:deepslate_gold_ore":18,"minecraft:diorite":20,"minecraft:wall_torch":7,"create:large_water_wheel":1,"create:water_wheel_structure":2,"epicpaladins:deepslate_cryorium_ore":4,"minecraft:grass":5,"minecraft:oak_log":47,"minecraft:coal_ore":51,"minecraft:gravel":22,"minecraft:sand":10,"minecraft:dirt":29,"minecraft:oak_leaves":1,"minecraft:deepslate":173},"minecraft:broken":{"minecraft:stone_pickaxe":8},"minecraft:killed":{"minecraft:cave_spider":1,"minecraft:spider":2,"minecraft:skeleton":2,"minecraft:zombie":4},"minecraft:crafted":{"minecraft:wooden_sword":1,"minecraft:smooth_stone":2,"minecraft:oak_planks":152,"minecraft:coal":18,"create:wrench":1,"minecraft:iron_nugget":18,"croptopia:toast":22,"minecraft:stone":2,"create:schematic_table":1,"minecraft:glass":5,"create:mechanical_press":1,"minecraft:stone_pickaxe":10,"minecraft:chest":2,"create:depot":1,"minecraft:oak_slab":6,"create:andesite_alloy":9,"minecraft:emerald":1,"minecraft:crafting_table":1,"minecraft:wooden_pickaxe":2,"minecraft:baked_potato":5,"create:goggles":1,"create:large_water_wheel":2,"minecraft:bucket":1,"minecraft:stone_axe":1,"minecraft:air":0,"minecraft:bread":20,"create:water_wheel":2,"minecraft:stick":44,"minecraft:flint":44,"minecraft:iron_ingot":21,"minecraft:iron_pickaxe":1,"minecraft:wooden_axe":1,"minecraft:iron_block":1,"minecraft:gold_ingot":28,"create:shaft":16,"minecraft:torch":32,"create:zinc_ingot":14},"minecraft:killed_by":{"minecraft:player":1},"minecraft:used":{"create:schematic_table":1,"minecraft:chest":2,"minecraft:iron_sword":38,"minecraft:rotten_flesh":7,"minecraft:torch":51,"minecraft:carrot":20,"create:depot":1,"minecraft:wooden_axe":1,"create:wrench":4,"minecraft:lantern":2,"croptopia:peach":9,"create:shaft":8,"minecraft:egg":1,"minecraft:potato":33,"minecraft:cobbled_deepslate":14,"minecraft:wheat_seeds":1,"minecraft:water_bucket":27,"minecraft:diorite":15,"minecraft:stone_pickaxe":1124,"minecraft:baked_potato":13,"minecraft:wooden_pickaxe":3,"minecraft:crafting_table":1,"croptopia:orange":7,"minecraft:oak_log":4,"croptopia:nectarine":10,"create:mechanical_press":2,"minecraft:bread":1,"minecraft:iron_pickaxe":130,"create:andesite_casing":1,"create:large_water_wheel":6,"minecraft:golden_leggings":1,"minecraft:golden_helmet":1,"minecraft:stone_axe":45,"croptopia:toast":4,"minecraft:cobblestone":92,"minecraft:andesite":2,"minecraft:bucket":27,"alexsmobs:animal_dictionary":1,"minecraft:stripped_oak_log":1,"minecraft:experience_bottle":1},"minecraft:custom":{"minecraft:mob_kills":10,"minecraft:interact_with_crafting_table":33,"minecraft:open_barrel":1,"goblintraders:trade_with_goblin":34,"minecraft:interact_with_campfire":8,"minecraft:leave_game":4,"minecraft:time_since_death":161227,"minecraft:climb_one_cm":4908,"minecraft:sprint_one_cm":362340,"minecraft:walk_one_cm":643227,"minecraft:drop":8,"minecraft:talked_to_villager":3,"minecraft:play_time":173380,"minecraft:deaths":1,"minecraft:sneak_time":1654,"minecraft:walk_under_water_one_cm":16650,"minecraft:jump":2248,"minecraft:walk_on_water_one_cm":26019,"minecraft:total_world_time":173380,"minecraft:interact_with_furnace":32,"minecraft:sleep_in_bed":3,"minecraft:time_since_rest":4721,"minecraft:waystone_activated":1,"minecraft:damage_taken":1585,"minecraft:damage_dealt":1704,"minecraft:swim_one_cm":11473,"minecraft:fly_one_cm":258678,"minecraft:open_chest":24,"minecraft:crouch_one_cm":4323,"tombstone:undead_killed":6,"minecraft:interact_with_smoker":1,"minecraft:fall_one_cm":48408,"minecraft:inspect_dispenser":2},"minecraft:picked_up":{"minecraft:wheat":61,"croptopia:peach":10,"croptopia:kale":1,"croptopia:broccoli":1,"minecraft:string":3,"minecraft:raw_copper":152,"epicsamurai:jade":4,"epicpaladins:bloodstone_gem":29,"minecraft:experience_bottle":1,"minecraft:beetroot":2,"minecraft:smooth_stone":2,"create:mechanical_press":1,"minecraft:cobbled_deepslate":182,"minecraft:coal_block":7,"minecraft:egg":1,"minecraft:raw_iron":8,"create:golden_sheet":2,"minecraft:torch":20,"create:andesite_casing":5,"tombstone:grave_dust":2,"minecraft:diorite":19,"minecraft:carrot":30,"epicpaladins:cryorium_gem":4,"minecraft:arrow":2,"minecraft:rotten_flesh":12,"minecraft:beetroot_seeds":6,"minecraft:iron_block":1,"minecraft:gold_ingot":6,"minecraft:iron_bars":15,"minecraft:cobblestone":593,"minecraft:stripped_oak_log":1,"croptopia:broccoli_seed":2,"minecraft:andesite":131,"croptopia:nectarine":10,"minecraft:potato":71,"minecraft:flint":1,"minecraft:tuff":8,"create:raw_zinc":22,"minecraft:oak_log":46,"minecraft:gunpowder":1,"minecraft:dirt":57,"minecraft:lantern":2,"minecraft:bone":3,"minecraft:apple":7,"minecraft:wheat_seeds":153,"minecraft:raw_gold":18,"minecraft:iron_ingot":2,"create:shaft":2,"epicsamurai:aquamarine":6,"minecraft:moss_block":1,"croptopia:kale_seed":2,"epicsamurai:raw_silver":10,"minecraft:iron_sword":2,"epicsamurai:onyx":9,"create:large_water_wheel":4,"create:cogwheel":1,"minecraft:poisonous_potato":1,"minecraft:gravel":35,"minecraft:sand":10,"croptopia:orange":8,"minecraft:granite":23,"minecraft:baked_potato":8,"minecraft:coal":52}},"DataVersion":3465}