{"stats":{"minecraft:dropped":{"minecraft:leather":1,"paraglider:spirit_orb":8,"artifacts:thorn_pendant":1,"minecraft:amethyst_shard":8,"minecraft:iron_pickaxe":1,"paraglider:paraglider":2,"epicpaladins:arclight_sword":1,"minecraft:polished_andesite_slab":2,"minecraft:cooked_chicken":7,"minecraft:rotten_flesh":8,"minecraft:chest":1,"mininggadgets:mininggadget":1,"minecraft:bread":2,"minecraft:oak_fence":1,"tombstone:ankh_of_pray":1,"minecraft:stick":4,"tombstone:magic_scroll":1,"artifacts:plastic_drinking_hat":2,"minecraft:potion":1,"minecraft:string":2,"minecraft:red_banner":1,"minecraft:polished_deepslate_slab":1,"sophisticatedbackpacks:backpack":1,"minecraft:bundle":1,"minecraft:iron_chestplate":1,"minecraft:spider_eye":2,"minecraft:stone_pickaxe":1},"minecraft:mined":{"minecraft:dark_oak_planks":3,"minecraft:dark_prismarine_stairs":2,"create:deepslate_zinc_ore":1,"minecraft:spruce_planks":6,"minecraft:white_bed":3,"minecraft:mossy_stone_brick_slab":1,"minecraft:cobbled_deepslate_stairs":5,"minecraft:jungle_leaves":1,"minecraft:obsidian":1,"minecraft:granite":63,"minecraft:grass_block":14,"minecraft:coal_block":7,"minecraft:spawner":19,"epicsamurai:deepslate_jade_ore":1,"minecraft:magma_block":13,"minecraft:cobbled_deepslate":7,"minecraft:iron_ore":112,"minecraft:fire":17,"minecraft:barrel":1,"minecraft:polished_deepslate_slab":5,"minecraft:dirt_path":1,"minecraft:iron_bars":6,"epicsamurai:deepslate_silver_ore":14,"biomesoplenty:willow_leaves":1,"minecraft:blackstone":76,"minecraft:soul_fire":6,"minecraft:deepslate_tile_slab":1,"minecraft:torch":1,"minecraft:nether_quartz_ore":49,"minecraft:cobblestone":22,"minecraft:oak_planks":1,"minecraft:wall_torch":11,"minecraft:skeleton_skull":1,"minecraft:cyan_wool":3,"biomesoplenty:maple_leaves":1,"minecraft:stone_brick_stairs":2,"minecraft:grass":6,"graveyard:creeper_skeleton":1,"minecraft:sand":13,"minecraft:dirt":19,"minecraft:crimson_planks":3,"minecraft:red_mushroom_block":1,"minecraft:netherrack":6134,"minecraft:oak_leaves":16,"minecraft:deepslate":153,"biomesoplenty:reed":1,"create:zinc_ore":7,"minecraft:nether_gold_ore":23,"minecraft:deepslate_tiles":3,"minecraft:dark_prismarine":2,"minecraft:diamond_ore":5,"minecraft:crying_obsidian":1,"minecraft:tuff":9,"biomesoplenty:watergrass":13,"minecraft:mossy_cobblestone":1,"epicsamurai:deepslate_onyx_ore":1,"minecraft:dark_oak_leaves":6,"minecraft:deepslate_diamond_ore":21,"minecraft:candle":2,"minecraft:purple_candle":1,"minecraft:nether_bricks":32,"minecraft:cobbled_deepslate_slab":2,"minecraft:jungle_planks":2,"minecraft:polished_andesite_slab":2,"minecraft:spruce_leaves":2,"minecraft:moss_block":1,"epicpaladins:deepslate_arclight_ore":1,"minecraft:hay_block":49,"graveyard:tg_moss_block":1,"minecraft:raw_gold_block":18,"minecraft:andesite":41,"minecraft:chiseled_deepslate":16,"biomesoplenty:flesh":163,"minecraft:gold_block":29,"minecraft:polished_deepslate":2,"minecraft:mossy_stone_brick_stairs":1,"minecraft:bookshelf":81,"minecraft:deepslate_iron_ore":142,"minecraft:stone":564,"minecraft:smithing_table":3,"biomesoplenty:porous_flesh":1,"epicpaladins:deepslate_bloodstone_ore":1,"minecraft:stripped_dark_oak_log":7,"minecraft:basalt":4,"minecraft:stone_brick_slab":2,"epicsamurai:deepslate_aquamarine_ore":8,"minecraft:oak_fence":2,"minecraft:crafting_table":4,"minecraft:lectern":14,"minecraft:tall_grass":4,"minecraft:copper_ore":7,"minecraft:deepslate_gold_ore":13,"minecraft:cracked_deepslate_bricks":1,"minecraft:diorite":111,"minecraft:warped_wart_block":7,"graveyard:vase_block":1,"minecraft:spruce_log":119,"minecraft:birch_leaves":1,"minecraft:red_wall_banner":2,"minecraft:coal_ore":49,"minecraft:zombie_head":1,"minecraft:gravel":33,"graveyard:leaning_skeleton":2,"minecraft:cobweb":47,"minecraft:cracked_stone_bricks":2,"minecraft:polished_blackstone":1,"minecraft:stone_bricks":4,"minecraft:mossy_stone_bricks":2,"minecraft:gold_ore":3,"minecraft:fern":2},"minecraft:broken":{"epicpaladins:cryorium_pickaxe":3,"minecraft:shield":1,"epicpaladins:arclight_pickaxe":1},"minecraft:crafted":{"croptopia:toast":89,"epicpaladins:arclight_pickaxe":1,"minecraft:glass":13,"minecraft:diamond_leggings":1,"minecraft:iron_boots":2,"sophisticatedbackpacks:copper_backpack":1,"tombstone:grave_key":1,"minecraft:stripped_dark_oak_wood":3,"minecraft:chest":3,"minecraft:copper_block":12,"sophisticatedbackpacks:backpack":1,"minecraft:emerald":5,"minecraft:crafting_table":6,"minecraft:spruce_planks":108,"minecraft:iron_helmet":2,"minecraft:wooden_pickaxe":1,"minecraft:baked_potato":6,"minecraft:copper_ingot":103,"sophisticatedbackpacks:upgrade_base":1,"enchantinginfuser:advanced_enchanting_infuser":1,"minecraft:iron_chestplate":1,"minecraft:diamond_pickaxe":1,"minecraft:shield":5,"sophisticatedbackpacks:diamond_backpack":1,"minecraft:stick":36,"minecraft:iron_ingot":367,"minecraft:iron_block":4,"minecraft:gold_ingot":217,"minecraft:coal":42,"sophisticatedbackpacks:stack_upgrade_tier_1":1,"minecraft:furnace":2,"sophisticatedbackpacks:stack_upgrade_starter_tier":1,"epicpaladins:bloodstone_sword":1,"mininggadgets:mininggadget":1,"minecraft:glass_pane":16,"minecraft:iron_axe":1,"minecraft:stone_pickaxe":1,"epicpaladins:cryorium_pickaxe":4,"sophisticatedbackpacks:stack_upgrade_tier_2":1,"minecraft:wheat":441,"sophisticatedbackpacks:iron_backpack":1,"minecraft:cooked_beef":7,"minecraft:diamond_sword":1,"minecraft:iron_sword":1,"sophisticatedbackpacks:gold_backpack":1,"minecraft:bucket":1,"minecraft:stone_axe":2,"minecraft:enchanted_book":2,"minecraft:bread":152,"mininggadgets:upgrade_empty":1,"minecraft:raw_gold":162,"minecraft:flint":28,"minecraft:iron_leggings":1,"minecraft:torch":36,"minecraft:diamond_chestplate":1},"minecraft:killed":{"minecraft:cave_spider":3,"minecraft:zombified_piglin":2,"minecraft:spider":15,"alexsmobs:murmur":1,"minecraft:skeleton":36,"graveyard:acolyte":10,"minecraft:piglin_brute":1,"minecraft:magma_cube":10,"minecraft:piglin":3,"minecraft:zombie_villager":2,"epicsamurai:jorogumo":1,"minecraft:creeper":4,"alexsmobs:crimson_mosquito":11,"minecraft:pillager":6,"minecraft:zombie":61,"minecraft:ghast":1,"alexsmobs:fly":1,"minecraft:cow":4,"minecraft:blaze":8,"minecraft:evoker":1,"minecraft:vindicator":8,"alexsmobs:bison":2,"graveyard:ghoul":1,"epicsamurai:akaname":6,"alexsmobs:cockroach":1,"sons_of_sins:betrayed_guzzler":5,"minecraft:wither_skeleton":6},"minecraft:used":{"epicpaladins:bloodstone_pickaxe":993,"minecraft:moss_block":1,"minecraft:purple_candle":3,"minecraft:polished_blackstone":1,"minecraft:chest":1,"minecraft:shield":300,"minecraft:iron_sword":110,"minecraft:iron_chestplate":1,"croptopia:cashew":11,"minecraft:tuff":11,"minecraft:cyan_wool":2,"enchantinginfuser:advanced_enchanting_infuser":1,"epicpaladins:arclight_sword":1,"minecraft:iron_helmet":1,"croptopia:peach":15,"minecraft:bow":13,"minecraft:furnace":2,"minecraft:cooked_cod":2,"minecraft:diorite":58,"minecraft:stone_pickaxe":76,"minecraft:oak_planks":1,"minecraft:wooden_pickaxe":14,"croptopia:almond":4,"minecraft:diamond_axe":268,"minecraft:golden_apple":1,"minecraft:glow_berries":15,"croptopia:orange":8,"croptopia:plum":1,"minecraft:bread":65,"minecraft:lectern":14,"tombstone:grave_key":21,"minecraft:polished_andesite_slab":1,"croptopia:toast":77,"minecraft:diamond_sword":198,"sons_of_sins:flesh_of_demise":2,"minecraft:smithing_table":3,"croptopia:bellpepper":1,"minecraft:andesite":3,"epicpaladins:cryorium_pickaxe":4683,"minecraft:spruce_planks":19,"minecraft:netherrack":225,"minecraft:torch":42,"minecraft:dirt":12,"minecraft:warped_wart_block":5,"croptopia:date":1,"minecraft:granite":8,"tombstone:ankh_of_pray":13,"minecraft:iron_axe":78,"minecraft:iron_boots":2,"minecraft:barrel":1,"minecraft:diamond_chestplate":1,"minecraft:golden_carrot":3,"minecraft:beef":5,"farmersdelight:cooking_pot":1,"tombstone:gift":8,"minecraft:cooked_beef":18,"minecraft:cobbled_deepslate":88,"minecraft:water_bucket":3,"croptopia:pecan":15,"croptopia:lemon":8,"minecraft:baked_potato":12,"croptopia:walnut":18,"croptopia:apricot":5,"minecraft:crafting_table":9,"minecraft:white_bed":1,"minecraft:cod":19,"minecraft:spruce_log":12,"minecraft:dark_prismarine":2,"epicpaladins:arclight_pickaxe":1560,"minecraft:diamond_pickaxe":334,"minecraft:apple":3,"tombstone:magic_scroll":32,"minecraft:iron_pickaxe":249,"minecraft:stone_axe":155,"minecraft:fishing_rod":14,"minecraft:cobblestone":340,"minecraft:potion":1,"epicpaladins:bloodstone_sword":607,"minecraft:bucket":4,"minecraft:pumpkin_pie":3,"alexsmobs:animal_dictionary":1,"minecraft:wither_rose":1,"croptopia:crab":2,"minecraft:diamond_leggings":1,"minecraft:candle":8},"minecraft:custom":{"minecraft:interact_with_crafting_table":95,"minecraft:open_barrel":104,"goblintraders:trade_with_goblin":77,"minecraft:bell_ring":1,"minecraft:eat_cake_slice":7,"minecraft:leave_game":23,"minecraft:time_since_death":328595,"minecraft:sprint_one_cm":1776858,"minecraft:damage_blocked_by_shield":6775,"minecraft:drop":46,"minecraft:talked_to_villager":69,"minecraft:play_time":744590,"minecraft:deaths":5,"minecraft:jump":11371,"minecraft:walk_on_water_one_cm":76606,"minecraft:enchant_item":1,"minecraft:interact_with_furnace":140,"minecraft:traded_with_villager":2,"minecraft:interact_with_loom":1,"minecraft:sleep_in_bed":4,"minecraft:waystone_activated":5,"minecraft:damage_dealt":40777,"minecraft:player_kills":1,"minecraft:crouch_one_cm":31437,"tombstone:undead_killed":109,"minecraft:interact_with_smoker":28,"minecraft:interact_with_smithing_table":8,"minecraft:interact_with_anvil":16,"minecraft:mob_kills":214,"minecraft:damage_dealt_resisted":415,"minecraft:climb_one_cm":28682,"minecraft:walk_one_cm":2212743,"minecraft:damage_dealt_absorbed":114,"minecraft:sneak_time":13172,"minecraft:walk_under_water_one_cm":62490,"minecraft:boat_one_cm":19483,"minecraft:interact_with_blast_furnace":54,"minecraft:total_world_time":744590,"tombstone:raider_killed":15,"minecraft:interact_with_stonecutter":1,"minecraft:interact_with_grindstone":1,"minecraft:time_since_rest":157842,"minecraft:damage_taken":13565,"tombstone:cast_on_ally":1,"minecraft:swim_one_cm":81196,"minecraft:fly_one_cm":1582515,"minecraft:open_chest":424,"minecraft:fish_caught":5,"minecraft:fall_one_cm":276812},"minecraft:picked_up":{"minecraft:wooden_axe":1,"minecraft:chiseled_deepslate":12,"minecraft:iron_chestplate":1,"minecraft:smithing_table":3,"minecraft:stone_brick_stairs":5,"minecraft:crimson_planks":3,"minecraft:string":66,"minecraft:raw_copper":15,"minecraft:armor_stand":1,"epicpaladins:bloodstone_gem":14,"minecraft:pufferfish":1,"minecraft:zombie_head":1,"alexsmobs:blood_sac":6,"minecraft:gold_nugget":54,"minecraft:cobbled_deepslate":157,"minecraft:spruce_planks":11,"minecraft:coal_block":7,"minecraft:stick":5,"epicpaladins:arclight_gem":4,"minecraft:oak_fence":2,"minecraft:torch":21,"croptopia:almond":4,"minecraft:golden_axe":1,"tombstone:grave_dust":12,"minecraft:diorite":107,"epicpaladins:moonlight_gem":1,"alexsmobs:centipede_leg":1,"croptopia:date":1,"minecraft:stone_sword":1,"minecraft:rotten_flesh":68,"minecraft:mangrove_roots":2,"minecraft:blaze_rod":6,"minecraft:obsidian":1,"croptopia:pecan":15,"minecraft:iron_bars":6,"minecraft:cod":2,"minecraft:cobblestone":577,"paraglider:paraglider":2,"minecraft:magma_block":10,"minecraft:leather_chestplate":3,"minecraft:magma_cream":2,"minecraft:andesite":43,"alexsmobs:bison_fur":2,"paraglider:spirit_orb":42,"minecraft:magenta_dye":1,"minecraft:flint":2,"minecraft:tuff":15,"create:raw_zinc":11,"croptopia:walnut":18,"minecraft:wither_skeleton_skull":1,"minecraft:lapis_lazuli":33,"minecraft:dirt":35,"minecraft:lantern":1,"minecraft:leather_boots":1,"minecraft:bone":47,"minecraft:bow":5,"minecraft:wheat_seeds":4,"minecraft:raw_gold":16,"minecraft:cobbled_deepslate_slab":2,"croptopia:bellpepper":1,"minecraft:mossy_stone_bricks":2,"minecraft:moss_block":2,"epicsamurai:raw_silver":14,"minecraft:oak_planks":1,"minecraft:mossy_stone_brick_stairs":3,"croptopia:plum":1,"graveyard:bone_dagger":2,"minecraft:warped_wart_block":6,"alexsmobs:crocodile_egg":1,"minecraft:jungle_planks":2,"minecraft:sand":13,"minecraft:grass_block":1,"minecraft:barrel":1,"minecraft:mossy_cobblestone":4,"sons_of_sins:flesh_of_demise":4,"minecraft:dark_prismarine":3,"artifacts:plastic_drinking_hat":1,"minecraft:bundle":1,"minecraft:diamond":27,"minecraft:soul_lantern":1,"waystones:waystone":1,"minecraft:granite":60,"minecraft:golden_apple":1,"minecraft:emerald":7,"minecraft:bread":17,"minecraft:netherrack":1118,"croptopia:cashew":11,"minecraft:dark_oak_fence":1,"croptopia:toast":5,"minecraft:crafting_table":4,"minecraft:azure_bluet":1,"croptopia:peach":15,"minecraft:leather_leggings":2,"minecraft:golden_pickaxe":1,"biomesoplenty:flesh":116,"epicpaladins:bloodstone_pickaxe":3,"minecraft:gold_block":31,"minecraft:iron_axe":1,"epicsamurai:jade":1,"minecraft:blackstone":32,"graveyard:corruption":11,"minecraft:cracked_stone_bricks":3,"minecraft:candle":11,"minecraft:dark_prismarine_stairs":2,"minecraft:beef":23,"alexsmobs:elastic_tendon":2,"minecraft:cyan_wool":2,"minecraft:lectern":14,"mininggadgets:mininggadget":1,"tombstone:ankh_of_pray":1,"minecraft:raw_iron":245,"minecraft:polished_deepslate_slab":5,"minecraft:raw_gold_block":18,"minecraft:dark_oak_planks":3,"minecraft:purple_candle":3,"minecraft:arrow":37,"minecraft:cooked_cod":2,"minecraft:pumpkin_pie":3,"minecraft:nether_bricks":29,"minecraft:hay_block":49,"minecraft:totem_of_undying":1,"tombstone:essence_of_undeath":1,"minecraft:gold_ingot":1,"sophisticatedbackpacks:copper_backpack":1,"minecraft:polished_blackstone":1,"minecraft:glow_berries":1,"minecraft:skeleton_skull":1,"minecraft:rail":1,"minecraft:glow_ink_sac":1,"croptopia:crab":2,"minecraft:leather":4,"croptopia:glowing_calamari":1,"artifacts:onion_ring":1,"minecraft:golden_boots":1,"minecraft:cobbled_deepslate_stairs":3,"alexsmobs:mosquito_proboscis":1,"minecraft:deepslate_tile_slab":1,"minecraft:paper":13,"tombstone:gift":1,"minecraft:stone_bricks":4,"minecraft:iron_ingot":3,"minecraft:stone_pickaxe":1,"minecraft:glass_bottle":1,"minecraft:polished_andesite_slab":3,"epicsamurai:aquamarine":8,"minecraft:iron_sword":1,"minecraft:book":243,"epicsamurai:onyx":1,"croptopia:apricot":5,"minecraft:stone_brick_slab":2,"minecraft:red_wool":1,"minecraft:quartz":44,"minecraft:gravel":31,"minecraft:amethyst_shard":11,"minecraft:spruce_sapling":6,"minecraft:red_banner":2,"minecraft:white_bed":3,"minecraft:spruce_log":109,"minecraft:crying_obsidian":1,"minecraft:mossy_stone_brick_slab":1,"minecraft:spider_eye":7,"croptopia:lemon":8,"croptopia:orange":8,"tombstone:magic_scroll":5,"minecraft:stripped_dark_oak_log":6,"minecraft:coal":53}},"DataVersion":3465}