{"stats":{"minecraft:dropped":{"minecraft:leather":1,"paraglider:spirit_orb":8,"artifacts:thorn_pendant":1,"minecraft:iron_pickaxe":1,"paraglider:paraglider":2,"epicpaladins:arclight_sword":1,"minecraft:cooked_chicken":7,"minecraft:polished_andesite_slab":2,"minecraft:rotten_flesh":8,"minecraft:chest":1,"minecraft:bread":2,"minecraft:oak_fence":1,"minecraft:stick":4,"tombstone:magic_scroll":1,"minecraft:potion":1,"minecraft:string":2,"minecraft:polished_deepslate_slab":1,"sophisticatedbackpacks:backpack":1,"minecraft:bundle":1,"minecraft:iron_chestplate":1,"minecraft:spider_eye":2,"minecraft:stone_pickaxe":1},"minecraft:mined":{"minecraft:dark_oak_planks":3,"minecraft:dark_prismarine_stairs":2,"create:deepslate_zinc_ore":1,"minecraft:spruce_planks":6,"minecraft:white_bed":3,"minecraft:mossy_stone_brick_slab":1,"minecraft:cobbled_deepslate_stairs":5,"minecraft:jungle_leaves":1,"minecraft:obsidian":1,"minecraft:granite":63,"minecraft:grass_block":12,"minecraft:coal_block":7,"minecraft:spawner":17,"epicsamurai:deepslate_jade_ore":1,"minecraft:iron_ore":112,"minecraft:cobbled_deepslate":7,"minecraft:barrel":1,"minecraft:polished_deepslate_slab":5,"minecraft:dirt_path":1,"minecraft:iron_bars":6,"epicsamurai:deepslate_silver_ore":14,"biomesoplenty:willow_leaves":1,"minecraft:deepslate_tile_slab":1,"minecraft:torch":1,"minecraft:cobblestone":15,"minecraft:oak_planks":1,"minecraft:wall_torch":11,"minecraft:skeleton_skull":1,"minecraft:cyan_wool":3,"biomesoplenty:maple_leaves":1,"minecraft:stone_brick_stairs":2,"minecraft:grass":6,"graveyard:creeper_skeleton":1,"minecraft:dirt":9,"minecraft:red_mushroom_block":1,"minecraft:oak_leaves":16,"minecraft:deepslate":153,"biomesoplenty:reed":1,"create:zinc_ore":7,"minecraft:deepslate_tiles":3,"minecraft:dark_prismarine":2,"minecraft:diamond_ore":5,"minecraft:crying_obsidian":1,"minecraft:tuff":9,"biomesoplenty:watergrass":13,"minecraft:mossy_cobblestone":1,"epicsamurai:deepslate_onyx_ore":1,"minecraft:dark_oak_leaves":6,"minecraft:deepslate_diamond_ore":21,"minecraft:candle":2,"minecraft:purple_candle":1,"minecraft:cobbled_deepslate_slab":2,"minecraft:jungle_planks":2,"minecraft:polished_andesite_slab":2,"minecraft:spruce_leaves":2,"minecraft:moss_block":1,"epicpaladins:deepslate_arclight_ore":1,"minecraft:hay_block":49,"graveyard:tg_moss_block":1,"minecraft:raw_gold_block":18,"minecraft:andesite":41,"minecraft:chiseled_deepslate":16,"minecraft:gold_block":29,"minecraft:polished_deepslate":2,"minecraft:mossy_stone_brick_stairs":1,"minecraft:bookshelf":81,"minecraft:deepslate_iron_ore":142,"minecraft:stone":471,"epicpaladins:deepslate_bloodstone_ore":1,"minecraft:stripped_dark_oak_log":7,"minecraft:stone_brick_slab":2,"epicsamurai:deepslate_aquamarine_ore":8,"minecraft:oak_fence":2,"minecraft:crafting_table":4,"minecraft:lectern":6,"minecraft:tall_grass":4,"minecraft:copper_ore":7,"minecraft:deepslate_gold_ore":13,"minecraft:cracked_deepslate_bricks":1,"minecraft:diorite":110,"graveyard:vase_block":1,"minecraft:spruce_log":119,"minecraft:birch_leaves":1,"minecraft:red_wall_banner":2,"minecraft:coal_ore":49,"minecraft:zombie_head":1,"minecraft:gravel":21,"graveyard:leaning_skeleton":2,"minecraft:cobweb":47,"minecraft:cracked_stone_bricks":2,"minecraft:stone_bricks":4,"minecraft:mossy_stone_bricks":2,"minecraft:gold_ore":3,"minecraft:fern":2},"minecraft:broken":{"minecraft:shield":1},"minecraft:crafted":{"croptopia:toast":78,"epicpaladins:arclight_pickaxe":1,"minecraft:diamond_leggings":1,"minecraft:iron_boots":2,"sophisticatedbackpacks:copper_backpack":1,"tombstone:grave_key":1,"minecraft:stripped_dark_oak_wood":3,"minecraft:chest":3,"minecraft:copper_block":12,"sophisticatedbackpacks:backpack":1,"minecraft:emerald":5,"minecraft:crafting_table":6,"minecraft:spruce_planks":92,"minecraft:wooden_pickaxe":1,"minecraft:baked_potato":6,"minecraft:iron_helmet":2,"minecraft:copper_ingot":103,"sophisticatedbackpacks:upgrade_base":1,"minecraft:iron_chestplate":1,"minecraft:diamond_pickaxe":1,"minecraft:shield":3,"sophisticatedbackpacks:diamond_backpack":1,"minecraft:stick":28,"minecraft:iron_ingot":200,"minecraft:iron_block":4,"minecraft:gold_ingot":80,"minecraft:coal":15,"sophisticatedbackpacks:stack_upgrade_tier_1":1,"minecraft:furnace":2,"sophisticatedbackpacks:stack_upgrade_starter_tier":1,"epicpaladins:bloodstone_sword":1,"minecraft:iron_axe":1,"minecraft:stone_pickaxe":1,"sophisticatedbackpacks:stack_upgrade_tier_2":1,"minecraft:wheat":441,"sophisticatedbackpacks:iron_backpack":1,"minecraft:cooked_beef":7,"minecraft:diamond_sword":1,"minecraft:iron_sword":1,"sophisticatedbackpacks:gold_backpack":1,"minecraft:bucket":1,"minecraft:stone_axe":2,"minecraft:enchanted_book":2,"minecraft:bread":151,"minecraft:flint":28,"minecraft:iron_leggings":1,"minecraft:torch":36,"minecraft:diamond_chestplate":1},"minecraft:killed":{"minecraft:cave_spider":3,"minecraft:spider":15,"alexsmobs:murmur":1,"minecraft:skeleton":30,"graveyard:acolyte":10,"minecraft:zombie_villager":2,"epicsamurai:jorogumo":1,"minecraft:creeper":4,"minecraft:pillager":6,"minecraft:zombie":60,"minecraft:cow":4,"minecraft:evoker":1,"minecraft:vindicator":8,"alexsmobs:bison":2,"graveyard:ghoul":1,"alexsmobs:cockroach":1,"sons_of_sins:betrayed_guzzler":5},"minecraft:used":{"minecraft:moss_block":1,"minecraft:purple_candle":3,"minecraft:chest":1,"minecraft:shield":279,"minecraft:iron_sword":110,"minecraft:iron_chestplate":1,"croptopia:cashew":11,"minecraft:tuff":11,"minecraft:cyan_wool":2,"epicpaladins:arclight_sword":1,"minecraft:iron_helmet":1,"minecraft:bow":1,"croptopia:peach":15,"minecraft:furnace":2,"minecraft:diorite":39,"minecraft:stone_pickaxe":76,"minecraft:oak_planks":1,"minecraft:wooden_pickaxe":14,"croptopia:almond":4,"minecraft:diamond_axe":91,"minecraft:golden_apple":1,"minecraft:glow_berries":15,"croptopia:orange":8,"croptopia:plum":1,"minecraft:bread":65,"minecraft:lectern":6,"tombstone:grave_key":21,"minecraft:polished_andesite_slab":1,"croptopia:toast":31,"minecraft:diamond_sword":1,"sons_of_sins:flesh_of_demise":2,"croptopia:bellpepper":1,"minecraft:andesite":3,"minecraft:spruce_planks":19,"minecraft:torch":38,"minecraft:dirt":12,"croptopia:date":1,"minecraft:granite":8,"minecraft:iron_axe":78,"minecraft:iron_boots":2,"minecraft:barrel":1,"minecraft:golden_carrot":3,"minecraft:beef":5,"tombstone:gift":8,"minecraft:cooked_beef":18,"minecraft:cobbled_deepslate":35,"minecraft:water_bucket":3,"croptopia:pecan":15,"croptopia:lemon":8,"minecraft:baked_potato":12,"croptopia:walnut":18,"croptopia:apricot":5,"minecraft:crafting_table":9,"minecraft:white_bed":1,"minecraft:cod":19,"minecraft:spruce_log":12,"minecraft:dark_prismarine":2,"epicpaladins:arclight_pickaxe":998,"minecraft:diamond_pickaxe":97,"minecraft:apple":3,"minecraft:iron_pickaxe":249,"minecraft:stone_axe":155,"minecraft:fishing_rod":8,"minecraft:cobblestone":182,"minecraft:potion":1,"minecraft:bucket":4,"epicpaladins:bloodstone_sword":607,"minecraft:pumpkin_pie":3,"alexsmobs:animal_dictionary":1,"croptopia:crab":2,"minecraft:diamond_leggings":1,"minecraft:candle":8},"minecraft:custom":{"minecraft:interact_with_crafting_table":81,"minecraft:open_barrel":83,"goblintraders:trade_with_goblin":77,"minecraft:bell_ring":1,"minecraft:eat_cake_slice":7,"minecraft:leave_game":13,"minecraft:time_since_death":122858,"minecraft:sprint_one_cm":1340675,"minecraft:damage_blocked_by_shield":6265,"minecraft:drop":40,"minecraft:talked_to_villager":28,"minecraft:play_time":538853,"minecraft:deaths":5,"minecraft:jump":9129,"minecraft:walk_on_water_one_cm":71746,"minecraft:interact_with_furnace":133,"minecraft:traded_with_villager":2,"minecraft:sleep_in_bed":3,"minecraft:waystone_activated":5,"minecraft:damage_dealt":33114,"minecraft:player_kills":1,"minecraft:crouch_one_cm":13203,"tombstone:undead_killed":94,"minecraft:interact_with_smoker":26,"minecraft:interact_with_smithing_table":5,"minecraft:mob_kills":158,"minecraft:interact_with_anvil":6,"minecraft:climb_one_cm":27919,"minecraft:walk_one_cm":1654363,"minecraft:sneak_time":6394,"minecraft:walk_under_water_one_cm":58540,"minecraft:boat_one_cm":19483,"minecraft:interact_with_blast_furnace":5,"minecraft:total_world_time":538853,"tombstone:raider_killed":15,"minecraft:interact_with_grindstone":1,"minecraft:interact_with_stonecutter":1,"minecraft:time_since_rest":122799,"minecraft:damage_taken":9714,"tombstone:cast_on_ally":1,"minecraft:swim_one_cm":63516,"minecraft:fly_one_cm":1295965,"minecraft:open_chest":274,"minecraft:fish_caught":2,"minecraft:fall_one_cm":244875},"minecraft:picked_up":{"minecraft:wooden_axe":1,"minecraft:chiseled_deepslate":12,"minecraft:iron_chestplate":1,"minecraft:stone_brick_stairs":5,"minecraft:string":66,"minecraft:raw_copper":15,"minecraft:armor_stand":1,"epicpaladins:bloodstone_gem":14,"minecraft:zombie_head":1,"minecraft:cobbled_deepslate":157,"minecraft:spruce_planks":11,"minecraft:coal_block":7,"minecraft:stick":5,"epicpaladins:arclight_gem":4,"minecraft:oak_fence":2,"minecraft:torch":20,"croptopia:almond":4,"minecraft:golden_axe":1,"tombstone:grave_dust":10,"minecraft:diorite":106,"alexsmobs:centipede_leg":1,"croptopia:date":1,"minecraft:stone_sword":1,"minecraft:rotten_flesh":68,"minecraft:mangrove_roots":2,"croptopia:pecan":15,"minecraft:obsidian":1,"minecraft:iron_bars":6,"minecraft:cobblestone":495,"paraglider:paraglider":2,"minecraft:leather_chestplate":3,"minecraft:andesite":43,"alexsmobs:bison_fur":2,"minecraft:magenta_dye":1,"paraglider:spirit_orb":38,"minecraft:flint":2,"minecraft:tuff":15,"create:raw_zinc":11,"croptopia:walnut":18,"minecraft:wither_skeleton_skull":1,"minecraft:dirt":23,"minecraft:lantern":1,"minecraft:leather_boots":1,"minecraft:bone":41,"minecraft:bow":2,"minecraft:wheat_seeds":4,"minecraft:raw_gold":16,"minecraft:cobbled_deepslate_slab":2,"croptopia:bellpepper":1,"minecraft:mossy_stone_bricks":2,"minecraft:moss_block":2,"minecraft:oak_planks":1,"epicsamurai:raw_silver":14,"minecraft:mossy_stone_brick_stairs":3,"croptopia:plum":1,"graveyard:bone_dagger":2,"alexsmobs:crocodile_egg":1,"minecraft:jungle_planks":2,"minecraft:grass_block":1,"minecraft:mossy_cobblestone":4,"minecraft:barrel":1,"sons_of_sins:flesh_of_demise":4,"minecraft:dark_prismarine":3,"minecraft:bundle":1,"minecraft:diamond":27,"minecraft:soul_lantern":1,"waystones:waystone":1,"minecraft:granite":60,"minecraft:golden_apple":1,"minecraft:bread":17,"minecraft:emerald":7,"croptopia:cashew":11,"minecraft:dark_oak_fence":1,"minecraft:crafting_table":4,"minecraft:azure_bluet":1,"croptopia:peach":15,"minecraft:leather_leggings":2,"minecraft:golden_pickaxe":1,"minecraft:gold_block":31,"minecraft:iron_axe":1,"epicsamurai:jade":1,"graveyard:corruption":11,"minecraft:cracked_stone_bricks":3,"minecraft:candle":11,"minecraft:dark_prismarine_stairs":2,"minecraft:beef":23,"alexsmobs:elastic_tendon":2,"minecraft:cyan_wool":2,"minecraft:lectern":6,"minecraft:raw_iron":245,"minecraft:polished_deepslate_slab":5,"minecraft:raw_gold_block":18,"minecraft:dark_oak_planks":3,"minecraft:purple_candle":3,"minecraft:arrow":34,"minecraft:pumpkin_pie":3,"minecraft:hay_block":49,"minecraft:totem_of_undying":1,"tombstone:essence_of_undeath":1,"minecraft:glow_berries":1,"minecraft:rail":1,"minecraft:skeleton_skull":1,"minecraft:glow_ink_sac":1,"croptopia:crab":2,"minecraft:leather":4,"croptopia:glowing_calamari":1,"artifacts:onion_ring":1,"minecraft:golden_boots":1,"minecraft:cobbled_deepslate_stairs":3,"minecraft:deepslate_tile_slab":1,"minecraft:paper":13,"tombstone:gift":1,"minecraft:stone_bricks":4,"minecraft:stone_pickaxe":1,"minecraft:iron_ingot":3,"minecraft:glass_bottle":1,"minecraft:polished_andesite_slab":3,"epicsamurai:aquamarine":8,"minecraft:iron_sword":1,"minecraft:book":243,"epicsamurai:onyx":1,"croptopia:apricot":5,"minecraft:stone_brick_slab":2,"minecraft:red_wool":1,"minecraft:gravel":30,"minecraft:amethyst_shard":5,"minecraft:red_banner":2,"minecraft:spruce_sapling":6,"minecraft:white_bed":3,"minecraft:spruce_log":109,"minecraft:crying_obsidian":1,"minecraft:mossy_stone_brick_slab":1,"minecraft:spider_eye":7,"croptopia:lemon":8,"croptopia:orange":8,"tombstone:magic_scroll":5,"minecraft:stripped_dark_oak_log":6,"minecraft:coal":50}},"DataVersion":3465}