{"stats":{"minecraft:used":{"minecraft:purple_candle":3,"croptopia:lemon":6,"minecraft:stone_pickaxe":76,"croptopia:apricot":5,"minecraft:spruce_planks":14,"minecraft:wooden_pickaxe":14,"minecraft:shield":57,"minecraft:iron_sword":110,"minecraft:iron_chestplate":1,"minecraft:torch":8,"minecraft:dirt":7,"minecraft:crafting_table":6,"minecraft:white_bed":1,"minecraft:cod":19,"minecraft:granite":8,"croptopia:orange":2,"epicpaladins:arclight_pickaxe":154,"minecraft:diamond_pickaxe":1,"minecraft:iron_axe":16,"minecraft:bread":57,"minecraft:iron_pickaxe":14,"minecraft:iron_boots":1,"minecraft:fishing_rod":8,"sons_of_sins:flesh_of_demise":1,"minecraft:stone_axe":155,"croptopia:peach":8,"minecraft:cobblestone":30,"minecraft:furnace":1,"croptopia:bellpepper":1,"tombstone:gift":1,"alexsmobs:animal_dictionary":1,"croptopia:crab":2,"minecraft:cobbled_deepslate":12,"minecraft:candle":8},"minecraft:crafted":{"minecraft:coal":9,"minecraft:crafting_table":3,"minecraft:spruce_planks":40,"minecraft:iron_helmet":1,"minecraft:wooden_pickaxe":1,"minecraft:iron_sword":1,"minecraft:furnace":1,"epicpaladins:arclight_pickaxe":1,"minecraft:stone_axe":2,"epicpaladins:bloodstone_sword":1,"minecraft:bread":39,"minecraft:iron_boots":1,"minecraft:iron_chestplate":1,"minecraft:diamond_pickaxe":1,"minecraft:shield":1,"minecraft:iron_axe":1,"minecraft:stick":16,"minecraft:iron_ingot":25,"minecraft:stone_pickaxe":1,"minecraft:iron_leggings":1,"minecraft:torch":8,"minecraft:diamond_chestplate":1,"minecraft:wheat":117},"minecraft:custom":{"minecraft:interact_with_furnace":53,"minecraft:mob_kills":33,"minecraft:interact_with_crafting_table":27,"minecraft:open_barrel":7,"minecraft:bell_ring":1,"minecraft:leave_game":10,"minecraft:time_since_death":151260,"minecraft:sleep_in_bed":2,"minecraft:climb_one_cm":3751,"minecraft:waystone_activated":2,"minecraft:time_since_rest":2068,"minecraft:sprint_one_cm":431590,"minecraft:damage_taken":3084,"minecraft:walk_one_cm":516309,"minecraft:damage_blocked_by_shield":1255,"minecraft:drop":6,"minecraft:damage_dealt":7212,"tombstone:cast_on_ally":0,"minecraft:player_kills":1,"minecraft:swim_one_cm":22941,"minecraft:fly_one_cm":570127,"minecraft:open_chest":31,"minecraft:crouch_one_cm":5159,"minecraft:play_time":179273,"tombstone:undead_killed":27,"minecraft:deaths":1,"minecraft:sneak_time":2062,"minecraft:walk_under_water_one_cm":32936,"minecraft:jump":4011,"minecraft:walk_on_water_one_cm":27242,"minecraft:total_world_time":179273,"minecraft:fish_caught":2,"minecraft:fall_one_cm":114451},"minecraft:dropped":{"minecraft:bread":2,"minecraft:rotten_flesh":1,"tombstone:magic_scroll":1,"minecraft:iron_chestplate":1,"minecraft:iron_pickaxe":1},"minecraft:picked_up":{"minecraft:wooden_axe":1,"minecraft:crafting_table":3,"minecraft:azure_bluet":1,"croptopia:peach":8,"croptopia:crab":2,"artifacts:onion_ring":1,"create:raw_zinc":4,"minecraft:string":2,"minecraft:dirt":9,"minecraft:lantern":1,"epicsamurai:jade":1,"epicpaladins:bloodstone_gem":14,"minecraft:bone":1,"minecraft:zombie_head":1,"minecraft:bow":1,"minecraft:wheat_seeds":2,"minecraft:candle":8,"minecraft:cobbled_deepslate":16,"minecraft:spruce_planks":8,"croptopia:bellpepper":1,"minecraft:iron_ingot":3,"minecraft:moss_block":1,"epicsamurai:aquamarine":8,"minecraft:coal_block":7,"epicsamurai:raw_silver":14,"epicsamurai:onyx":1,"minecraft:stick":4,"minecraft:raw_iron":83,"croptopia:apricot":5,"epicpaladins:arclight_gem":4,"minecraft:gravel":9,"minecraft:torch":4,"minecraft:spruce_sapling":6,"tombstone:grave_dust":2,"minecraft:white_bed":3,"minecraft:spruce_log":109,"minecraft:mossy_cobblestone":1,"alexsmobs:centipede_leg":1,"sons_of_sins:flesh_of_demise":1,"minecraft:dark_prismarine":1,"minecraft:purple_candle":3,"croptopia:lemon":6,"minecraft:arrow":4,"minecraft:rotten_flesh":14,"minecraft:diamond":14,"minecraft:hay_block":13,"croptopia:orange":2,"minecraft:granite":39,"minecraft:bread":17,"tombstone:magic_scroll":4,"minecraft:coal":15,"minecraft:skeleton_skull":1,"minecraft:cobblestone":51},"minecraft:killed":{"minecraft:spider":4,"minecraft:creeper":1,"minecraft:skeleton":5,"minecraft:zombie":22,"sons_of_sins:betrayed_guzzler":1},"minecraft:mined":{"minecraft:dark_prismarine":1,"minecraft:diamond_ore":5,"create:deepslate_zinc_ore":1,"minecraft:spruce_planks":6,"minecraft:white_bed":3,"minecraft:mossy_cobblestone":1,"epicsamurai:deepslate_onyx_ore":1,"epicpaladins:deepslate_bloodstone_ore":1,"minecraft:deepslate_diamond_ore":9,"minecraft:candle":2,"minecraft:purple_candle":1,"epicsamurai:deepslate_aquamarine_ore":8,"minecraft:crafting_table":3,"minecraft:granite":42,"minecraft:grass_block":5,"minecraft:coal_block":7,"minecraft:cobblestone":2,"minecraft:wall_torch":2,"epicpaladins:deepslate_arclight_ore":1,"minecraft:skeleton_skull":1,"minecraft:hay_block":13,"epicsamurai:deepslate_jade_ore":1,"minecraft:iron_ore":34,"minecraft:cobbled_deepslate":3,"minecraft:spruce_log":119,"biomesoplenty:maple_leaves":1,"minecraft:grass":1,"minecraft:coal_ore":13,"minecraft:deepslate_iron_ore":52,"epicsamurai:deepslate_silver_ore":14,"minecraft:zombie_head":1,"minecraft:dirt":2,"minecraft:stone":45,"minecraft:deepslate":14,"minecraft:fern":2}},"DataVersion":3465}