{"stats":{"minecraft:used":{"minecraft:purple_candle":3,"minecraft:chest":1,"minecraft:spruce_planks":15,"minecraft:shield":92,"minecraft:iron_sword":110,"minecraft:iron_chestplate":1,"minecraft:torch":23,"minecraft:dirt":9,"minecraft:tuff":9,"minecraft:granite":8,"minecraft:iron_axe":18,"minecraft:iron_boots":1,"croptopia:peach":8,"minecraft:beef":5,"minecraft:furnace":2,"tombstone:gift":2,"minecraft:cooked_beef":6,"minecraft:cobbled_deepslate":18,"croptopia:lemon":6,"minecraft:stone_pickaxe":76,"minecraft:baked_potato":12,"croptopia:apricot":5,"minecraft:wooden_pickaxe":14,"minecraft:crafting_table":7,"minecraft:white_bed":1,"minecraft:cod":19,"croptopia:orange":2,"minecraft:diamond_pickaxe":9,"epicpaladins:arclight_pickaxe":266,"minecraft:bread":62,"minecraft:iron_pickaxe":65,"minecraft:polished_andesite_slab":1,"minecraft:stone_axe":155,"minecraft:fishing_rod":8,"sons_of_sins:flesh_of_demise":1,"minecraft:cobblestone":50,"croptopia:bellpepper":1,"minecraft:bucket":1,"epicpaladins:bloodstone_sword":136,"alexsmobs:animal_dictionary":1,"croptopia:crab":2,"minecraft:candle":8},"minecraft:crafted":{"minecraft:coal":9,"minecraft:furnace":2,"sophisticatedbackpacks:stack_upgrade_starter_tier":1,"epicpaladins:arclight_pickaxe":1,"epicpaladins:bloodstone_sword":1,"minecraft:iron_boots":1,"sophisticatedbackpacks:copper_backpack":1,"minecraft:iron_axe":1,"minecraft:stone_pickaxe":1,"minecraft:chest":3,"minecraft:copper_block":12,"sophisticatedbackpacks:iron_backpack":1,"minecraft:wheat":117,"minecraft:cooked_beef":7,"minecraft:diamond_sword":1,"sophisticatedbackpacks:backpack":1,"minecraft:crafting_table":4,"minecraft:spruce_planks":64,"minecraft:baked_potato":6,"minecraft:wooden_pickaxe":1,"minecraft:iron_helmet":1,"minecraft:iron_sword":1,"minecraft:copper_ingot":103,"sophisticatedbackpacks:gold_backpack":1,"minecraft:bucket":1,"minecraft:stone_axe":2,"sophisticatedbackpacks:upgrade_base":1,"minecraft:bread":39,"minecraft:iron_chestplate":1,"minecraft:diamond_pickaxe":1,"minecraft:shield":1,"minecraft:stick":20,"minecraft:iron_ingot":101,"minecraft:gold_ingot":23,"minecraft:iron_leggings":1,"minecraft:torch":20,"minecraft:diamond_chestplate":1},"minecraft:custom":{"minecraft:interact_with_anvil":3,"minecraft:mob_kills":64,"minecraft:interact_with_crafting_table":52,"minecraft:open_barrel":26,"minecraft:bell_ring":1,"minecraft:leave_game":10,"minecraft:time_since_death":75797,"minecraft:climb_one_cm":7086,"minecraft:sprint_one_cm":641471,"minecraft:walk_one_cm":735755,"minecraft:damage_blocked_by_shield":2215,"minecraft:drop":12,"minecraft:play_time":263273,"minecraft:deaths":2,"minecraft:sneak_time":2576,"minecraft:walk_under_water_one_cm":43782,"minecraft:jump":5465,"minecraft:interact_with_blast_furnace":1,"minecraft:walk_on_water_one_cm":38914,"minecraft:total_world_time":263273,"minecraft:interact_with_furnace":117,"minecraft:sleep_in_bed":2,"minecraft:time_since_rest":73579,"minecraft:waystone_activated":3,"minecraft:damage_taken":4596,"minecraft:damage_dealt":13889,"tombstone:cast_on_ally":0,"minecraft:swim_one_cm":35860,"minecraft:fly_one_cm":828047,"minecraft:player_kills":1,"minecraft:open_chest":95,"minecraft:crouch_one_cm":6380,"tombstone:undead_killed":45,"minecraft:fish_caught":2,"minecraft:fall_one_cm":158227},"minecraft:dropped":{"minecraft:bread":2,"tombstone:magic_scroll":1,"minecraft:iron_pickaxe":1,"minecraft:string":2,"minecraft:polished_andesite_slab":2,"minecraft:rotten_flesh":1,"minecraft:iron_chestplate":1,"minecraft:chest":1,"minecraft:spider_eye":2},"minecraft:picked_up":{"minecraft:wooden_axe":1,"minecraft:chiseled_deepslate":5,"minecraft:crafting_table":3,"minecraft:azure_bluet":1,"croptopia:peach":8,"minecraft:string":10,"epicpaladins:bloodstone_gem":14,"epicsamurai:jade":1,"minecraft:zombie_head":1,"minecraft:candle":8,"minecraft:cobbled_deepslate":28,"minecraft:spruce_planks":11,"minecraft:beef":23,"alexsmobs:elastic_tendon":2,"minecraft:coal_block":7,"minecraft:raw_iron":163,"minecraft:stick":4,"epicpaladins:arclight_gem":4,"minecraft:torch":15,"tombstone:grave_dust":3,"minecraft:diorite":5,"alexsmobs:centipede_leg":1,"minecraft:purple_candle":3,"minecraft:arrow":10,"minecraft:rotten_flesh":18,"minecraft:hay_block":13,"tombstone:essence_of_undeath":1,"minecraft:obsidian":1,"minecraft:skeleton_skull":1,"minecraft:cobblestone":79,"croptopia:crab":2,"minecraft:leather":4,"paraglider:spirit_orb":6,"alexsmobs:bison_fur":2,"artifacts:onion_ring":1,"minecraft:tuff":11,"create:raw_zinc":4,"minecraft:dirt":11,"minecraft:lantern":1,"minecraft:bone":5,"minecraft:bow":1,"minecraft:wheat_seeds":3,"minecraft:raw_gold":4,"croptopia:bellpepper":1,"minecraft:iron_ingot":3,"epicsamurai:aquamarine":8,"minecraft:moss_block":1,"minecraft:polished_andesite_slab":3,"minecraft:iron_sword":1,"epicsamurai:raw_silver":14,"epicsamurai:onyx":1,"croptopia:apricot":5,"minecraft:red_wool":1,"minecraft:gravel":9,"minecraft:amethyst_shard":1,"minecraft:spruce_sapling":6,"minecraft:white_bed":3,"minecraft:spruce_log":109,"minecraft:spider_eye":2,"sons_of_sins:flesh_of_demise":1,"minecraft:mossy_cobblestone":1,"minecraft:dark_prismarine":1,"croptopia:lemon":6,"minecraft:diamond":20,"waystones:waystone":1,"croptopia:orange":2,"minecraft:granite":39,"minecraft:golden_apple":1,"minecraft:bread":17,"tombstone:magic_scroll":4,"minecraft:coal":34},"minecraft:killed":{"minecraft:spider":8,"alexsmobs:murmur":1,"minecraft:skeleton":12,"alexsmobs:bison":2,"epicsamurai:jorogumo":1,"minecraft:creeper":2,"sons_of_sins:betrayed_guzzler":1,"minecraft:zombie":32,"minecraft:cow":4},"minecraft:mined":{"minecraft:deepslate_tiles":2,"minecraft:dark_prismarine":1,"minecraft:diamond_ore":5,"create:deepslate_zinc_ore":1,"minecraft:tuff":7,"minecraft:spruce_planks":6,"minecraft:white_bed":3,"minecraft:mossy_cobblestone":1,"epicsamurai:deepslate_onyx_ore":1,"minecraft:deepslate_diamond_ore":14,"minecraft:candle":2,"minecraft:purple_candle":1,"minecraft:obsidian":1,"minecraft:granite":42,"minecraft:grass_block":6,"minecraft:coal_block":7,"minecraft:polished_andesite_slab":2,"minecraft:spawner":1,"epicpaladins:deepslate_arclight_ore":1,"minecraft:hay_block":13,"epicsamurai:deepslate_jade_ore":1,"minecraft:iron_ore":46,"minecraft:cobbled_deepslate":3,"minecraft:chiseled_deepslate":5,"minecraft:deepslate_iron_ore":123,"epicsamurai:deepslate_silver_ore":14,"minecraft:stone":72,"epicpaladins:deepslate_bloodstone_ore":1,"epicsamurai:deepslate_aquamarine_ore":8,"minecraft:crafting_table":3,"minecraft:torch":1,"minecraft:cobblestone":2,"minecraft:deepslate_gold_ore":4,"minecraft:diorite":5,"minecraft:wall_torch":7,"minecraft:skeleton_skull":1,"minecraft:spruce_log":119,"biomesoplenty:maple_leaves":1,"minecraft:grass":1,"minecraft:coal_ore":31,"minecraft:zombie_head":1,"minecraft:dirt":3,"minecraft:fern":2,"minecraft:deepslate":22}},"DataVersion":3465}