{"stats":{"minecraft:used":{"minecraft:purple_candle":3,"minecraft:chest":1,"minecraft:spruce_planks":17,"minecraft:shield":124,"minecraft:iron_sword":110,"minecraft:iron_chestplate":1,"minecraft:torch":34,"minecraft:dirt":10,"croptopia:cashew":1,"minecraft:tuff":11,"minecraft:granite":8,"minecraft:iron_axe":20,"minecraft:iron_boots":1,"croptopia:peach":15,"minecraft:beef":5,"minecraft:furnace":2,"tombstone:gift":5,"minecraft:cooked_beef":17,"minecraft:cobbled_deepslate":19,"croptopia:pecan":6,"croptopia:lemon":8,"minecraft:stone_pickaxe":76,"minecraft:baked_potato":12,"croptopia:apricot":5,"minecraft:wooden_pickaxe":14,"minecraft:golden_apple":1,"minecraft:glow_berries":13,"minecraft:crafting_table":8,"minecraft:white_bed":1,"minecraft:cod":19,"croptopia:orange":8,"minecraft:dark_prismarine":1,"minecraft:diamond_pickaxe":11,"epicpaladins:arclight_pickaxe":678,"minecraft:apple":3,"minecraft:bread":62,"minecraft:iron_pickaxe":110,"minecraft:lectern":2,"minecraft:polished_andesite_slab":1,"minecraft:stone_axe":155,"minecraft:fishing_rod":8,"sons_of_sins:flesh_of_demise":2,"minecraft:cobblestone":83,"minecraft:andesite":2,"croptopia:bellpepper":1,"minecraft:bucket":1,"epicpaladins:bloodstone_sword":236,"alexsmobs:animal_dictionary":1,"croptopia:crab":2,"minecraft:candle":8},"minecraft:crafted":{"minecraft:coal":15,"sophisticatedbackpacks:stack_upgrade_tier_1":1,"minecraft:furnace":2,"sophisticatedbackpacks:stack_upgrade_starter_tier":1,"epicpaladins:arclight_pickaxe":1,"epicpaladins:bloodstone_sword":1,"minecraft:iron_boots":1,"sophisticatedbackpacks:copper_backpack":1,"minecraft:iron_axe":1,"minecraft:stone_pickaxe":1,"minecraft:chest":3,"sophisticatedbackpacks:stack_upgrade_tier_2":1,"minecraft:copper_block":12,"sophisticatedbackpacks:iron_backpack":1,"minecraft:wheat":117,"minecraft:cooked_beef":7,"minecraft:emerald":5,"minecraft:diamond_sword":1,"sophisticatedbackpacks:backpack":1,"minecraft:crafting_table":5,"minecraft:spruce_planks":80,"minecraft:baked_potato":6,"minecraft:wooden_pickaxe":1,"minecraft:iron_helmet":1,"minecraft:iron_sword":1,"minecraft:copper_ingot":103,"sophisticatedbackpacks:gold_backpack":1,"minecraft:bucket":1,"minecraft:stone_axe":2,"sophisticatedbackpacks:upgrade_base":1,"minecraft:bread":39,"minecraft:iron_chestplate":1,"minecraft:diamond_pickaxe":1,"minecraft:shield":2,"sophisticatedbackpacks:diamond_backpack":1,"minecraft:stick":28,"minecraft:flint":28,"minecraft:iron_ingot":200,"minecraft:iron_block":4,"minecraft:gold_ingot":80,"minecraft:iron_leggings":1,"minecraft:torch":36,"minecraft:diamond_chestplate":1},"minecraft:custom":{"minecraft:interact_with_anvil":3,"minecraft:mob_kills":86,"minecraft:interact_with_crafting_table":62,"minecraft:open_barrel":34,"goblintraders:trade_with_goblin":77,"minecraft:bell_ring":1,"minecraft:leave_game":10,"minecraft:time_since_death":165797,"minecraft:climb_one_cm":11512,"minecraft:sprint_one_cm":878079,"minecraft:walk_one_cm":986751,"minecraft:damage_blocked_by_shield":3025,"minecraft:drop":30,"minecraft:talked_to_villager":6,"minecraft:play_time":353273,"minecraft:deaths":2,"minecraft:sneak_time":3749,"minecraft:walk_under_water_one_cm":49182,"minecraft:jump":6787,"minecraft:interact_with_blast_furnace":1,"minecraft:walk_on_water_one_cm":41233,"minecraft:total_world_time":353273,"minecraft:interact_with_furnace":129,"minecraft:interact_with_grindstone":1,"minecraft:interact_with_stonecutter":1,"minecraft:sleep_in_bed":3,"minecraft:time_since_rest":39046,"minecraft:waystone_activated":4,"minecraft:damage_taken":5869,"minecraft:damage_dealt":18312,"tombstone:cast_on_ally":1,"minecraft:swim_one_cm":42750,"minecraft:fly_one_cm":1027756,"minecraft:player_kills":1,"minecraft:open_chest":168,"minecraft:crouch_one_cm":7828,"tombstone:undead_killed":60,"minecraft:fish_caught":2,"minecraft:fall_one_cm":184507},"minecraft:dropped":{"minecraft:bread":2,"minecraft:leather":1,"paraglider:spirit_orb":8,"minecraft:stick":4,"tombstone:magic_scroll":1,"minecraft:iron_pickaxe":1,"paraglider:paraglider":2,"minecraft:string":2,"minecraft:polished_andesite_slab":2,"minecraft:polished_deepslate_slab":1,"minecraft:rotten_flesh":6,"minecraft:iron_chestplate":1,"minecraft:chest":1,"minecraft:spider_eye":2},"minecraft:picked_up":{"minecraft:wooden_axe":1,"minecraft:chiseled_deepslate":12,"minecraft:crafting_table":3,"minecraft:azure_bluet":1,"croptopia:peach":15,"minecraft:leather_leggings":2,"minecraft:gold_block":31,"minecraft:string":16,"minecraft:armor_stand":1,"epicpaladins:bloodstone_gem":14,"epicsamurai:jade":1,"minecraft:zombie_head":1,"graveyard:corruption":4,"minecraft:candle":8,"minecraft:cobbled_deepslate":88,"minecraft:spruce_planks":11,"minecraft:beef":23,"alexsmobs:elastic_tendon":2,"minecraft:lectern":2,"minecraft:coal_block":7,"minecraft:raw_iron":174,"minecraft:stick":4,"minecraft:polished_deepslate_slab":1,"minecraft:raw_gold_block":18,"epicpaladins:arclight_gem":4,"minecraft:torch":18,"tombstone:grave_dust":4,"minecraft:diorite":44,"alexsmobs:centipede_leg":1,"minecraft:purple_candle":3,"minecraft:stone_sword":1,"minecraft:arrow":20,"minecraft:rotten_flesh":33,"minecraft:hay_block":13,"tombstone:essence_of_undeath":1,"croptopia:pecan":11,"minecraft:obsidian":1,"minecraft:iron_bars":6,"minecraft:skeleton_skull":1,"minecraft:cobblestone":243,"paraglider:paraglider":2,"minecraft:leather_chestplate":3,"minecraft:andesite":27,"croptopia:crab":2,"minecraft:leather":4,"paraglider:spirit_orb":20,"alexsmobs:bison_fur":2,"artifacts:onion_ring":1,"minecraft:flint":2,"minecraft:tuff":13,"create:raw_zinc":11,"croptopia:walnut":3,"minecraft:wither_skeleton_skull":1,"minecraft:dirt":20,"minecraft:lantern":1,"tombstone:gift":1,"minecraft:leather_boots":1,"minecraft:bone":18,"minecraft:bow":1,"minecraft:wheat_seeds":3,"minecraft:raw_gold":12,"croptopia:bellpepper":1,"minecraft:iron_ingot":3,"epicsamurai:aquamarine":8,"minecraft:moss_block":1,"minecraft:polished_andesite_slab":3,"minecraft:iron_sword":1,"epicsamurai:raw_silver":14,"epicsamurai:onyx":1,"croptopia:apricot":5,"graveyard:bone_dagger":1,"minecraft:red_wool":1,"minecraft:gravel":23,"minecraft:grass_block":1,"minecraft:amethyst_shard":1,"minecraft:spruce_sapling":6,"minecraft:white_bed":3,"minecraft:spruce_log":109,"minecraft:spider_eye":2,"sons_of_sins:flesh_of_demise":2,"minecraft:mossy_cobblestone":1,"minecraft:dark_prismarine":2,"croptopia:lemon":8,"minecraft:diamond":22,"waystones:waystone":1,"croptopia:orange":8,"minecraft:granite":53,"minecraft:golden_apple":1,"minecraft:bread":17,"tombstone:magic_scroll":5,"croptopia:cashew":1,"minecraft:coal":47},"minecraft:killed":{"minecraft:spider":10,"alexsmobs:murmur":1,"minecraft:skeleton":21,"graveyard:acolyte":3,"alexsmobs:bison":2,"graveyard:ghoul":1,"minecraft:zombie_villager":1,"epicsamurai:jorogumo":1,"minecraft:creeper":2,"sons_of_sins:betrayed_guzzler":3,"minecraft:zombie":36,"minecraft:cow":4},"minecraft:mined":{"create:zinc_ore":7,"minecraft:deepslate_tiles":3,"minecraft:dark_prismarine":1,"minecraft:diamond_ore":5,"create:deepslate_zinc_ore":1,"minecraft:tuff":7,"minecraft:spruce_planks":6,"minecraft:white_bed":3,"minecraft:mossy_cobblestone":1,"epicsamurai:deepslate_onyx_ore":1,"minecraft:deepslate_diamond_ore":16,"minecraft:candle":2,"minecraft:purple_candle":1,"minecraft:obsidian":1,"minecraft:granite":56,"minecraft:grass_block":9,"minecraft:coal_block":7,"minecraft:polished_andesite_slab":2,"minecraft:spruce_leaves":2,"minecraft:spawner":8,"epicpaladins:deepslate_arclight_ore":1,"minecraft:hay_block":13,"epicsamurai:deepslate_jade_ore":1,"minecraft:raw_gold_block":18,"minecraft:iron_ore":52,"minecraft:cobbled_deepslate":3,"minecraft:andesite":25,"minecraft:chiseled_deepslate":16,"minecraft:gold_block":29,"minecraft:polished_deepslate":2,"minecraft:polished_deepslate_slab":1,"minecraft:deepslate_iron_ore":131,"minecraft:iron_bars":6,"epicsamurai:deepslate_silver_ore":14,"minecraft:stone":243,"epicpaladins:deepslate_bloodstone_ore":1,"epicsamurai:deepslate_aquamarine_ore":8,"minecraft:crafting_table":3,"minecraft:torch":1,"minecraft:lectern":2,"minecraft:tall_grass":3,"minecraft:cobblestone":2,"minecraft:deepslate_gold_ore":12,"minecraft:cracked_deepslate_bricks":1,"minecraft:diorite":44,"minecraft:wall_torch":10,"minecraft:skeleton_skull":1,"minecraft:spruce_log":119,"minecraft:birch_leaves":1,"biomesoplenty:maple_leaves":1,"graveyard:creeper_skeleton":1,"minecraft:grass":2,"minecraft:coal_ore":45,"minecraft:zombie_head":1,"minecraft:gravel":20,"minecraft:dirt":8,"minecraft:cobweb":3,"minecraft:red_mushroom_block":1,"minecraft:fern":2,"minecraft:deepslate":83}},"DataVersion":3465}