{"stats":{"minecraft:dropped":{"minecraft:bread":2,"minecraft:leather":1,"paraglider:spirit_orb":8,"minecraft:stick":4,"tombstone:magic_scroll":1,"minecraft:iron_pickaxe":1,"paraglider:paraglider":2,"minecraft:string":2,"minecraft:polished_andesite_slab":2,"minecraft:rotten_flesh":8,"minecraft:polished_deepslate_slab":1,"minecraft:iron_chestplate":1,"minecraft:chest":1,"minecraft:spider_eye":2},"minecraft:mined":{"create:zinc_ore":7,"minecraft:dark_prismarine":1,"minecraft:deepslate_tiles":3,"minecraft:diamond_ore":5,"create:deepslate_zinc_ore":1,"minecraft:tuff":7,"minecraft:spruce_planks":6,"minecraft:white_bed":3,"minecraft:mossy_cobblestone":1,"epicsamurai:deepslate_onyx_ore":1,"minecraft:dark_oak_leaves":6,"minecraft:deepslate_diamond_ore":16,"minecraft:candle":2,"minecraft:cobbled_deepslate_stairs":3,"minecraft:purple_candle":1,"minecraft:obsidian":1,"minecraft:granite":56,"minecraft:cobbled_deepslate_slab":1,"minecraft:grass_block":10,"minecraft:coal_block":7,"minecraft:polished_andesite_slab":2,"minecraft:spruce_leaves":2,"minecraft:spawner":8,"epicpaladins:deepslate_arclight_ore":1,"minecraft:hay_block":49,"epicsamurai:deepslate_jade_ore":1,"graveyard:tg_moss_block":1,"minecraft:raw_gold_block":18,"minecraft:iron_ore":52,"minecraft:cobbled_deepslate":6,"minecraft:andesite":25,"minecraft:chiseled_deepslate":16,"minecraft:gold_block":29,"minecraft:polished_deepslate":2,"minecraft:dirt_path":1,"minecraft:polished_deepslate_slab":1,"minecraft:deepslate_iron_ore":131,"minecraft:iron_bars":6,"epicsamurai:deepslate_silver_ore":14,"minecraft:stone":243,"epicpaladins:deepslate_bloodstone_ore":1,"minecraft:stripped_dark_oak_log":3,"minecraft:deepslate_tile_slab":1,"epicsamurai:deepslate_aquamarine_ore":8,"minecraft:crafting_table":3,"minecraft:torch":1,"minecraft:lectern":2,"minecraft:tall_grass":3,"minecraft:cobblestone":2,"minecraft:deepslate_gold_ore":12,"minecraft:cracked_deepslate_bricks":1,"minecraft:diorite":44,"minecraft:wall_torch":11,"minecraft:skeleton_skull":1,"minecraft:spruce_log":119,"minecraft:birch_leaves":1,"biomesoplenty:maple_leaves":1,"minecraft:grass":3,"graveyard:creeper_skeleton":1,"minecraft:coal_ore":45,"minecraft:zombie_head":1,"minecraft:gravel":20,"graveyard:leaning_skeleton":1,"minecraft:dirt":8,"minecraft:cobweb":5,"minecraft:red_mushroom_block":1,"minecraft:deepslate":83,"minecraft:oak_leaves":12,"minecraft:fern":2,"minecraft:dark_oak_planks":2},"minecraft:killed":{"minecraft:spider":10,"alexsmobs:murmur":1,"minecraft:skeleton":21,"graveyard:acolyte":4,"alexsmobs:bison":2,"graveyard:ghoul":1,"minecraft:zombie_villager":1,"epicsamurai:jorogumo":1,"minecraft:creeper":2,"minecraft:zombie":40,"sons_of_sins:betrayed_guzzler":3,"minecraft:cow":4},"minecraft:crafted":{"minecraft:coal":15,"sophisticatedbackpacks:stack_upgrade_tier_1":1,"minecraft:furnace":2,"croptopia:toast":78,"sophisticatedbackpacks:stack_upgrade_starter_tier":1,"epicpaladins:arclight_pickaxe":1,"epicpaladins:bloodstone_sword":1,"minecraft:diamond_leggings":1,"minecraft:iron_boots":2,"sophisticatedbackpacks:copper_backpack":1,"minecraft:iron_axe":1,"minecraft:stone_pickaxe":1,"minecraft:chest":3,"sophisticatedbackpacks:stack_upgrade_tier_2":1,"minecraft:copper_block":12,"sophisticatedbackpacks:iron_backpack":1,"minecraft:wheat":441,"minecraft:cooked_beef":7,"minecraft:diamond_sword":1,"minecraft:emerald":5,"sophisticatedbackpacks:backpack":1,"minecraft:crafting_table":5,"minecraft:spruce_planks":80,"minecraft:iron_helmet":2,"minecraft:wooden_pickaxe":1,"minecraft:baked_potato":6,"minecraft:iron_sword":1,"minecraft:copper_ingot":103,"sophisticatedbackpacks:gold_backpack":1,"minecraft:bucket":1,"minecraft:stone_axe":2,"sophisticatedbackpacks:upgrade_base":1,"minecraft:bread":151,"minecraft:iron_chestplate":1,"minecraft:diamond_pickaxe":1,"minecraft:shield":2,"sophisticatedbackpacks:diamond_backpack":1,"minecraft:stick":28,"minecraft:flint":28,"minecraft:iron_ingot":200,"minecraft:iron_block":4,"minecraft:iron_leggings":1,"minecraft:gold_ingot":80,"minecraft:torch":36,"minecraft:diamond_chestplate":1},"minecraft:used":{"minecraft:purple_candle":3,"minecraft:chest":1,"minecraft:spruce_planks":17,"minecraft:shield":145,"minecraft:iron_sword":110,"minecraft:torch":35,"minecraft:iron_chestplate":1,"minecraft:dirt":10,"croptopia:cashew":11,"minecraft:tuff":11,"minecraft:granite":8,"minecraft:iron_axe":68,"minecraft:iron_helmet":1,"minecraft:iron_boots":2,"croptopia:peach":15,"minecraft:beef":5,"minecraft:furnace":2,"tombstone:gift":5,"minecraft:cooked_beef":18,"minecraft:cobbled_deepslate":19,"croptopia:pecan":15,"croptopia:lemon":8,"minecraft:baked_potato":12,"croptopia:walnut":18,"minecraft:stone_pickaxe":76,"croptopia:apricot":5,"minecraft:wooden_pickaxe":14,"croptopia:almond":4,"minecraft:golden_apple":1,"minecraft:glow_berries":13,"minecraft:crafting_table":8,"minecraft:white_bed":1,"minecraft:cod":19,"minecraft:spruce_log":8,"croptopia:orange":8,"minecraft:dark_prismarine":1,"epicpaladins:arclight_pickaxe":678,"minecraft:diamond_pickaxe":11,"minecraft:apple":3,"minecraft:bread":63,"minecraft:iron_pickaxe":119,"minecraft:lectern":2,"tombstone:grave_key":10,"minecraft:polished_andesite_slab":1,"minecraft:stone_axe":155,"croptopia:toast":2,"minecraft:fishing_rod":8,"sons_of_sins:flesh_of_demise":2,"minecraft:cobblestone":83,"minecraft:andesite":2,"croptopia:bellpepper":1,"epicpaladins:bloodstone_sword":256,"minecraft:bucket":1,"alexsmobs:animal_dictionary":1,"minecraft:diamond_leggings":1,"croptopia:crab":2,"minecraft:candle":8},"minecraft:custom":{"minecraft:interact_with_anvil":3,"minecraft:mob_kills":91,"minecraft:interact_with_crafting_table":78,"minecraft:open_barrel":49,"goblintraders:trade_with_goblin":77,"minecraft:bell_ring":1,"minecraft:leave_game":11,"minecraft:time_since_death":35780,"minecraft:climb_one_cm":13790,"minecraft:sprint_one_cm":929136,"minecraft:walk_one_cm":1103466,"minecraft:damage_blocked_by_shield":3335,"minecraft:drop":32,"minecraft:talked_to_villager":7,"minecraft:play_time":390161,"minecraft:sneak_time":4555,"minecraft:deaths":3,"minecraft:walk_under_water_one_cm":49182,"minecraft:jump":7130,"minecraft:interact_with_blast_furnace":1,"minecraft:walk_on_water_one_cm":41233,"minecraft:total_world_time":390161,"minecraft:interact_with_furnace":129,"minecraft:interact_with_stonecutter":1,"minecraft:interact_with_grindstone":1,"minecraft:sleep_in_bed":3,"minecraft:time_since_rest":35248,"minecraft:waystone_activated":4,"minecraft:damage_taken":6271,"minecraft:damage_dealt":19372,"tombstone:cast_on_ally":1,"minecraft:player_kills":1,"minecraft:swim_one_cm":42750,"minecraft:fly_one_cm":1062808,"minecraft:open_chest":183,"minecraft:crouch_one_cm":8671,"tombstone:undead_killed":64,"minecraft:interact_with_smoker":23,"minecraft:fall_one_cm":193927,"minecraft:fish_caught":2},"minecraft:picked_up":{"minecraft:wooden_axe":1,"minecraft:chiseled_deepslate":12,"minecraft:crafting_table":3,"minecraft:azure_bluet":1,"croptopia:peach":15,"minecraft:leather_leggings":2,"minecraft:gold_block":31,"minecraft:string":18,"epicsamurai:jade":1,"minecraft:armor_stand":1,"epicpaladins:bloodstone_gem":14,"minecraft:zombie_head":1,"graveyard:corruption":5,"minecraft:candle":8,"minecraft:cobbled_deepslate":90,"minecraft:spruce_planks":11,"minecraft:beef":23,"alexsmobs:elastic_tendon":2,"minecraft:lectern":2,"minecraft:coal_block":7,"minecraft:stick":4,"minecraft:raw_iron":174,"minecraft:polished_deepslate_slab":1,"minecraft:raw_gold_block":18,"epicpaladins:arclight_gem":4,"minecraft:torch":19,"croptopia:almond":4,"tombstone:grave_dust":6,"minecraft:diorite":44,"alexsmobs:centipede_leg":1,"croptopia:date":1,"minecraft:dark_oak_planks":2,"minecraft:purple_candle":3,"minecraft:stone_sword":1,"minecraft:arrow":20,"minecraft:rotten_flesh":39,"minecraft:pumpkin_pie":3,"minecraft:hay_block":49,"tombstone:essence_of_undeath":1,"minecraft:obsidian":1,"croptopia:pecan":15,"minecraft:iron_bars":6,"minecraft:skeleton_skull":1,"minecraft:cobblestone":243,"paraglider:paraglider":2,"minecraft:leather_chestplate":3,"minecraft:andesite":27,"croptopia:crab":2,"minecraft:leather":4,"alexsmobs:bison_fur":2,"artifacts:onion_ring":1,"paraglider:spirit_orb":20,"minecraft:flint":2,"minecraft:tuff":13,"create:raw_zinc":11,"croptopia:walnut":18,"minecraft:cobbled_deepslate_stairs":3,"minecraft:wither_skeleton_skull":1,"minecraft:deepslate_tile_slab":1,"minecraft:dirt":21,"minecraft:lantern":1,"tombstone:gift":1,"minecraft:leather_boots":1,"minecraft:bone":18,"minecraft:bow":1,"minecraft:wheat_seeds":4,"minecraft:raw_gold":12,"minecraft:cobbled_deepslate_slab":1,"croptopia:bellpepper":1,"minecraft:iron_ingot":3,"minecraft:moss_block":2,"epicsamurai:aquamarine":8,"minecraft:polished_andesite_slab":3,"epicsamurai:raw_silver":14,"minecraft:iron_sword":1,"epicsamurai:onyx":1,"croptopia:apricot":5,"minecraft:red_wool":1,"graveyard:bone_dagger":1,"minecraft:gravel":23,"minecraft:amethyst_shard":1,"minecraft:spruce_sapling":6,"minecraft:spruce_log":109,"minecraft:white_bed":3,"minecraft:grass_block":1,"minecraft:spider_eye":2,"minecraft:mossy_cobblestone":1,"sons_of_sins:flesh_of_demise":2,"minecraft:dark_prismarine":2,"croptopia:lemon":8,"minecraft:diamond":22,"waystones:waystone":1,"croptopia:orange":8,"minecraft:granite":53,"minecraft:golden_apple":1,"minecraft:bread":17,"tombstone:magic_scroll":5,"croptopia:cashew":11,"minecraft:stripped_dark_oak_log":2,"minecraft:coal":47}},"DataVersion":3465}