{"stats":{"minecraft:killed":{"twilightforest:boar":1,"minecraft:cave_spider":7,"twilightforest:hostile_wolf":1,"minecraft:zombified_piglin":2,"minecraft:witch":5,"graveyard:skeleton_creeper":1,"minecraft:spider":25,"alexsmobs:murmur":1,"minecraft:skeleton":106,"graveyard:acolyte":10,"minecraft:chicken":1,"minecraft:silverfish":5,"alexsmobs:centipede_head":2,"minecraft:piglin_brute":1,"artifacts:mimic":1,"epicsamurai:enenra":7,"minecraft:magma_cube":10,"minecraft:piglin":3,"minecraft:pig":4,"minecraft:zombie_villager":2,"epicsamurai:jorogumo":2,"minecraft:creeper":23,"twilightforest:skeleton_druid":4,"alexsmobs:crimson_mosquito":11,"twilightforest:mist_wolf":1,"twilightforest:redcap":9,"minecraft:pillager":26,"minecraft:zombie":136,"minecraft:ghast":1,"minecraft:stray":7,"alexsmobs:fly":1,"minecraft:cow":4,"minecraft:blaze":8,"minecraft:evoker":1,"graveyard:nightmare":1,"minecraft:vindicator":22,"twilightforest:naga":1,"twilightforest:swarm_spider":20,"twilightforest:hedge_spider":1,"twilightforest:death_tome":1,"alexsmobs:bison":2,"minecraft:drowned":1,"alexsmobs:skreecher":2,"minecraft:warden":1,"graveyard:ghoul":1,"epicsamurai:akaname":8,"twilightforest:kobold":10,"twilightforest:redcap_sapper":1,"minecraft:ravager":1,"minecraft:hoglin":1,"minecraft:squid":1,"sons_of_sins:betrayed_guzzler":16,"alexsmobs:cockroach":1,"alexsmobs:crocodile":1,"minecraft:wither_skeleton":6,"minecraft:enderman":1},"minecraft:mined":{"minecraft:dark_oak_planks":3,"minecraft:dark_prismarine_stairs":2,"create:deepslate_zinc_ore":12,"minecraft:spruce_planks":6,"minecraft:white_bed":3,"minecraft:cobbled_deepslate_stairs":5,"minecraft:mossy_stone_brick_slab":1,"minecraft:sculk_vein":102,"minecraft:jungle_leaves":1,"minecraft:obsidian":1,"minecraft:granite":85,"minecraft:grass_block":46,"minecraft:coal_block":7,"minecraft:spawner":33,"minecraft:smooth_stone":1,"minecraft:tall_seagrass":1,"epicsamurai:deepslate_jade_ore":3,"minecraft:magma_block":13,"minecraft:sculk_catalyst":6,"minecraft:glowstone":64,"minecraft:iron_ore":220,"minecraft:barrel":3,"minecraft:fire":22,"minecraft:cobbled_deepslate":7,"minecraft:deepslate_lapis_ore":8,"biomesoplenty:hanging_cobweb":1,"minecraft:dirt_path":3,"minecraft:polished_deepslate_slab":7,"biomesoplenty:webbing":1,"minecraft:iron_bars":6,"epicsamurai:deepslate_silver_ore":22,"minecraft:spruce_slab":1,"biomesoplenty:willow_leaves":1,"minecraft:deepslate_redstone_ore":49,"minecraft:blackstone":113,"biomesoplenty:glowworm_silk":1,"minecraft:soul_fire":6,"minecraft:deepslate_tile_slab":1,"minecraft:torch":1,"minecraft:calcite":1,"minecraft:nether_quartz_ore":560,"minecraft:cobblestone":63,"minecraft:oak_planks":6,"minecraft:wall_torch":11,"minecraft:skeleton_skull":1,"minecraft:cyan_wool":3,"biomesoplenty:glowworm_silk_strand":1,"epicpaladins:deepslate_cryorium_ore":6,"biomesoplenty:maple_leaves":1,"minecraft:stone_brick_stairs":2,"minecraft:grass":17,"minecraft:cracked_deepslate_tiles":1,"graveyard:creeper_skeleton":1,"minecraft:dirt":117,"minecraft:smooth_quartz":4,"minecraft:sand":13,"minecraft:crimson_planks":3,"minecraft:raw_copper_block":2,"minecraft:red_mushroom_block":1,"minecraft:ancient_debris":30,"minecraft:netherrack":12100,"minecraft:deepslate":2206,"minecraft:oak_leaves":21,"biomesoplenty:reed":1,"create:zinc_ore":7,"minecraft:nether_gold_ore":135,"minecraft:dark_prismarine":2,"minecraft:deepslate_tiles":3,"minecraft:diamond_ore":6,"minecraft:crying_obsidian":1,"minecraft:tuff":208,"biomesoplenty:watergrass":13,"minecraft:yellow_wall_banner":1,"minecraft:mossy_cobblestone":2,"epicsamurai:deepslate_onyx_ore":10,"minecraft:dark_oak_leaves":6,"minecraft:deepslate_diamond_ore":253,"minecraft:candle":2,"minecraft:mangrove_roots":1,"minecraft:purple_candle":1,"minecraft:cobbled_deepslate_slab":3,"minecraft:nether_bricks":32,"minecraft:jungle_planks":5,"minecraft:polished_andesite_slab":2,"minecraft:spruce_leaves":3,"minecraft:moss_block":1,"epicpaladins:deepslate_arclight_ore":10,"minecraft:large_fern":1,"minecraft:hay_block":49,"graveyard:tg_moss_block":1,"minecraft:raw_gold_block":18,"minecraft:andesite":41,"twilightforest:twilight_oak_leaves":1,"minecraft:chiseled_deepslate":16,"biomesoplenty:flesh":164,"minecraft:peony":1,"minecraft:gold_block":29,"minecraft:polished_deepslate":2,"minecraft:mossy_stone_brick_stairs":1,"minecraft:bookshelf":81,"twilightforest:firefly_jar":2,"minecraft:deepslate_iron_ore":176,"biomesoplenty:barley":2,"minecraft:stone":869,"minecraft:white_wool":38,"minecraft:ender_chest":1,"minecraft:smithing_table":4,"biomesoplenty:porous_flesh":1,"epicpaladins:deepslate_bloodstone_ore":6,"minecraft:stripped_dark_oak_log":7,"twilightforest:hedge":1,"minecraft:basalt":13,"minecraft:stone_brick_slab":2,"epicsamurai:deepslate_aquamarine_ore":14,"minecraft:oak_fence":2,"minecraft:crafting_table":4,"minecraft:emerald_ore":2,"minecraft:sculk_sensor":17,"minecraft:lectern":25,"minecraft:copper_ore":40,"minecraft:tall_grass":8,"minecraft:deepslate_gold_ore":73,"minecraft:cracked_deepslate_bricks":1,"minecraft:diorite":113,"minecraft:sculk":1781,"minecraft:warped_wart_block":7,"minecraft:black_stained_glass":2,"minecraft:coarse_dirt":1,"graveyard:vase_block":1,"minecraft:cobblestone_wall":1,"minecraft:black_wall_banner":1,"minecraft:spruce_log":119,"minecraft:birch_leaves":3,"minecraft:red_wall_banner":2,"minecraft:coal_ore":138,"minecraft:cyan_carpet":1,"minecraft:zombie_head":1,"minecraft:gravel":76,"graveyard:leaning_skeleton":2,"minecraft:cobweb":75,"minecraft:cracked_stone_bricks":3,"minecraft:polished_blackstone":1,"minecraft:stone_bricks":21,"minecraft:mossy_stone_bricks":7,"minecraft:gold_ore":9,"minecraft:infested_stone":4,"minecraft:fern":3},"minecraft:picked_up":{"minecraft:wooden_axe":1,"minecraft:chiseled_deepslate":12,"minecraft:iron_chestplate":1,"minecraft:wheat":17,"minecraft:smithing_table":4,"minecraft:lead":4,"minecraft:diamond_sword":1,"minecraft:enchanted_book":1,"minecraft:potion":1,"minecraft:stone_brick_stairs":8,"minecraft:crimson_planks":3,"minecraft:golden_sword":2,"minecraft:string":174,"minecraft:raw_copper":349,"epicpaladins:bloodstone_gem":31,"minecraft:armor_stand":1,"minecraft:netherite_ingot":1,"minecraft:pufferfish":1,"minecraft:zombie_head":1,"alexsmobs:blood_sac":6,"minecraft:smooth_stone":1,"minecraft:gold_nugget":931,"minecraft:cobbled_deepslate":2246,"minecraft:spruce_planks":11,"minecraft:written_book":1,"minecraft:netherite_upgrade_smithing_template":3,"minecraft:iron_pickaxe":3,"minecraft:smooth_quartz":4,"minecraft:coal_block":7,"twilightforest:firefly_jar":2,"minecraft:iron_boots":2,"minecraft:tipped_arrow":3,"minecraft:stick":14,"twilightforest:magic_map":1,"epicpaladins:arclight_gem":24,"minecraft:oak_fence":5,"minecraft:torch":23,"minecraft:porkchop":4,"croptopia:almond":4,"minecraft:golden_axe":1,"tombstone:grave_dust":30,"minecraft:diorite":107,"epicpaladins:moonlight_gem":1,"alexsmobs:centipede_leg":1,"croptopia:date":1,"minecraft:yellow_banner":1,"minecraft:stone_sword":1,"minecraft:rotten_flesh":161,"epicpaladins:cryorium_gem":16,"farmersdelight:rope":1,"minecraft:glowstone":64,"minecraft:bookshelf":10,"minecraft:mangrove_roots":3,"minecraft:blaze_rod":6,"minecraft:obsidian":9,"croptopia:pecan":15,"minecraft:iron_bars":6,"minecraft:cod":2,"minecraft:cobblestone":826,"paraglider:paraglider":2,"minecraft:magma_block":10,"minecraft:leather_chestplate":3,"minecraft:magma_cream":2,"minecraft:andesite":43,"twilightforest:ore_magnet":1,"alexsmobs:bison_fur":2,"paraglider:spirit_orb":70,"minecraft:magenta_dye":1,"minecraft:flint":4,"minecraft:tuff":208,"create:raw_zinc":36,"croptopia:walnut":18,"minecraft:wither_skeleton_skull":1,"minecraft:lapis_lazuli":136,"minecraft:dirt":161,"minecraft:lantern":1,"twilightforest:canopy_sapling":1,"minecraft:leather_boots":1,"minecraft:bone":237,"croptopia:corn":1,"minecraft:bow":11,"minecraft:wheat_seeds":19,"minecraft:raw_gold":197,"minecraft:cobbled_deepslate_slab":3,"croptopia:bellpepper":1,"create:goggles":1,"minecraft:mossy_stone_bricks":6,"minecraft:glowstone_dust":18,"minecraft:moss_block":2,"epicsamurai:raw_silver":34,"minecraft:oak_planks":6,"minecraft:mossy_stone_brick_stairs":3,"twilightforest:fortification_scepter":1,"minecraft:cooked_porkchop":11,"minecraft:music_disc_13":1,"croptopia:plum":1,"graveyard:bone_dagger":3,"minecraft:warped_wart_block":6,"alexsmobs:crocodile_egg":1,"minecraft:sand":13,"minecraft:jungle_planks":3,"minecraft:grass_block":26,"minecraft:barrel":3,"sons_of_sins:flesh_of_demise":10,"minecraft:mossy_cobblestone":5,"minecraft:dark_prismarine":3,"artifacts:plastic_drinking_hat":1,"minecraft:bundle":1,"minecraft:sugar":2,"minecraft:diamond":656,"minecraft:soul_lantern":1,"waystones:waystone":7,"minecraft:crossbow":2,"minecraft:granite":81,"minecraft:bone_meal":5,"minecraft:golden_apple":1,"minecraft:bread":17,"minecraft:emerald":105,"minecraft:netherrack":4092,"croptopia:cashew":11,"minecraft:dark_oak_fence":1,"twilightforest:torchberries":9,"minecraft:diamond_pickaxe":2,"croptopia:toast":26,"minecraft:crafting_table":4,"minecraft:allium":1,"minecraft:azure_bluet":1,"minecraft:ladder":4,"croptopia:peach":15,"minecraft:golden_pickaxe":1,"minecraft:leather_leggings":2,"biomesoplenty:flesh":117,"epicpaladins:bloodstone_pickaxe":3,"minecraft:gold_block":31,"minecraft:iron_axe":2,"twilightforest:filled_magic_map":1,"minecraft:netherite_scrap":3,"epicsamurai:jade":10,"minecraft:blackstone":56,"graveyard:corruption":14,"minecraft:cracked_stone_bricks":5,"minecraft:candle":13,"minecraft:netherite_sword":3,"minecraft:dark_prismarine_stairs":2,"minecraft:beef":23,"epicsamurai:akaname_tongue":2,"alexsmobs:elastic_tendon":2,"minecraft:cyan_wool":2,"minecraft:spruce_slab":1,"minecraft:lectern":25,"mininggadgets:mininggadget":1,"sons_of_sins:sickle_of_struggle":3,"minecraft:raw_copper_block":2,"minecraft:egg":3,"tombstone:ankh_of_pray":1,"minecraft:raw_iron":586,"minecraft:polished_deepslate_slab":6,"minecraft:stone":86,"minecraft:raw_gold_block":18,"minecraft:redstone":328,"minecraft:netherite_pickaxe":1,"minecraft:dark_oak_planks":3,"minecraft:purple_candle":3,"minecraft:arrow":223,"minecraft:cooked_cod":2,"minecraft:pumpkin_pie":3,"minecraft:peony":1,"minecraft:nether_bricks":29,"artifacts:snowshoes":1,"minecraft:hay_block":49,"minecraft:gold_ingot":1,"sophisticatedbackpacks:copper_backpack":1,"minecraft:totem_of_undying":1,"tombstone:essence_of_undeath":2,"minecraft:black_banner":1,"minecraft:polished_blackstone":1,"minecraft:glow_berries":1,"minecraft:skeleton_skull":1,"minecraft:white_wool":39,"minecraft:rail":1,"minecraft:oxeye_daisy":1,"minecraft:glow_ink_sac":1,"croptopia:crab":2,"minecraft:leather":8,"croptopia:glowing_calamari":1,"alexsmobs:skreecher_soul":1,"artifacts:onion_ring":1,"minecraft:ancient_debris":30,"minecraft:golden_boots":1,"minecraft:cobbled_deepslate_stairs":3,"minecraft:cobblestone_wall":2,"minecraft:gunpowder":19,"minecraft:deepslate_tile_slab":1,"alexsmobs:mosquito_proboscis":1,"minecraft:white_banner":3,"minecraft:paper":42,"tombstone:gift":1,"minecraft:stone_bricks":21,"minecraft:iron_ingot":5,"minecraft:stone_pickaxe":1,"minecraft:cobweb":3,"minecraft:iron_ore":1,"tombstone:bag_of_seeds":1,"minecraft:glass_bottle":1,"epicsamurai:aquamarine":29,"minecraft:polished_andesite_slab":3,"minecraft:iron_sword":1,"minecraft:book":245,"minecraft:sculk_catalyst":1,"epicsamurai:onyx":29,"croptopia:apricot":5,"minecraft:stone_brick_slab":2,"minecraft:red_wool":1,"minecraft:quartz":1139,"minecraft:dandelion":1,"minecraft:gravel":52,"minecraft:amethyst_shard":11,"minecraft:spruce_sapling":6,"minecraft:red_banner":2,"minecraft:white_bed":3,"minecraft:spruce_log":109,"minecraft:crying_obsidian":1,"minecraft:mossy_stone_brick_slab":1,"minecraft:spider_eye":58,"croptopia:lemon":8,"croptopia:orange":8,"minecraft:iron_helmet":1,"minecraft:painting":9,"minecraft:baked_potato":54,"tombstone:magic_scroll":12,"minecraft:stripped_dark_oak_log":6,"minecraft:coal":314,"minecraft:ender_pearl":1},"minecraft:dropped":{"minecraft:diamond":2,"minecraft:netherite_upgrade_smithing_template":1,"minecraft:leather":1,"paraglider:spirit_orb":8,"minecraft:music_disc_13":1,"minecraft:emerald":1,"artifacts:thorn_pendant":1,"minecraft:amethyst_shard":8,"create:goggles":1,"minecraft:iron_pickaxe":2,"paraglider:paraglider":3,"epicpaladins:arclight_sword":1,"minecraft:ancient_debris":1,"minecraft:cooked_chicken":7,"minecraft:polished_andesite_slab":2,"minecraft:netherite_sword":3,"minecraft:wheat":2,"minecraft:rotten_flesh":13,"minecraft:gunpowder":4,"minecraft:chest":1,"farmersdelight:rope":1,"minecraft:painting":8,"minecraft:iron_ore":1,"mininggadgets:mininggadget":1,"biomesoplenty:flesh":1,"minecraft:written_book":1,"minecraft:bread":2,"minecraft:netherite_pickaxe":1,"minecraft:wheat_seeds":8,"twilightforest:filled_magic_map":1,"minecraft:diamond_leggings":1,"minecraft:lead":2,"minecraft:oak_fence":1,"minecraft:iron_helmet":1,"minecraft:cobblestone":2,"epicpaladins:bloodstone_pickaxe":1,"tombstone:ankh_of_pray":1,"minecraft:stick":4,"tombstone:magic_scroll":1,"artifacts:plastic_drinking_hat":2,"minecraft:potion":1,"minecraft:string":7,"minecraft:bucket":2,"create:raw_zinc":2,"minecraft:red_banner":1,"minecraft:polished_deepslate_slab":1,"minecraft:iron_boots":1,"sophisticatedbackpacks:backpack":1,"minecraft:diamond_sword":1,"minecraft:stone":3,"minecraft:diamond_chestplate":1,"minecraft:bundle":1,"minecraft:diamond_pickaxe":2,"minecraft:iron_chestplate":1,"minecraft:golden_sword":1,"minecraft:spider_eye":2,"minecraft:diamond_boots":1,"minecraft:stone_pickaxe":1},"minecraft:broken":{"epicpaladins:bloodstone_pickaxe":1,"epicpaladins:cryorium_pickaxe":3,"twilightforest:ore_magnet":1,"minecraft:shield":1,"epicpaladins:arclight_pickaxe":1,"minecraft:iron_helmet":1},"minecraft:used":{"epicpaladins:bloodstone_pickaxe":6209,"minecraft:moss_block":1,"minecraft:purple_candle":3,"minecraft:polished_blackstone":1,"minecraft:spruce_slab":1,"minecraft:chest":1,"minecraft:diamond_hoe":1868,"minecraft:shield":350,"minecraft:iron_sword":110,"minecraft:stone":33,"twilightforest:canopy_sapling":1,"minecraft:iron_chestplate":1,"croptopia:cashew":11,"minecraft:tuff":17,"minecraft:cyan_wool":2,"enchantinginfuser:advanced_enchanting_infuser":1,"epicpaladins:arclight_sword":1,"minecraft:grass_block":5,"minecraft:iron_helmet":1,"minecraft:stone_bricks":55,"croptopia:peach":15,"minecraft:bow":174,"minecraft:written_book":1,"minecraft:mangrove_roots":1,"minecraft:furnace":2,"minecraft:cooked_cod":2,"minecraft:mossy_stone_bricks":2,"minecraft:diorite":58,"minecraft:diamond_boots":3,"minecraft:stone_pickaxe":76,"minecraft:oak_planks":4,"croptopia:almond":4,"minecraft:wooden_pickaxe":14,"minecraft:diamond_axe":310,"minecraft:white_wool":39,"minecraft:golden_apple":1,"minecraft:glow_berries":15,"croptopia:orange":8,"croptopia:plum":1,"waystones:waystone":7,"minecraft:bread":65,"minecraft:lectern":25,"tombstone:grave_key":21,"minecraft:polished_andesite_slab":1,"minecraft:diamond_sword":647,"croptopia:toast":97,"sons_of_sins:flesh_of_demise":2,"croptopia:bellpepper":1,"minecraft:smithing_table":4,"minecraft:andesite":3,"minecraft:netherite_sword":435,"minecraft:bone_meal":3,"croptopia:corn":1,"minecraft:experience_bottle":19,"epicpaladins:cryorium_pickaxe":5307,"minecraft:spruce_planks":20,"minecraft:netherrack":355,"minecraft:torch":46,"minecraft:dirt":101,"minecraft:warped_wart_block":5,"croptopia:date":1,"minecraft:granite":29,"tombstone:decorative_tombstone":1,"tombstone:ankh_of_pray":117,"minecraft:bookshelf":10,"minecraft:iron_axe":78,"minecraft:iron_boots":2,"minecraft:diamond_chestplate":1,"minecraft:barrel":1,"minecraft:golden_carrot":5,"minecraft:beef":5,"farmersdelight:cooking_pot":1,"tombstone:gift":12,"minecraft:netherite_pickaxe":4073,"minecraft:cooked_beef":48,"minecraft:cobbled_deepslate":211,"minecraft:water_bucket":30,"croptopia:pecan":15,"croptopia:lemon":8,"minecraft:baked_potato":69,"croptopia:walnut":18,"croptopia:apricot":5,"minecraft:crafting_table":9,"minecraft:painting":1,"minecraft:white_bed":1,"minecraft:cod":19,"minecraft:spruce_log":15,"tombstone:bag_of_seeds":2,"minecraft:dark_prismarine":2,"epicpaladins:arclight_pickaxe":1560,"minecraft:diamond_pickaxe":584,"minecraft:apple":3,"minecraft:diamond_shovel":152,"minecraft:iron_pickaxe":249,"twilightforest:firefly_jar":1,"tombstone:magic_scroll":32,"minecraft:stone_axe":155,"minecraft:fishing_rod":14,"minecraft:cobblestone":507,"minecraft:potion":1,"minecraft:porkchop":4,"epicpaladins:bloodstone_sword":607,"minecraft:cooked_porkchop":11,"minecraft:bucket":31,"minecraft:diamond_leggings":1,"croptopia:crab":2,"minecraft:pumpkin_pie":3,"alexsmobs:animal_dictionary":1,"minecraft:wither_rose":1,"minecraft:candle":8,"minecraft:smooth_stone":1},"minecraft:crafted":{"epicsamurai:silver_ingot":183,"waystones:waystone":1,"croptopia:toast":103,"sophisticatedbackpacks:anvil_upgrade":1,"epicpaladins:arclight_pickaxe":1,"tombstone:decorative_tombstone":1,"sophisticatedbackpacks:crafting_upgrade":1,"minecraft:glass":21,"minecraft:diamond_helmet":2,"minecraft:diamond_leggings":2,"minecraft:iron_boots":2,"minecraft:netherite_boots":1,"sophisticatedbackpacks:copper_backpack":1,"tombstone:grave_key":1,"minecraft:stripped_dark_oak_wood":3,"minecraft:chest":5,"minecraft:netherite_helmet":1,"minecraft:copper_block":12,"minecraft:netherite_upgrade_smithing_template":18,"minecraft:stone_bricks":44,"tombstone:book_of_magic_impregnation":4,"epicsamurai:white_samurai_helmet":1,"epicpaladins:steel_ingot":17,"sophisticatedbackpacks:backpack":1,"minecraft:emerald":106,"minecraft:diamond_axe":1,"minecraft:crafting_table":6,"minecraft:spruce_planks":144,"minecraft:iron_helmet":2,"minecraft:wooden_pickaxe":1,"minecraft:baked_potato":6,"minecraft:copper_ingot":927,"waystones:warp_stone":1,"sophisticatedbackpacks:upgrade_base":4,"enchantinginfuser:advanced_enchanting_infuser":1,"minecraft:iron_chestplate":1,"minecraft:diamond_pickaxe":4,"minecraft:shield":5,"sophisticatedbackpacks:diamond_backpack":2,"minecraft:stick":72,"minecraft:iron_ingot":764,"minecraft:iron_block":10,"minecraft:gold_ingot":589,"minecraft:netherite_ingot":7,"sophisticatedbackpacks:netherite_backpack":1,"minecraft:coal":47,"minecraft:netherite_sword":1,"sophisticatedbackpacks:stack_upgrade_tier_3":1,"minecraft:diamond_hoe":1,"minecraft:experience_bottle":19,"epicsamurai:white_samurai_chestplate":1,"sophisticatedbackpacks:stack_upgrade_tier_1":1,"minecraft:furnace":2,"sophisticatedbackpacks:stack_upgrade_starter_tier":1,"minecraft:bone_meal":3,"epicpaladins:bloodstone_sword":1,"mininggadgets:mininggadget":1,"minecraft:diamond_block":8,"minecraft:glass_pane":16,"minecraft:netherite_chestplate":1,"minecraft:netherite_leggings":1,"minecraft:iron_axe":1,"minecraft:stone_pickaxe":1,"minecraft:diamond_boots":2,"epicpaladins:cryorium_pickaxe":4,"sophisticatedbackpacks:stack_upgrade_tier_2":1,"minecraft:netherite_scrap":36,"sophisticatedbackpacks:iron_backpack":2,"minecraft:wheat":441,"minecraft:cooked_beef":7,"minecraft:netherite_pickaxe":2,"minecraft:diamond_sword":1,"minecraft:iron_sword":1,"tombstone:ankh_of_pray":1,"sophisticatedbackpacks:gold_backpack":2,"minecraft:bucket":1,"minecraft:stone_axe":2,"minecraft:enchanted_book":7,"minecraft:bread":152,"epicsamurai:white_samurai_boots":1,"mininggadgets:upgrade_empty":1,"minecraft:raw_gold":162,"minecraft:flint":28,"tombstone:dark_marble":5,"minecraft:iron_leggings":1,"minecraft:anvil":2,"minecraft:torch":36,"epicsamurai:white_samurai_leggings":1,"minecraft:diamond_chestplate":2},"minecraft:custom":{"minecraft:interact_with_crafting_table":159,"minecraft:open_barrel":138,"goblintraders:trade_with_goblin":888,"minecraft:bell_ring":1,"minecraft:eat_cake_slice":7,"minecraft:leave_game":42,"minecraft:time_since_death":1103347,"minecraft:sprint_one_cm":3551020,"minecraft:damage_blocked_by_shield":8183,"minecraft:drop":104,"minecraft:talked_to_villager":132,"minecraft:play_time":1519342,"minecraft:deaths":5,"minecraft:jump":22558,"minecraft:walk_on_water_one_cm":193674,"minecraft:enchant_item":47,"minecraft:interact_with_furnace":176,"twilightforest:uncrafting_table_interactions":2,"minecraft:traded_with_villager":7,"minecraft:interact_with_loom":2,"minecraft:sleep_in_bed":8,"minecraft:waystone_activated":13,"minecraft:open_enderchest":1,"minecraft:damage_dealt":95569,"minecraft:player_kills":1,"minecraft:crouch_one_cm":77687,"tombstone:undead_killed":267,"minecraft:interact_with_smoker":31,"minecraft:interact_with_smithing_table":20,"minecraft:interact_with_anvil":18,"minecraft:mob_kills":551,"minecraft:damage_dealt_resisted":415,"minecraft:climb_one_cm":37757,"minecraft:walk_one_cm":4650636,"tombstone:consume_soul":4,"minecraft:damage_dealt_absorbed":247,"minecraft:raid_win":1,"minecraft:sneak_time":30940,"twilightforest:tf_shields_broken":5,"minecraft:walk_under_water_one_cm":153359,"minecraft:boat_one_cm":19483,"minecraft:interact_with_blast_furnace":68,"minecraft:total_world_time":1519342,"tombstone:raider_killed":72,"minecraft:interact_with_stonecutter":1,"minecraft:interact_with_grindstone":1,"tombstone:pray_on_grave":2,"minecraft:time_since_rest":186237,"minecraft:damage_taken":21246,"tombstone:cast_on_ally":1,"minecraft:swim_one_cm":179141,"minecraft:fly_one_cm":3732870,"minecraft:open_chest":841,"tombstone:use_magic_impregnation":4,"minecraft:fish_caught":5,"minecraft:fall_one_cm":477329}},"DataVersion":3465}