{"stats":{"minecraft:used":{"minecraft:purple_candle":3,"minecraft:chest":1,"minecraft:spruce_planks":15,"minecraft:shield":109,"minecraft:iron_sword":110,"minecraft:iron_chestplate":1,"minecraft:torch":30,"minecraft:dirt":9,"minecraft:tuff":9,"minecraft:granite":8,"minecraft:iron_axe":18,"minecraft:iron_boots":1,"croptopia:peach":15,"minecraft:beef":5,"minecraft:furnace":2,"tombstone:gift":5,"minecraft:cooked_beef":7,"minecraft:cobbled_deepslate":18,"croptopia:lemon":6,"minecraft:stone_pickaxe":76,"minecraft:baked_potato":12,"croptopia:apricot":5,"minecraft:wooden_pickaxe":14,"minecraft:golden_apple":1,"minecraft:glow_berries":13,"minecraft:crafting_table":7,"minecraft:white_bed":1,"minecraft:cod":19,"croptopia:orange":3,"minecraft:diamond_pickaxe":11,"epicpaladins:arclight_pickaxe":640,"minecraft:apple":2,"minecraft:bread":62,"minecraft:iron_pickaxe":100,"minecraft:polished_andesite_slab":1,"minecraft:stone_axe":155,"minecraft:fishing_rod":8,"sons_of_sins:flesh_of_demise":1,"minecraft:cobblestone":50,"croptopia:bellpepper":1,"minecraft:bucket":1,"epicpaladins:bloodstone_sword":182,"alexsmobs:animal_dictionary":1,"croptopia:crab":2,"minecraft:candle":8},"minecraft:crafted":{"minecraft:coal":11,"minecraft:furnace":2,"sophisticatedbackpacks:stack_upgrade_starter_tier":1,"epicpaladins:arclight_pickaxe":1,"epicpaladins:bloodstone_sword":1,"minecraft:iron_boots":1,"sophisticatedbackpacks:copper_backpack":1,"minecraft:iron_axe":1,"minecraft:stone_pickaxe":1,"minecraft:chest":3,"minecraft:copper_block":12,"sophisticatedbackpacks:iron_backpack":1,"minecraft:wheat":117,"minecraft:cooked_beef":7,"minecraft:diamond_sword":1,"sophisticatedbackpacks:backpack":1,"minecraft:crafting_table":4,"minecraft:spruce_planks":64,"minecraft:baked_potato":6,"minecraft:wooden_pickaxe":1,"minecraft:iron_helmet":1,"minecraft:iron_sword":1,"minecraft:copper_ingot":103,"sophisticatedbackpacks:gold_backpack":1,"minecraft:bucket":1,"minecraft:stone_axe":2,"sophisticatedbackpacks:upgrade_base":1,"minecraft:bread":39,"minecraft:iron_chestplate":1,"minecraft:diamond_pickaxe":1,"minecraft:shield":1,"sophisticatedbackpacks:diamond_backpack":1,"minecraft:stick":20,"minecraft:flint":28,"minecraft:iron_ingot":165,"minecraft:gold_ingot":68,"minecraft:iron_leggings":1,"minecraft:torch":20,"minecraft:diamond_chestplate":1},"minecraft:custom":{"minecraft:interact_with_anvil":3,"minecraft:mob_kills":77,"minecraft:interact_with_crafting_table":54,"minecraft:open_barrel":26,"goblintraders:trade_with_goblin":61,"minecraft:bell_ring":1,"minecraft:leave_game":10,"minecraft:time_since_death":105797,"minecraft:climb_one_cm":7086,"minecraft:sprint_one_cm":724012,"minecraft:walk_one_cm":819451,"minecraft:damage_blocked_by_shield":2525,"minecraft:drop":13,"minecraft:play_time":293273,"minecraft:deaths":2,"minecraft:sneak_time":2798,"minecraft:walk_under_water_one_cm":45171,"minecraft:jump":5717,"minecraft:interact_with_blast_furnace":1,"minecraft:walk_on_water_one_cm":39441,"minecraft:total_world_time":293273,"minecraft:interact_with_furnace":120,"minecraft:sleep_in_bed":2,"minecraft:time_since_rest":103579,"minecraft:waystone_activated":3,"minecraft:damage_taken":4907,"minecraft:damage_dealt":16544,"tombstone:cast_on_ally":1,"minecraft:swim_one_cm":36394,"minecraft:fly_one_cm":855188,"minecraft:player_kills":1,"minecraft:open_chest":143,"minecraft:crouch_one_cm":6726,"tombstone:undead_killed":56,"minecraft:fish_caught":2,"minecraft:fall_one_cm":159870},"minecraft:dropped":{"minecraft:bread":2,"tombstone:magic_scroll":1,"minecraft:iron_pickaxe":1,"minecraft:string":2,"minecraft:polished_andesite_slab":2,"minecraft:polished_deepslate_slab":1,"minecraft:rotten_flesh":1,"minecraft:iron_chestplate":1,"minecraft:chest":1,"minecraft:spider_eye":2},"minecraft:picked_up":{"minecraft:wooden_axe":1,"minecraft:chiseled_deepslate":12,"minecraft:crafting_table":3,"minecraft:azure_bluet":1,"croptopia:peach":15,"minecraft:leather_leggings":1,"minecraft:gold_block":31,"minecraft:string":13,"epicpaladins:bloodstone_gem":14,"epicsamurai:jade":1,"minecraft:zombie_head":1,"minecraft:candle":8,"minecraft:cobbled_deepslate":87,"minecraft:spruce_planks":11,"minecraft:beef":23,"alexsmobs:elastic_tendon":2,"minecraft:coal_block":7,"minecraft:raw_iron":168,"minecraft:stick":4,"minecraft:polished_deepslate_slab":1,"minecraft:raw_gold_block":18,"epicpaladins:arclight_gem":4,"minecraft:torch":16,"tombstone:grave_dust":4,"minecraft:diorite":44,"alexsmobs:centipede_leg":1,"minecraft:purple_candle":3,"minecraft:stone_sword":1,"minecraft:arrow":20,"minecraft:rotten_flesh":30,"minecraft:hay_block":13,"tombstone:essence_of_undeath":1,"minecraft:obsidian":1,"minecraft:iron_bars":6,"minecraft:skeleton_skull":1,"minecraft:cobblestone":210,"minecraft:leather_chestplate":2,"minecraft:andesite":25,"croptopia:crab":2,"minecraft:leather":4,"paraglider:spirit_orb":20,"alexsmobs:bison_fur":2,"artifacts:onion_ring":1,"minecraft:flint":2,"minecraft:tuff":11,"create:raw_zinc":11,"minecraft:dirt":19,"minecraft:lantern":1,"tombstone:gift":1,"minecraft:bone":10,"minecraft:bow":1,"minecraft:wheat_seeds":3,"minecraft:raw_gold":12,"croptopia:bellpepper":1,"minecraft:iron_ingot":3,"epicsamurai:aquamarine":8,"minecraft:moss_block":1,"minecraft:polished_andesite_slab":3,"minecraft:iron_sword":1,"epicsamurai:raw_silver":14,"epicsamurai:onyx":1,"croptopia:apricot":5,"minecraft:red_wool":1,"minecraft:gravel":23,"minecraft:amethyst_shard":1,"minecraft:spruce_sapling":6,"minecraft:white_bed":3,"minecraft:spruce_log":109,"minecraft:spider_eye":2,"sons_of_sins:flesh_of_demise":1,"minecraft:mossy_cobblestone":1,"minecraft:dark_prismarine":1,"croptopia:lemon":6,"minecraft:diamond":20,"waystones:waystone":1,"croptopia:orange":3,"minecraft:granite":53,"minecraft:golden_apple":1,"minecraft:bread":17,"tombstone:magic_scroll":5,"minecraft:coal":47},"minecraft:killed":{"minecraft:spider":10,"alexsmobs:murmur":1,"minecraft:skeleton":20,"alexsmobs:bison":2,"epicsamurai:jorogumo":1,"minecraft:creeper":2,"sons_of_sins:betrayed_guzzler":1,"minecraft:zombie":35,"minecraft:cow":4},"minecraft:mined":{"create:zinc_ore":7,"minecraft:deepslate_tiles":3,"minecraft:dark_prismarine":1,"minecraft:diamond_ore":5,"create:deepslate_zinc_ore":1,"minecraft:tuff":7,"minecraft:spruce_planks":6,"minecraft:white_bed":3,"minecraft:mossy_cobblestone":1,"epicsamurai:deepslate_onyx_ore":1,"minecraft:deepslate_diamond_ore":14,"minecraft:candle":2,"minecraft:purple_candle":1,"minecraft:obsidian":1,"minecraft:granite":56,"minecraft:grass_block":9,"minecraft:coal_block":7,"minecraft:polished_andesite_slab":2,"minecraft:spawner":8,"epicpaladins:deepslate_arclight_ore":1,"minecraft:hay_block":13,"epicsamurai:deepslate_jade_ore":1,"minecraft:raw_gold_block":18,"minecraft:iron_ore":51,"minecraft:cobbled_deepslate":3,"minecraft:andesite":25,"minecraft:chiseled_deepslate":16,"minecraft:gold_block":29,"minecraft:polished_deepslate":2,"minecraft:polished_deepslate_slab":1,"minecraft:deepslate_iron_ore":126,"minecraft:iron_bars":6,"epicsamurai:deepslate_silver_ore":14,"minecraft:stone":204,"epicpaladins:deepslate_bloodstone_ore":1,"epicsamurai:deepslate_aquamarine_ore":8,"minecraft:crafting_table":3,"minecraft:torch":1,"minecraft:cobblestone":2,"minecraft:deepslate_gold_ore":12,"minecraft:cracked_deepslate_bricks":1,"minecraft:diorite":44,"minecraft:wall_torch":8,"minecraft:skeleton_skull":1,"minecraft:spruce_log":119,"biomesoplenty:maple_leaves":1,"minecraft:grass":2,"minecraft:coal_ore":45,"minecraft:zombie_head":1,"minecraft:gravel":20,"minecraft:dirt":8,"minecraft:cobweb":1,"minecraft:fern":2,"minecraft:deepslate":82}},"DataVersion":3465}