{"stats":{"minecraft:used":{"minecraft:purple_candle":3,"minecraft:spruce_planks":14,"minecraft:shield":57,"minecraft:iron_sword":110,"minecraft:iron_chestplate":1,"minecraft:torch":8,"minecraft:dirt":7,"minecraft:granite":8,"minecraft:iron_axe":16,"minecraft:iron_boots":1,"croptopia:peach":8,"minecraft:furnace":1,"tombstone:gift":2,"minecraft:cobbled_deepslate":12,"croptopia:lemon":6,"minecraft:stone_pickaxe":76,"croptopia:apricot":5,"minecraft:wooden_pickaxe":14,"minecraft:crafting_table":6,"minecraft:white_bed":1,"minecraft:cod":19,"croptopia:orange":2,"minecraft:diamond_pickaxe":1,"epicpaladins:arclight_pickaxe":156,"minecraft:bread":58,"minecraft:iron_pickaxe":31,"minecraft:polished_andesite_slab":1,"minecraft:stone_axe":155,"minecraft:fishing_rod":8,"sons_of_sins:flesh_of_demise":1,"minecraft:cobblestone":38,"croptopia:bellpepper":1,"alexsmobs:animal_dictionary":1,"croptopia:crab":2,"minecraft:candle":8},"minecraft:crafted":{"minecraft:coal":9,"minecraft:furnace":1,"epicpaladins:arclight_pickaxe":1,"epicpaladins:bloodstone_sword":1,"minecraft:iron_boots":1,"minecraft:iron_axe":1,"minecraft:stone_pickaxe":1,"minecraft:wheat":117,"minecraft:crafting_table":3,"minecraft:spruce_planks":40,"minecraft:wooden_pickaxe":1,"minecraft:iron_helmet":1,"minecraft:iron_sword":1,"minecraft:stone_axe":2,"minecraft:bread":39,"minecraft:iron_chestplate":1,"minecraft:diamond_pickaxe":1,"minecraft:shield":1,"minecraft:stick":16,"minecraft:iron_ingot":25,"minecraft:iron_leggings":1,"minecraft:torch":8,"minecraft:diamond_chestplate":1},"minecraft:custom":{"minecraft:mob_kills":33,"minecraft:interact_with_crafting_table":27,"minecraft:open_barrel":7,"minecraft:bell_ring":1,"minecraft:leave_game":10,"minecraft:time_since_death":3797,"minecraft:climb_one_cm":7086,"minecraft:sprint_one_cm":475347,"minecraft:walk_one_cm":545729,"minecraft:damage_blocked_by_shield":1255,"minecraft:drop":8,"minecraft:play_time":191273,"minecraft:deaths":2,"minecraft:sneak_time":2179,"minecraft:walk_under_water_one_cm":33122,"minecraft:jump":4360,"minecraft:walk_on_water_one_cm":27393,"minecraft:total_world_time":191273,"minecraft:interact_with_furnace":55,"minecraft:sleep_in_bed":2,"minecraft:time_since_rest":1579,"minecraft:waystone_activated":3,"minecraft:damage_taken":3350,"minecraft:damage_dealt":7212,"tombstone:cast_on_ally":0,"minecraft:swim_one_cm":24336,"minecraft:fly_one_cm":650702,"minecraft:player_kills":1,"minecraft:open_chest":33,"minecraft:crouch_one_cm":5263,"tombstone:undead_killed":27,"minecraft:fish_caught":2,"minecraft:fall_one_cm":124304},"minecraft:dropped":{"minecraft:bread":2,"tombstone:magic_scroll":1,"minecraft:iron_pickaxe":1,"minecraft:polished_andesite_slab":2,"minecraft:rotten_flesh":1,"minecraft:iron_chestplate":1},"minecraft:picked_up":{"minecraft:wooden_axe":1,"minecraft:crafting_table":3,"minecraft:azure_bluet":1,"croptopia:peach":8,"minecraft:string":2,"epicpaladins:bloodstone_gem":14,"epicsamurai:jade":1,"minecraft:zombie_head":1,"minecraft:candle":8,"minecraft:cobbled_deepslate":16,"minecraft:spruce_planks":8,"minecraft:coal_block":7,"minecraft:raw_iron":83,"minecraft:stick":4,"epicpaladins:arclight_gem":4,"minecraft:torch":4,"tombstone:grave_dust":2,"alexsmobs:centipede_leg":1,"minecraft:purple_candle":3,"minecraft:arrow":4,"minecraft:rotten_flesh":14,"minecraft:hay_block":13,"minecraft:skeleton_skull":1,"minecraft:cobblestone":58,"croptopia:crab":2,"artifacts:onion_ring":1,"create:raw_zinc":4,"minecraft:dirt":9,"minecraft:lantern":1,"minecraft:bone":1,"minecraft:bow":1,"minecraft:wheat_seeds":2,"croptopia:bellpepper":1,"minecraft:iron_ingot":3,"epicsamurai:aquamarine":8,"minecraft:moss_block":1,"minecraft:polished_andesite_slab":3,"epicsamurai:raw_silver":14,"epicsamurai:onyx":1,"croptopia:apricot":5,"minecraft:gravel":9,"minecraft:spruce_sapling":6,"minecraft:white_bed":3,"minecraft:spruce_log":109,"sons_of_sins:flesh_of_demise":1,"minecraft:mossy_cobblestone":1,"minecraft:dark_prismarine":1,"croptopia:lemon":6,"minecraft:diamond":14,"waystones:waystone":1,"croptopia:orange":2,"minecraft:granite":39,"minecraft:bread":17,"tombstone:magic_scroll":4,"minecraft:coal":25},"minecraft:killed":{"minecraft:spider":4,"minecraft:skeleton":5,"minecraft:creeper":1,"sons_of_sins:betrayed_guzzler":1,"minecraft:zombie":22},"minecraft:mined":{"minecraft:dark_prismarine":1,"minecraft:diamond_ore":5,"create:deepslate_zinc_ore":1,"minecraft:spruce_planks":6,"minecraft:white_bed":3,"minecraft:mossy_cobblestone":1,"epicsamurai:deepslate_onyx_ore":1,"minecraft:deepslate_diamond_ore":9,"minecraft:candle":2,"minecraft:purple_candle":1,"minecraft:granite":42,"minecraft:grass_block":5,"minecraft:coal_block":7,"minecraft:polished_andesite_slab":2,"epicpaladins:deepslate_arclight_ore":1,"minecraft:hay_block":13,"epicsamurai:deepslate_jade_ore":1,"minecraft:iron_ore":34,"minecraft:cobbled_deepslate":3,"minecraft:deepslate_iron_ore":52,"epicsamurai:deepslate_silver_ore":14,"minecraft:stone":52,"epicpaladins:deepslate_bloodstone_ore":1,"epicsamurai:deepslate_aquamarine_ore":8,"minecraft:crafting_table":3,"minecraft:cobblestone":2,"minecraft:wall_torch":2,"minecraft:skeleton_skull":1,"minecraft:spruce_log":119,"biomesoplenty:maple_leaves":1,"minecraft:grass":1,"minecraft:coal_ore":22,"minecraft:zombie_head":1,"minecraft:dirt":2,"minecraft:fern":2,"minecraft:deepslate":14}},"DataVersion":3465}