{"stats":{"minecraft:killed":{"minecraft:cave_spider":18,"alexsmobs:murmur":1,"minecraft:skeleton":162,"endermanoverhaul:desert_enderman":1,"graveyard:acolyte":20,"minecraft:chicken":1,"alexsmobs:laviathan":1,"minecraft:magma_cube":11,"minecraft:iron_golem":1,"minecraft:pillager":182,"minecraft:zombie":168,"minecraft:cow":13,"minecraft:evoker":6,"graveyard:nightmare":1,"graveyard:corrupted_vindicator":2,"minecraft:vindicator":63,"alexsmobs:seagull":1,"endermanoverhaul:crimson_forest_enderman":1,"alexsmobs:underminer":1,"minecraft:husk":28,"epicsamurai:akaname":5,"minecraft:ravager":3,"alexsmobs:giant_squid":4,"alexsmobs:crocodile":1,"endermanoverhaul:coral_enderman":1,"minecraft:enderman":2,"minecraft:witch":3,"graveyard:skeleton_creeper":2,"minecraft:spider":26,"blue_skies:venom_spider":1,"minecraft:silverfish":1,"blue_skies:emberback":3,"minecraft:illusioner":3,"minecraft:piglin_brute":7,"artifacts:mimic":5,"epicsamurai:enenra":3,"minecraft:piglin":11,"alexsmobs:mantis_shrimp":1,"minecraft:creeper":16,"alexsmobs:crimson_mosquito":14,"alexsmobs:warped_toad":1,"minecraft:ghast":10,"alexsmobs:fly":1,"minecraft:blaze":18,"alexsmobs:dropbear":1,"minecraft:vex":7,"endermanoverhaul:scarab":3,"minecraft:drowned":1,"alexsmobs:frilled_shark":1,"blue_skies:shade_monitor":4,"creeperoverhaul:spruce_creeper":4,"minecraft:bat":2,"minecraft:hoglin":1,"alexsmobs:emu":4,"sons_of_sins:betrayed_guzzler":4,"creeperoverhaul:ocean_creeper":3,"minecraft:wither_skeleton":17},"minecraft:picked_up":{"blue_skies:fox_pelt":1,"minecraft:anvil":2,"minecraft:diamond_sword":4,"minecraft:enchanted_book":8,"croptopia:calamari":2,"minecraft:brewing_stand":4,"minecraft:polished_deepslate":4,"paraglider:goddess_statue":7,"minecraft:string":377,"minecraft:red_nether_bricks":2,"alexsmobs:emu_feather":11,"minecraft:cobbled_deepslate":1229,"minecraft:gold_nugget":186,"minecraft:spruce_planks":60,"minecraft:written_book":1,"minecraft:netherite_upgrade_smithing_template":1,"minecraft:coal_block":57,"artifacts:universal_attractor":1,"blue_skies:maple_sapling":9,"minecraft:composter":2,"epicpaladins:moonlight_gem":67,"blue_skies:lunar_cobblestone":34,"minecraft:tropical_fish":1,"create:scoria":23,"minecraft:iron_block":2,"minecraft:blaze_rod":25,"minecraft:iron_bars":2,"croptopia:asparagus_seed":1,"minecraft:magma_block":20,"minecraft:mossy_cobblestone_slab":1,"minecraft:feather":6,"minecraft:cooked_beef":31,"minecraft:iron_door":2,"minecraft:smoker":1,"biomesoplenty:fir_sapling":613,"biomesoplenty:fir_log":2999,"minecraft:flint":24,"minecraft:map":2,"minecraft:lantern":3,"blue_skies:maple_log":11,"minecraft:stonecutter":3,"biomesoplenty:fir_boat":1,"epicsamurai:raw_silver":30,"alexsmobs:crocodile_egg":3,"minecraft:ink_sac":24,"minecraft:loom":2,"minecraft:barrel":4,"minecraft:bundle":6,"minecraft:lever":8,"enchantinginfuser:enchanting_infuser":1,"minecraft:granite":168,"blue_skies:lunar_dirt":18,"alexsmobs:maggot":2,"epicsamurai:ruby":36,"croptopia:toast":2,"minecraft:diamond_pickaxe":1,"minecraft:crafting_table":7,"minecraft:coarse_dirt":1,"minecraft:nether_wart":83,"minecraft:clay_ball":220,"minecraft:leather_leggings":1,"epicsamurai:jade":21,"minecraft:polished_blackstone_wall":1,"minecraft:cracked_stone_bricks":2,"minecraft:cartography_table":2,"minecraft:netherite_sword":3,"minecraft:beef":15,"minecraft:cyan_wool":8,"graveyard:leaning_skeleton":1,"minecraft:poppy":3,"minecraft:spruce_slab":7,"minecraft:chest":2,"minecraft:egg":2,"minecraft:sandstone":32,"minecraft:polished_deepslate_slab":9,"minecraft:raw_gold_block":41,"sophisticatedbackpacks:backpack":4,"minecraft:carrot":25,"minecraft:redstone":22,"minecraft:netherite_pickaxe":1,"minecraft:tnt":9,"minecraft:deepslate_bricks":11,"minecraft:hay_block":155,"minecraft:cracked_deepslate_bricks":2,"minecraft:gold_ingot":3,"minecraft:totem_of_undying":6,"minecraft:polished_blackstone":1,"minecraft:glow_berries":4,"blue_skies:cooked_monitor_tail":16,"blue_skies:moonstone_shard":21,"minecraft:oxeye_daisy":2,"minecraft:tripwire_hook":14,"minecraft:oak_log":13,"minecraft:ancient_debris":44,"minecraft:paper":1,"minecraft:white_banner":4,"minecraft:apple":35,"minecraft:stone_bricks":1,"minecraft:kelp":10,"artifacts:steadfast_spikes":1,"minecraft:iron_sword":4,"minecraft:smooth_basalt":20,"minecraft:gravel":211,"minecraft:spruce_sapling":376,"minecraft:spruce_log":3698,"minecraft:crying_obsidian":7,"minecraft:diamond_axe":2,"minecraft:baked_potato":1,"minecraft:ender_pearl":7,"minecraft:chiseled_deepslate":96,"minecraft:wheat":13,"minecraft:sentry_armor_trim_smithing_template":1,"minecraft:potion":1,"minecraft:crimson_planks":1,"minecraft:raw_copper":74,"minecraft:purple_banner":1,"alexsmobs:dropbear_claw":3,"alexsmobs:blood_sac":7,"minecraft:deepslate_tiles":19,"biomesoplenty:fir_planks":132,"minecraft:rose_bush":3,"blue_skies:bug_guts":9,"minecraft:smooth_quartz":49,"farmersdelight:cabbage_seeds":1,"minecraft:furnace":6,"minecraft:stick":719,"minecraft:oak_fence":2,"minecraft:polished_deepslate_stairs":13,"minecraft:torch":13,"tombstone:grave_dust":30,"minecraft:diorite":27,"blue_skies:maple_stick":3,"minecraft:rotten_flesh":323,"epicpaladins:cryorium_gem":37,"alexsmobs:emu_egg":2,"minecraft:obsidian":20,"minecraft:cobblestone":578,"graveyard:skull_pile":1,"minecraft:lilac":1,"minecraft:magma_cream":9,"minecraft:andesite":75,"minecraft:potato":1,"paraglider:spirit_orb":162,"minecraft:tuff":133,"create:raw_zinc":31,"minecraft:wither_skeleton_skull":1,"minecraft:lapis_lazuli":146,"minecraft:dirt":296,"minecraft:leather_boots":1,"minecraft:bone":388,"minecraft:bow":5,"minecraft:wheat_seeds":46,"minecraft:raw_gold":13,"minecraft:cobbled_deepslate_slab":4,"graveyard:creeper_skeleton":1,"minecraft:fletching_table":8,"minecraft:oak_planks":7,"biomesoplenty:toadstool":10,"graveyard:bone_dagger":1,"minecraft:jungle_planks":6,"minecraft:sand":1623,"minecraft:jungle_slab":1,"sons_of_sins:flesh_of_demise":4,"minecraft:diamond":353,"waystones:waystone":5,"minecraft:cracked_polished_blackstone_bricks":3,"minecraft:crossbow":7,"minecraft:golden_apple":2,"minecraft:emerald":787,"minecraft:netherrack":1031,"biomesoplenty:flesh":1,"minecraft:gold_block":92,"minecraft:shield":2,"minecraft:iron_axe":1,"minecraft:cyan_carpet":3,"minecraft:blackstone":10,"graveyard:corruption":47,"graveyard:gravestone":1,"epicsamurai:akaname_tongue":13,"alexsmobs:elastic_tendon":5,"minecraft:lectern":269,"minecraft:sugar_cane":11,"minecraft:spruce_trapdoor":13,"minecraft:raw_iron":48,"graveyard:skull_with_rib_cage":2,"minecraft:stone_button":2,"minecraft:iron_horse_armor":1,"alexsmobs:crocodile_scute":4,"minecraft:stone_pressure_plate":1,"minecraft:purple_terracotta":1,"minecraft:dark_oak_planks":2,"minecraft:arrow":722,"graveyard:leaning_wither_skeleton":1,"artifacts:running_shoes":1,"alexsmobs:ghostly_pickaxe":1,"minecraft:cracked_deepslate_tiles":10,"blue_skies:vitreous_moonstone":12,"minecraft:basalt":14,"minecraft:leather":17,"minecraft:cut_sandstone":1,"croptopia:greenonion_seed":2,"artifacts:anglers_hat":1,"minecraft:yellow_bed":6,"minecraft:gunpowder":70,"minecraft:orange_terracotta":3,"minecraft:smooth_sandstone":2,"minecraft:iron_ingot":6,"minecraft:cooked_chicken":13,"minecraft:soul_sand":20,"minecraft:book":102,"minecraft:emerald_block":29,"minecraft:stone_brick_slab":2,"minecraft:quartz":54,"minecraft:dandelion":3,"graveyard:wither_skull_with_rib_cage":1,"minecraft:amethyst_shard":4,"minecraft:blast_furnace":1,"artifacts:scarf_of_invisibility":2,"minecraft:spider_eye":29,"graveyard:wither_skeleton_hand":1,"minecraft:mangrove_leaves":1,"blue_skies:zeal_lighter":1,"biomesoplenty:bramble":1,"blue_skies:lucentroot":2,"tombstone:magic_scroll":9,"minecraft:coal":463,"minecraft:sunflower":3},"minecraft:mined":{"minecraft:dark_oak_planks":3,"minecraft:chiseled_red_sandstone":2,"minecraft:jungle_leaves":1,"minecraft:red_nether_bricks":2,"minecraft:obsidian":21,"minecraft:granite":187,"biomesoplenty:bramble":1,"epicsamurai:silver_ore":5,"minecraft:deepslate_bricks":24,"minecraft:coal_block":57,"minecraft:nether_wart":10,"blue_skies:lunar_dirt":6,"minecraft:spawner":72,"graveyard:wither_skull_with_rib_cage":1,"minecraft:polished_blackstone_bricks":9,"minecraft:tall_seagrass":7,"epicpaladins:moonlight_ore":28,"epicsamurai:deepslate_jade_ore":6,"minecraft:magma_block":31,"minecraft:cobbled_deepslate":26,"minecraft:fire":25,"minecraft:barrel":8,"minecraft:moss_carpet":2,"minecraft:fletching_table":8,"minecraft:deepslate_lapis_ore":10,"minecraft:polished_deepslate_slab":21,"minecraft:dirt_path":1,"biomesoplenty:webbing":8,"minecraft:deepslate_brick_stairs":1,"minecraft:smooth_sandstone_stairs":11,"minecraft:iron_block":2,"minecraft:tripwire":190,"minecraft:cut_sandstone":26,"minecraft:kelp_plant":6,"minecraft:smoker":2,"minecraft:crimson_nylium":3,"minecraft:soul_fire":42,"minecraft:amethyst_cluster":2,"minecraft:note_block":1,"minecraft:torch":8,"minecraft:blast_furnace":1,"blue_skies:lunar_grass_block":3,"minecraft:oxidized_copper":1,"create:scoria":23,"minecraft:nether_brick_slab":3,"blue_skies:maple_log":11,"minecraft:sugar_cane":6,"minecraft:bricks":2,"blue_skies:lunar_stone":9,"minecraft:smooth_sandstone_slab":5,"minecraft:jungle_wood":4,"graveyard:wither_skeleton_hand":1,"minecraft:wheat":14,"minecraft:lilac":3,"minecraft:stone_brick_stairs":1,"minecraft:grass":148,"minecraft:loom":3,"minecraft:smooth_quartz":53,"minecraft:smooth_basalt":12,"minecraft:stonecutter":1,"minecraft:deepslate":2416,"minecraft:suspicious_gravel":1,"minecraft:infested_deepslate":1,"create:zinc_ore":1,"minecraft:deepslate_tiles":34,"minecraft:mossy_cobblestone":4,"minecraft:dark_oak_log":2,"biomesoplenty:desert_grass":2,"minecraft:dark_oak_fence":1,"minecraft:cobbled_deepslate_slab":5,"minecraft:jungle_planks":6,"graveyard:tg_deepslate":6,"minecraft:redstone_wire":2,"minecraft:moss_block":1,"minecraft:cartography_table":2,"minecraft:kelp":2,"biomesoplenty:dune_grass":1,"epicpaladins:deepslate_arclight_ore":1,"graveyard:tg_moss_block":1,"minecraft:suspicious_sand":19,"minecraft:andesite":112,"biomesoplenty:flesh":2,"biomesoplenty:high_grass":71,"minecraft:cobblestone_slab":1,"minecraft:vine":1,"minecraft:smooth_quartz_stairs":1,"epicsamurai:jade_ore":6,"minecraft:soul_sand":10,"minecraft:stone_brick_slab":1,"minecraft:dandelion":1,"minecraft:smooth_sandstone":2,"biomesoplenty:high_grass_plant":106,"minecraft:tall_grass":21,"minecraft:copper_ore":14,"minecraft:deepslate_gold_ore":7,"minecraft:cracked_deepslate_bricks":9,"minecraft:diorite":59,"minecraft:coarse_dirt":2,"graveyard:vase_block":7,"minecraft:spruce_log":3712,"minecraft:birch_leaves":4,"minecraft:mangrove_leaves":6,"minecraft:sunflower":3,"minecraft:gravel":291,"biomesoplenty:stringy_cobweb":5,"minecraft:cobweb":61,"minecraft:polished_blackstone":1,"minecraft:stone_bricks":26,"minecraft:gold_ore":1,"minecraft:fern":33,"minecraft:waxed_cut_copper_slab":1,"create:deepslate_zinc_ore":20,"minecraft:spruce_planks":13,"minecraft:stone_pressure_plate":1,"minecraft:jungle_slab":1,"minecraft:brewing_stand":4,"minecraft:spruce_trapdoor":19,"minecraft:grass_block":96,"minecraft:cracked_polished_blackstone_bricks":7,"minecraft:composter":1,"minecraft:mossy_cobblestone_slab":1,"minecraft:iron_ore":48,"graveyard:leaning_wither_skeleton":1,"minecraft:anvil":2,"minecraft:dark_oak_stairs":2,"biomesoplenty:hanging_cobweb":2,"create:asurine":1,"blue_skies:everdawn_moonstone_ore":5,"minecraft:iron_bars":12,"epicsamurai:deepslate_silver_ore":17,"graveyard:wither_skull_pile":1,"minecraft:spruce_slab":24,"minecraft:deepslate_redstone_ore":3,"minecraft:polished_blackstone_wall":1,"minecraft:blackstone":31,"blue_skies:vitreous_moonstone":6,"minecraft:polished_deepslate_stairs":44,"minecraft:orange_terracotta":2,"biomesoplenty:hanging_cobweb_strand":1,"minecraft:clay":24,"minecraft:calcite":2,"minecraft:poppy":1,"minecraft:chest":2,"minecraft:nether_quartz_ore":25,"minecraft:cobblestone":28,"blue_skies:lunar_grass":4,"minecraft:oak_planks":7,"graveyard:gravestone":1,"minecraft:iron_door":2,"minecraft:wall_torch":5,"epicpaladins:deepslate_cryorium_ore":20,"minecraft:tnt":10,"graveyard:skull_pile":1,"biomesoplenty:fir_log":3138,"minecraft:cracked_deepslate_tiles":28,"biomesoplenty:clover":3,"graveyard:creeper_skeleton":1,"minecraft:oak_log":14,"minecraft:sand":1740,"minecraft:dirt":131,"minecraft:crimson_planks":1,"biomesoplenty:fir_sapling":4,"minecraft:tripwire_hook":13,"minecraft:netherrack":2031,"minecraft:ancient_debris":44,"minecraft:oak_leaves":7,"minecraft:cyan_candle":1,"minecraft:emerald_block":22,"minecraft:nether_gold_ore":13,"minecraft:red_carpet":2,"minecraft:diamond_ore":3,"minecraft:crying_obsidian":7,"minecraft:tuff":296,"blue_skies:lunar_cobblestone":8,"minecraft:deepslate_diamond_ore":174,"minecraft:candle":1,"enchantinginfuser:enchanting_infuser":1,"minecraft:lever":4,"minecraft:purple_terracotta":1,"minecraft:stone_button":1,"biomesoplenty:bush":9,"epicsamurai:deepslate_ruby_ore":15,"minecraft:decorated_pot":1,"minecraft:polished_andesite_slab":4,"minecraft:spruce_leaves":20,"minecraft:sandstone":22,"minecraft:rooted_dirt":1,"minecraft:large_fern":1,"minecraft:hay_block":103,"blue_skies:lucentroot":2,"minecraft:spruce_sapling":14,"minecraft:furnace":7,"minecraft:raw_gold_block":42,"biomesoplenty:toadstool":5,"minecraft:chiseled_sandstone":1,"minecraft:chiseled_deepslate":73,"minecraft:gold_block":93,"minecraft:polished_deepslate":5,"minecraft:bookshelf":32,"minecraft:deepslate_iron_ore":2,"minecraft:lantern":1,"biomesoplenty:spider_egg":4,"minecraft:stone":820,"minecraft:podzol":17,"epicpaladins:deepslate_bloodstone_ore":1,"minecraft:stripped_dark_oak_log":38,"minecraft:basalt":141,"minecraft:oak_fence":2,"minecraft:crafting_table":6,"minecraft:rose_bush":3,"minecraft:andesite_slab":3,"minecraft:lectern":268,"minecraft:deepslate_coal_ore":2,"biomesoplenty:sprout":3,"minecraft:lapis_ore":9,"biomesoplenty:huge_clover_petal":6,"minecraft:polished_blackstone_brick_stairs":1,"minecraft:spruce_stairs":3,"graveyard:skull_with_rib_cage":2,"biomesoplenty:pink_daffodil":3,"minecraft:yellow_bed":4,"minecraft:coal_ore":183,"biomesoplenty:fir_leaves":86,"biomesoplenty:redwood_leaves":8,"minecraft:cyan_carpet":1,"graveyard:leaning_skeleton":3,"minecraft:gray_carpet":5,"minecraft:cracked_stone_bricks":6,"minecraft:mossy_stone_bricks":9,"paraglider:goddess_statue":7},"minecraft:dropped":{"minecraft:iron_sword":2,"minecraft:crafting_table":1,"minecraft:emerald":1,"minecraft:dirt":33,"minecraft:stone_button":1,"minecraft:cracked_deepslate_tiles":1,"minecraft:gold_nugget":52,"minecraft:bone":62,"croptopia:toast":8,"minecraft:cobbled_deepslate":231,"minecraft:netherite_sword":3,"minecraft:rotten_flesh":86,"minecraft:chiseled_deepslate":39,"minecraft:deepslate_tiles":19,"minecraft:leather_leggings":1,"minecraft:red_nether_bricks":2,"minecraft:lectern":1,"minecraft:crimson_planks":1,"minecraft:netherite_pickaxe":1,"minecraft:wheat_seeds":37,"epicsamurai:raw_silver":8,"minecraft:polished_blackstone":1,"minecraft:cobblestone":87,"minecraft:feather":6,"minecraft:book":8,"minecraft:granite":66,"minecraft:jungle_slab":1,"minecraft:rose_bush":1,"minecraft:string":20,"create:raw_zinc":10,"minecraft:stone_brick_slab":2,"minecraft:polished_deepslate_slab":5,"minecraft:clay_ball":192,"minecraft:cobbled_deepslate_slab":1,"minecraft:polished_deepslate_stairs":12,"minecraft:diamond_sword":4,"minecraft:spruce_planks":46,"minecraft:diamond_pickaxe":1,"minecraft:yellow_bed":2,"minecraft:stone_bricks":1,"minecraft:sandstone":32,"minecraft:magma_block":2,"minecraft:diamond_axe":2,"minecraft:netherite_upgrade_smithing_template":1,"minecraft:jungle_planks":6,"paraglider:spirit_orb":18,"biomesoplenty:fir_sapling":1,"minecraft:cut_sandstone":1,"croptopia:calamari":2,"minecraft:gravel":24,"biomesoplenty:bramble":1,"graveyard:gravestone":1,"croptopia:asparagus_seed":1,"minecraft:carrot":19,"croptopia:greenonion_seed":2,"minecraft:gunpowder":56,"minecraft:basalt":6,"minecraft:iron_bars":2,"minecraft:arrow":62,"artifacts:scarf_of_invisibility":1,"minecraft:written_book":1,"minecraft:netherrack":3,"minecraft:purple_terracotta":1,"minecraft:stick":206,"minecraft:mossy_cobblestone_slab":1,"minecraft:diorite":17,"epicpaladins:cryorium_gem":3,"minecraft:iron_door":2,"minecraft:stonecutter":1,"minecraft:smooth_basalt":10,"minecraft:tuff":17,"farmersdelight:cabbage_seeds":1,"minecraft:deepslate_bricks":1,"biomesoplenty:fir_planks":12,"minecraft:orange_terracotta":2,"minecraft:andesite":4,"minecraft:cracked_deepslate_bricks":2},"minecraft:broken":{"minecraft:iron_pickaxe":1,"minecraft:stone_pickaxe":1,"minecraft:diamond_axe":2},"minecraft:used":{"minecraft:spruce_slab":5,"minecraft:chest":13,"minecraft:rotten_flesh":17,"minecraft:spruce_boat":1,"minecraft:netherite_shovel":1915,"minecraft:bow":222,"minecraft:furnace":8,"biomesoplenty:fir_trapdoor":1,"minecraft:diorite":10,"minecraft:wooden_pickaxe":17,"minecraft:glow_berries":11,"minecraft:sand":1,"minecraft:blast_furnace":1,"minecraft:stone_button":1,"minecraft:cyan_carpet":3,"minecraft:lectern":268,"minecraft:diamond_sword":1827,"sons_of_sins:flesh_of_demise":1,"minecraft:smithing_table":1,"minecraft:netherrack":287,"minecraft:torch":42,"minecraft:brewing_stand":2,"minecraft:anvil":2,"minecraft:smooth_quartz":49,"blue_skies:maple_crafting_table":1,"minecraft:barrel":2,"minecraft:basalt":8,"minecraft:tripwire_hook":14,"tombstone:gift":5,"minecraft:cobbled_deepslate":232,"minecraft:orange_terracotta":1,"minecraft:water_bucket":54,"minecraft:cartography_table":1,"minecraft:fletching_table":14,"minecraft:deepslate_bricks":10,"minecraft:cracked_stone_bricks":2,"minecraft:crafting_table":12,"minecraft:spruce_log":20,"minecraft:diamond_pickaxe":4486,"minecraft:diamond_shovel":309,"minecraft:iron_pickaxe":251,"minecraft:spruce_trapdoor":15,"minecraft:spruce_sapling":286,"enchantinginfuser:enchanting_infuser":1,"minecraft:cobblestone":44,"biomesoplenty:fir_log":44,"minecraft:shield":1,"paraglider:goddess_statue":4,"minecraft:cyan_wool":8,"enchantinginfuser:advanced_enchanting_infuser":1,"minecraft:obsidian":10,"biomesoplenty:fir_sapling":108,"minecraft:lantern":1,"minecraft:stone_pickaxe":131,"minecraft:oak_planks":14,"biomesoplenty:fir_planks":27,"biomesoplenty:fir_boat":2,"minecraft:diamond_axe":7413,"minecraft:shears":95,"waystones:waystone":3,"minecraft:lever":7,"minecraft:bread":7,"minecraft:string":285,"minecraft:gravel":62,"croptopia:toast":146,"tombstone:familiar_stone":2,"minecraft:andesite":17,"minecraft:coarse_dirt":1,"minecraft:experience_bottle":92,"minecraft:netherite_sword":813,"minecraft:flint_and_steel":1,"minecraft:spruce_planks":221,"minecraft:spyglass":1,"minecraft:dirt":165,"blue_skies:zeal_lighter":1,"minecraft:bookshelf":19,"minecraft:golden_carrot":5,"minecraft:netherite_pickaxe":2983,"minecraft:cooked_beef":20,"minecraft:netherite_chestplate":1,"minecraft:baked_potato":1,"tombstone:tablet_of_home":4,"minecraft:smoker":1,"tombstone:bag_of_seeds":2,"minecraft:map":1,"minecraft:netherite_axe":114,"biomesoplenty:toadstool":1,"minecraft:stone_axe":18,"minecraft:bucket":55,"minecraft:yellow_bed":4,"alexsmobs:animal_dictionary":1},"minecraft:crafted":{"croptopia:toast":153,"sophisticatedbackpacks:anvil_upgrade":1,"minecraft:diamond_shovel":1,"minecraft:lever":1,"sophisticatedbackpacks:crafting_upgrade":1,"minecraft:bookshelf":22,"epicsamurai:red_samurai_chestplate":1,"blue_skies:maple_planks":4,"epicsamurai:red_samurai_boots":1,"sophisticatedbackpacks:smelting_upgrade":1,"minecraft:diamond_helmet":1,"minecraft:diamond_leggings":1,"epicpaladins:steel_ingot":7,"blue_skies:blue_journal":1,"sophisticatedbackpacks:advanced_compacting_upgrade":1,"minecraft:emerald":1113,"minecraft:diamond_axe":3,"enchantinginfuser:enchanting_infuser":1,"minecraft:smithing_table":1,"minecraft:copper_ingot":72,"minecraft:fletching_table":7,"minecraft:lectern":3,"minecraft:iron_pickaxe":1,"minecraft:iron_block":10,"minecraft:gold_ingot":41,"minecraft:netherite_ingot":13,"sophisticatedbackpacks:netherite_backpack":1,"sophisticatedbackpacks:stack_upgrade_tier_3":1,"minecraft:experience_bottle":92,"sophisticatedbackpacks:stack_upgrade_tier_1":1,"minecraft:netherite_axe":1,"minecraft:spruce_slab":6,"minecraft:ender_pearl":13,"minecraft:stone_pickaxe":1,"minecraft:diamond_boots":1,"minecraft:spruce_boat":1,"minecraft:wheat":369,"minecraft:netherite_pickaxe":2,"biomesoplenty:fir_boat":1,"minecraft:enchanting_table":1,"sophisticatedbackpacks:gold_backpack":1,"minecraft:glowstone":90,"minecraft:enchanted_book":7,"minecraft:iron_leggings":1,"biomesoplenty:fir_button":64,"biomesoplenty:fir_trapdoor":2,"minecraft:oak_planks":52,"minecraft:barrel":2,"minecraft:stone":1,"epicsamurai:red_samurai_leggings":1,"minecraft:bow":27,"minecraft:iron_boots":1,"minecraft:chest":14,"minecraft:netherite_helmet":1,"minecraft:copper_block":8,"minecraft:netherite_upgrade_smithing_template":20,"minecraft:oak_slab":12,"minecraft:arrow":432,"sophisticatedbackpacks:backpack":1,"minecraft:crafting_table":7,"minecraft:spruce_planks":10808,"minecraft:wooden_pickaxe":1,"sophisticatedbackpacks:upgrade_base":6,"biomesoplenty:fir_planks":8844,"minecraft:spruce_trapdoor":2,"enchantinginfuser:advanced_enchanting_infuser":1,"minecraft:iron_chestplate":1,"minecraft:diamond_pickaxe":2,"sophisticatedbackpacks:diamond_backpack":1,"minecraft:stick":38010,"minecraft:iron_ingot":46,"minecraft:shears":1,"minecraft:redstone":256,"minecraft:tripwire_hook":4,"minecraft:netherite_sword":1,"minecraft:stone_button":1,"minecraft:furnace":3,"minecraft:piston":4,"sophisticatedbackpacks:stack_upgrade_starter_tier":1,"blue_skies:zeal_lighter":2,"minecraft:diamond_block":8,"minecraft:flint_and_steel":1,"minecraft:netherite_leggings":1,"sophisticatedbackpacks:compacting_upgrade":1,"sophisticatedbackpacks:stack_upgrade_tier_2":1,"minecraft:netherite_scrap":55,"sophisticatedbackpacks:iron_backpack":1,"minecraft:cooked_beef":11,"blue_skies:maple_crafting_table":1,"minecraft:diamond_sword":1,"minecraft:bucket":1,"minecraft:stone_axe":1,"minecraft:bread":133,"minecraft:air":0,"minecraft:netherite_shovel":1,"minecraft:anvil":2,"minecraft:lapis_lazuli":131,"epicsamurai:red_samurai_helmet":1,"minecraft:diamond_chestplate":1},"minecraft:custom":{"minecraft:interact_with_crafting_table":88,"minecraft:open_barrel":284,"goblintraders:trade_with_goblin":14,"minecraft:eat_cake_slice":23,"minecraft:leave_game":9,"minecraft:time_since_death":881772,"minecraft:damage_blocked_by_shield":25,"minecraft:play_time":881772,"minecraft:jump":20089,"minecraft:enchant_item":11,"minecraft:interact_with_furnace":65,"minecraft:traded_with_villager":1631,"minecraft:sleep_in_bed":10,"minecraft:waystone_activated":10,"minecraft:damage_dealt":172599,"tombstone:undead_killed":379,"minecraft:interact_with_smoker":17,"minecraft:inspect_dispenser":4,"minecraft:interact_with_smithing_table":19,"minecraft:inspect_dropper":4,"minecraft:interact_with_anvil":11,"minecraft:damage_dealt_absorbed":80,"minecraft:sneak_time":13554,"minecraft:interact_with_lectern":3,"minecraft:interact_with_blast_furnace":29,"minecraft:total_world_time":881772,"tombstone:raider_killed":277,"minecraft:time_since_rest":531585,"tombstone:cast_on_ally":0,"minecraft:swim_one_cm":685961,"minecraft:fly_one_cm":3607980,"minecraft:open_chest":655,"minecraft:fall_one_cm":701089,"minecraft:sprint_one_cm":2155307,"minecraft:drop":167,"minecraft:play_noteblock":1,"minecraft:talked_to_villager":767,"minecraft:walk_on_water_one_cm":181745,"minecraft:interact_with_loom":4,"minecraft:open_enderchest":1,"minecraft:crouch_one_cm":13600,"minecraft:mob_kills":919,"minecraft:damage_dealt_resisted":355,"minecraft:climb_one_cm":64083,"minecraft:walk_one_cm":1849322,"minecraft:raid_win":2,"minecraft:walk_under_water_one_cm":259361,"minecraft:raid_trigger":3,"minecraft:damage_taken":8524,"minecraft:trigger_trapped_chest":3}},"DataVersion":3465}