{"stats":{"minecraft:mined":{"minecraft:grass_block":3,"minecraft:rose_bush":1,"minecraft:dirt":6,"minecraft:spruce_log":16,"biomesoplenty:sprout":1,"minecraft:stone":7},"minecraft:crafted":{"minecraft:spruce_boat":1,"minecraft:stone_axe":1,"minecraft:crafting_table":1,"minecraft:spruce_planks":20,"minecraft:stick":8,"minecraft:stone_pickaxe":1,"minecraft:wooden_pickaxe":1},"minecraft:used":{"minecraft:spruce_boat":1,"minecraft:stone_axe":15,"minecraft:crafting_table":1,"alexsmobs:animal_dictionary":1,"minecraft:wooden_pickaxe":17},"minecraft:picked_up":{"minecraft:stick":2,"minecraft:rose_bush":1,"minecraft:spruce_sapling":2,"minecraft:spruce_log":16,"minecraft:dirt":9,"minecraft:cobblestone":7},"minecraft:custom":{"minecraft:time_since_rest":4582,"minecraft:open_chest":1,"minecraft:crouch_one_cm":59,"minecraft:play_time":4582,"minecraft:sprint_one_cm":12225,"minecraft:damage_taken":55,"minecraft:walk_one_cm":8317,"minecraft:sneak_time":98,"minecraft:jump":102,"minecraft:time_since_death":4582,"minecraft:walk_on_water_one_cm":429,"minecraft:total_world_time":4582,"minecraft:interact_with_crafting_table":5,"minecraft:fall_one_cm":3518,"minecraft:fly_one_cm":24035}},"DataVersion":3465}