{"stats":{"minecraft:custom":{"minecraft:interact_with_crafting_table":88,"minecraft:open_barrel":43,"goblintraders:trade_with_goblin":144,"minecraft:eat_cake_slice":5,"minecraft:leave_game":14,"minecraft:time_since_death":450837,"minecraft:sprint_one_cm":2107753,"minecraft:drop":118,"minecraft:talked_to_villager":24,"minecraft:play_time":531901,"minecraft:deaths":5,"minecraft:jump":9954,"tombstone:kill_undead_boss":1,"minecraft:walk_on_water_one_cm":141204,"minecraft:enchant_item":33,"minecraft:interact_with_furnace":27,"twilightforest:uncrafting_table_interactions":5,"minecraft:traded_with_villager":4,"minecraft:interact_with_cartography_table":1,"minecraft:sleep_in_bed":8,"minecraft:waystone_activated":9,"minecraft:damage_dealt":63373,"minecraft:crouch_one_cm":106303,"tombstone:undead_killed":248,"tombstone:create_ancient_item":1,"minecraft:interact_with_smoker":2,"minecraft:interact_with_smithing_table":7,"minecraft:interact_with_anvil":10,"minecraft:mob_kills":393,"minecraft:interact_with_campfire":1,"minecraft:damage_dealt_resisted":397,"minecraft:climb_one_cm":17648,"minecraft:walk_one_cm":1779033,"tombstone:consume_soul":4,"minecraft:damage_dealt_absorbed":187,"minecraft:sneak_time":27188,"twilightforest:tf_shields_broken":10,"minecraft:walk_under_water_one_cm":48325,"minecraft:interact_with_blast_furnace":8,"minecraft:total_world_time":531901,"tombstone:raider_killed":40,"minecraft:time_since_rest":82592,"minecraft:damage_taken":13069,"minecraft:damage_absorbed":41,"minecraft:trigger_trapped_chest":2,"minecraft:swim_one_cm":317927,"minecraft:fly_one_cm":2497516,"minecraft:open_chest":334,"tombstone:use_magic_impregnation":4,"minecraft:fall_one_cm":208133},"minecraft:mined":{"minecraft:dark_oak_planks":9,"minecraft:large_amethyst_bud":1,"create:deepslate_zinc_ore":1,"epicpaladins:cryorium_ore":5,"minecraft:granite":5,"minecraft:stone_brick_wall":1,"minecraft:grass_block":49,"biomesoplenty:eyebulb":9,"minecraft:spawner":24,"minecraft:tall_seagrass":1,"epicsamurai:deepslate_jade_ore":3,"minecraft:magma_block":2,"minecraft:iron_ore":65,"minecraft:cobbled_deepslate":2,"minecraft:deepslate_lapis_ore":5,"minecraft:dark_oak_stairs":1,"minecraft:oak_stairs":2,"biomesoplenty:webbing":2,"epicsamurai:deepslate_silver_ore":8,"minecraft:iron_block":1,"minecraft:deepslate_redstone_ore":17,"minecraft:blackstone":86,"minecraft:medium_amethyst_bud":2,"minecraft:amethyst_cluster":1,"minecraft:torch":10,"twilightforest:twilight_oak_log":3,"minecraft:dead_bush":1,"minecraft:nether_quartz_ore":275,"minecraft:cobblestone":36,"minecraft:oak_planks":3,"minecraft:wall_torch":17,"minecraft:amethyst_block":6,"minecraft:red_candle":1,"minecraft:wheat":112,"epicpaladins:deepslate_cryorium_ore":28,"biomesoplenty:hair":2,"minecraft:black_bed":1,"minecraft:tnt":1,"minecraft:stone_brick_stairs":3,"minecraft:smooth_stone_slab":1,"minecraft:grass":50,"minecraft:oak_log":3,"minecraft:sand":1,"minecraft:smooth_quartz":21,"minecraft:dirt":21,"minecraft:netherrack":11437,"minecraft:red_mushroom_block":1,"twilightforest:canopy_log":57,"minecraft:ancient_debris":13,"upgrade_aquatic:white_searocket":2,"minecraft:oak_leaves":2,"epicpaladins:arclight_ore":2,"minecraft:deepslate":1069,"biomesoplenty:reed":4,"minecraft:nether_gold_ore":50,"minecraft:dark_prismarine":2,"minecraft:tuff":75,"biomesoplenty:watergrass":29,"minecraft:mossy_cobblestone":2,"minecraft:dark_oak_leaves":3,"minecraft:deepslate_diamond_ore":23,"minecraft:candle":1,"minecraft:dark_oak_log":5,"minecraft:cobbled_deepslate_slab":5,"minecraft:dark_oak_fence":4,"epicsamurai:deepslate_ruby_ore":4,"minecraft:spruce_fence":1,"minecraft:spruce_leaves":1,"twilightforest:nagastone_head":1,"epicpaladins:deepslate_arclight_ore":33,"minecraft:hay_block":81,"minecraft:redstone_ore":3,"minecraft:furnace":4,"minecraft:carrots":19,"minecraft:andesite":48,"biomesoplenty:flesh":145,"minecraft:bookshelf":4,"twilightforest:firefly_jar":1,"biomesoplenty:high_grass":17,"minecraft:deepslate_iron_ore":18,"minecraft:vine":1,"upgrade_aquatic:tall_pickerelweed":7,"biomesoplenty:spider_egg":1,"minecraft:stone":205,"minecraft:bone_block":2,"biomesoplenty:porous_flesh":1,"minecraft:acacia_leaves":1,"epicsamurai:jade_ore":12,"epicpaladins:deepslate_bloodstone_ore":33,"minecraft:stripped_dark_oak_log":3,"twilightforest:hedge":2,"minecraft:basalt":15,"minecraft:dandelion":1,"epicsamurai:deepslate_aquamarine_ore":4,"minecraft:oak_fence":2,"minecraft:crafting_table":5,"minecraft:rose_bush":1,"minecraft:copper_ore":2,"minecraft:tall_grass":10,"biomesoplenty:high_grass_plant":9,"twilightforest:nagastone":3,"minecraft:lapis_ore":1,"minecraft:diorite":10,"minecraft:cobblestone_wall":2,"minecraft:spruce_log":186,"minecraft:birch_leaves":1,"minecraft:coal_ore":48,"minecraft:gravel":164,"minecraft:cobweb":9,"minecraft:polished_andesite":1,"minecraft:iron_trapdoor":1,"epicsamurai:ruby_ore":4,"minecraft:fern":4},"minecraft:killed":{"twilightforest:hostile_wolf":4,"minecraft:cave_spider":2,"minecraft:zombified_piglin":115,"minecraft:witch":6,"graveyard:skeleton_creeper":1,"minecraft:spider":6,"alexsmobs:murmur":2,"minecraft:skeleton":56,"twilightforest:lich":1,"minecraft:chicken":3,"minecraft:silverfish":4,"alexsmobs:centipede_head":1,"epicsamurai:enenra":1,"twilightforest:slime_beetle":1,"minecraft:piglin":1,"alexsmobs:grizzly_bear":2,"epicsamurai:kitsune":1,"epicsamurai:jorogumo":1,"minecraft:creeper":6,"alexsmobs:crimson_mosquito":3,"minecraft:sheep":3,"twilightforest:redcap":1,"minecraft:pillager":13,"minecraft:zombie":71,"minecraft:glow_squid":1,"minecraft:cow":4,"twilightforest:deer":1,"minecraft:vex":3,"graveyard:nightmare":1,"minecraft:vindicator":11,"twilightforest:swarm_spider":6,"twilightforest:hedge_spider":2,"twilightforest:death_tome":8,"minecraft:husk":1,"graveyard:ghoul":1,"epicsamurai:akaname":2,"twilightforest:kobold":6,"alexsmobs:catfish":1,"alexsmobs:crocodile":3,"sons_of_sins:betrayed_guzzler":3,"goblintraders:vein_goblin_trader":1},"minecraft:crafted":{"minecraft:oak_planks":4,"epicsamurai:green_samurai_chestplate":1,"epicpaladins:bloodstone_axe":1,"minecraft:diamond_helmet":1,"minecraft:diamond_leggings":1,"minecraft:iron_boots":2,"minecraft:chest":1,"minecraft:netherite_helmet":1,"minecraft:netherite_upgrade_smithing_template":10,"tombstone:book_of_magic_impregnation":4,"epicsamurai:green_samurai_helmet":1,"sophisticatedbackpacks:backpack":1,"minecraft:emerald":108,"minecraft:crafting_table":6,"minecraft:spruce_planks":124,"minecraft:wooden_pickaxe":2,"minecraft:iron_helmet":1,"tombstone:decorative_grave_simple":2,"epicsamurai:green_samurai_boots":1,"minecraft:spruce_trapdoor":6,"minecraft:iron_chestplate":1,"minecraft:diamond_pickaxe":1,"minecraft:shield":1,"minecraft:stick":80,"minecraft:iron_ingot":114,"minecraft:gold_ingot":9,"minecraft:netherite_ingot":4,"minecraft:cobbled_deepslate_slab":12,"epicpaladins:bloodstone_shovel":1,"minecraft:furnace":2,"epicpaladins:bloodstone_sword":1,"minecraft:netherite_leggings":1,"minecraft:ladder":9,"minecraft:stone_pickaxe":2,"minecraft:diamond_boots":1,"minecraft:netherite_scrap":16,"minecraft:wheat":180,"sophisticatedbackpacks:iron_backpack":1,"minecraft:iron_sword":1,"sophisticatedbackpacks:gold_backpack":1,"minecraft:bucket":1,"minecraft:stone_axe":2,"minecraft:enchanted_book":4,"minecraft:bread":94,"minecraft:air":0,"minecraft:golden_apple":1,"epicpaladins:bloodstone_pickaxe":1,"tombstone:dark_marble":6,"minecraft:wooden_axe":1,"minecraft:iron_leggings":2,"minecraft:white_bed":1,"minecraft:torch":32,"epicsamurai:green_samurai_leggings":1,"minecraft:diamond_chestplate":1},"minecraft:used":{"epicpaladins:bloodstone_pickaxe":13299,"minecraft:ladder":8,"minecraft:iron_sword":163,"minecraft:iron_chestplate":1,"epicpaladins:bloodstone_axe":174,"minecraft:carrot":73,"minecraft:tuff":18,"tombstone:decorative_grave_simple":2,"minecraft:lava_bucket":1,"epicpaladins:bloodstone_shovel":178,"minecraft:written_book":1,"minecraft:furnace":2,"biomesoplenty:flesh":3,"minecraft:stone_pickaxe":82,"minecraft:wooden_pickaxe":13,"minecraft:golden_apple":2,"croptopia:orange":14,"upgrade_aquatic:pickerelweed":3,"minecraft:bread":84,"minecraft:gravel":5,"croptopia:toast":43,"minecraft:andesite":32,"minecraft:experience_bottle":1,"minecraft:netherrack":277,"minecraft:torch":62,"minecraft:dirt":14,"minecraft:granite":5,"minecraft:spruce_fence":1,"minecraft:wooden_axe":10,"minecraft:golden_carrot":18,"minecraft:beef":6,"tombstone:gift":12,"minecraft:cobbled_deepslate":153,"minecraft:wheat_seeds":32,"minecraft:water_bucket":47,"tombstone:scroll_of_knowledge":1,"minecraft:netherite_chestplate":1,"minecraft:crafting_table":9,"minecraft:white_bed":1,"croptopia:sweetpotato":1,"minecraft:spruce_log":10,"minecraft:oak_log":1,"minecraft:diamond_pickaxe":408,"alexsmobs:crocodile_egg":2,"minecraft:spruce_trapdoor":6,"minecraft:spruce_sapling":9,"minecraft:stone_axe":190,"minecraft:cobblestone":65,"minecraft:cobbled_deepslate_slab":11,"epicpaladins:bloodstone_sword":792,"minecraft:bucket":49,"minecraft:diamond_leggings":1},"minecraft:dropped":{"upgrade_aquatic:pickerelweed":19,"twilightforest:fortification_scepter":2,"minecraft:netherite_upgrade_smithing_template":1,"minecraft:lantern":1,"minecraft:leather":11,"minecraft:item_frame":2,"minecraft:dirt":3,"minecraft:gold_nugget":2,"epicpaladins:bloodstone_axe":1,"minecraft:white_wool":2,"minecraft:bone":3,"minecraft:gravel":290,"minecraft:stone_axe":1,"minecraft:cooked_chicken":2,"minecraft:cobbled_deepslate":115,"minecraft:wheat":7,"tombstone:gift":1,"minecraft:rotten_flesh":12,"minecraft:oak_planks":2,"minecraft:painting":1,"minecraft:arrow":9,"minecraft:beef":2,"biomesoplenty:flesh":5,"minecraft:quartz":65,"minecraft:written_book":1,"minecraft:netherrack":64,"minecraft:bread":12,"minecraft:wheat_seeds":6,"twilightforest:canopy_sapling":1,"minecraft:diamond_leggings":1,"minecraft:cobblestone":31,"minecraft:coal":118,"minecraft:diorite":6,"minecraft:ink_sac":3,"tombstone:grave_key":1,"minecraft:wooden_axe":1,"epicpaladins:cryorium_gem":6,"tombstone:grave_dust":1,"minecraft:iron_axe":1,"minecraft:paper":18,"minecraft:string":15,"minecraft:dandelion":1,"alexsmobs:crocodile_scute":4,"minecraft:tuff":6,"minecraft:cobbled_deepslate_slab":8,"minecraft:shield":1,"minecraft:andesite":19,"minecraft:golden_sword":1,"minecraft:spider_eye":2,"minecraft:bow":1,"minecraft:wooden_pickaxe":2,"tombstone:book_of_magic_impregnation":1},"minecraft:picked_up":{"minecraft:wheat":117,"minecraft:iron_trapdoor":1,"minecraft:potion":1,"minecraft:enchanted_book":3,"minecraft:stone_brick_stairs":3,"minecraft:golden_sword":8,"minecraft:amethyst_block":4,"minecraft:string":30,"minecraft:smooth_stone_slab":2,"epicpaladins:bloodstone_gem":57,"alexsmobs:blood_sac":1,"minecraft:diamond_leggings":1,"minecraft:gold_nugget":164,"minecraft:cobbled_deepslate":758,"minecraft:written_book":2,"minecraft:netherite_upgrade_smithing_template":1,"minecraft:furnace":4,"minecraft:tipped_arrow":1,"minecraft:stick":16,"twilightforest:cooked_venison":2,"epicpaladins:arclight_gem":49,"minecraft:oak_fence":2,"minecraft:torch":32,"tombstone:grave_dust":28,"minecraft:diorite":12,"epicpaladins:cryorium_gem":57,"minecraft:rotten_flesh":100,"minecraft:iron_block":1,"minecraft:cobblestone":255,"paraglider:paraglider":1,"minecraft:feather":3,"minecraft:cooked_beef":1,"minecraft:andesite":67,"minecraft:black_bed":1,"alexsmobs:bear_fur":3,"paraglider:spirit_orb":48,"minecraft:flint":22,"minecraft:tuff":50,"minecraft:lantern":1,"minecraft:lapis_lazuli":49,"minecraft:dirt":94,"tombstone:familiar_receptacle":1,"twilightforest:canopy_sapling":1,"epicpaladins:bloodstone_axe":1,"minecraft:bone":47,"croptopia:sweetpotato":1,"minecraft:bow":4,"minecraft:wheat_seeds":274,"minecraft:cobbled_deepslate_slab":7,"epicsamurai:raw_silver":8,"minecraft:oak_planks":4,"twilightforest:fortification_scepter":1,"alexsmobs:crocodile_egg":2,"minecraft:sand":1,"sophisticatedbackpacks:iron_backpack":1,"minecraft:ink_sac":3,"minecraft:dark_oak_log":5,"minecraft:mossy_cobblestone":2,"sons_of_sins:flesh_of_demise":2,"minecraft:dark_prismarine":2,"minecraft:bundle":5,"minecraft:polished_andesite":1,"twilightforest:twilight_oak_sapling":1,"minecraft:diamond":42,"minecraft:crossbow":1,"minecraft:granite":5,"alexsmobs:maggot":1,"minecraft:emerald":13,"minecraft:bread":12,"epicsamurai:ruby":8,"minecraft:dark_oak_fence":3,"minecraft:netherrack":1681,"croptopia:toast":66,"minecraft:crafting_table":4,"minecraft:chicken":1,"biomesoplenty:flesh":110,"twilightforest:nagastone":2,"minecraft:shield":1,"minecraft:iron_axe":1,"twilightforest:filled_magic_map":1,"minecraft:item_frame":3,"epicsamurai:jade":15,"minecraft:blackstone":2,"graveyard:corruption":3,"twilightforest:nagastone_head":1,"minecraft:beef":10,"epicsamurai:akaname_tongue":2,"alexsmobs:elastic_tendon":2,"upgrade_aquatic:pickerelweed":22,"minecraft:raw_iron":116,"minecraft:spruce_fence":1,"sophisticatedbackpacks:backpack":1,"minecraft:carrot":166,"minecraft:redstone":66,"alexsmobs:crocodile_scute":5,"minecraft:dark_oak_planks":4,"minecraft:arrow":55,"minecraft:hay_block":80,"minecraft:totem_of_undying":1,"tombstone:essence_of_undeath":4,"minecraft:gold_ingot":2,"minecraft:bone_block":2,"minecraft:white_wool":5,"epicsamurai:kitsune_tail":2,"epicsamurai:kitsune_hide":1,"minecraft:golden_carrot":64,"artifacts:digging_claws":1,"minecraft:leather":4,"minecraft:oak_log":3,"minecraft:ancient_debris":13,"minecraft:cobblestone_wall":1,"minecraft:gunpowder":3,"tombstone:voodoo_poppet":3,"minecraft:paper":18,"tombstone:gift":4,"minecraft:cooked_mutton":2,"minecraft:iron_ingot":9,"croptopia:pineapple":1,"minecraft:cooked_chicken":4,"tombstone:bag_of_seeds":1,"epicsamurai:aquamarine":4,"minecraft:dark_oak_stairs":1,"minecraft:book":15,"minecraft:red_wool":1,"minecraft:quartz":89,"minecraft:dandelion":1,"minecraft:gravel":344,"minecraft:amethyst_shard":4,"biomesoplenty:porous_flesh":1,"tombstone:book_of_magic_impregnation":1,"minecraft:spruce_sapling":13,"minecraft:spruce_log":175,"minecraft:spider_eye":3,"biomesoplenty:maple_sapling":1,"croptopia:orange":14,"minecraft:painting":1,"tombstone:magic_scroll":2,"minecraft:coal":222},"minecraft:broken":{"minecraft:iron_helmet":1}},"DataVersion":3465}