{"stats":{"minecraft:picked_up":{"minecraft:crafting_table":4,"minecraft:wheat":104,"minecraft:shield":1,"minecraft:amethyst_block":4,"minecraft:string":1,"epicpaladins:bloodstone_gem":12,"epicsamurai:jade":15,"minecraft:cobbled_deepslate":52,"minecraft:beef":6,"upgrade_aquatic:pickerelweed":8,"minecraft:furnace":4,"minecraft:raw_iron":59,"minecraft:stick":8,"epicpaladins:arclight_gem":15,"minecraft:oak_fence":2,"minecraft:torch":14,"minecraft:spruce_fence":1,"minecraft:diorite":4,"minecraft:carrot":1,"minecraft:redstone":45,"minecraft:dark_oak_planks":1,"epicpaladins:cryorium_gem":20,"minecraft:arrow":12,"minecraft:rotten_flesh":14,"minecraft:hay_block":9,"tombstone:essence_of_undeath":1,"minecraft:cobblestone":83,"minecraft:cooked_beef":1,"minecraft:andesite":24,"minecraft:black_bed":1,"minecraft:leather":3,"minecraft:tuff":14,"minecraft:oak_log":2,"minecraft:lapis_lazuli":21,"minecraft:dirt":23,"minecraft:lantern":1,"tombstone:gift":1,"minecraft:bone":14,"croptopia:sweetpotato":1,"minecraft:bow":1,"minecraft:wheat_seeds":253,"minecraft:iron_ingot":4,"epicsamurai:aquamarine":4,"epicsamurai:raw_silver":8,"minecraft:amethyst_shard":4,"minecraft:sand":1,"minecraft:spruce_sapling":13,"minecraft:spruce_log":175,"minecraft:dark_oak_log":2,"sons_of_sins:flesh_of_demise":1,"biomesoplenty:maple_sapling":1,"minecraft:diamond":3,"croptopia:orange":14,"minecraft:granite":5,"minecraft:dark_oak_fence":1,"tombstone:magic_scroll":2,"epicsamurai:ruby":8,"minecraft:coal":44},"minecraft:used":{"minecraft:iron_sword":151,"minecraft:iron_chestplate":1,"minecraft:torch":34,"epicpaladins:bloodstone_axe":7,"minecraft:carrot":21,"minecraft:spruce_fence":1,"minecraft:granite":5,"minecraft:wooden_axe":10,"minecraft:lava_bucket":1,"minecraft:beef":6,"minecraft:furnace":2,"tombstone:gift":4,"minecraft:wheat_seeds":32,"minecraft:water_bucket":10,"minecraft:stone_pickaxe":82,"minecraft:wooden_pickaxe":13,"minecraft:golden_apple":1,"minecraft:crafting_table":5,"croptopia:sweetpotato":1,"croptopia:orange":14,"minecraft:spruce_log":10,"minecraft:oak_log":1,"minecraft:diamond_pickaxe":310,"minecraft:bread":34,"minecraft:spruce_sapling":9,"minecraft:stone_axe":190,"minecraft:cobblestone":25,"epicpaladins:bloodstone_sword":12,"minecraft:bucket":12,"minecraft:andesite":21},"minecraft:dropped":{"minecraft:wheat_seeds":5,"upgrade_aquatic:pickerelweed":8,"minecraft:cobblestone":23,"minecraft:lantern":1,"minecraft:leather":10,"minecraft:diorite":2,"tombstone:grave_key":1,"minecraft:wooden_axe":1,"minecraft:paper":1,"minecraft:stone_axe":1,"tombstone:gift":1,"minecraft:rotten_flesh":4,"minecraft:shield":1,"minecraft:andesite":1,"minecraft:bow":1,"minecraft:wooden_pickaxe":2},"minecraft:mined":{"minecraft:dark_oak_planks":1,"minecraft:large_amethyst_bud":1,"minecraft:tuff":15,"minecraft:deepslate_diamond_ore":3,"minecraft:dark_oak_log":2,"minecraft:dark_oak_fence":2,"minecraft:granite":5,"epicsamurai:deepslate_ruby_ore":4,"minecraft:grass_block":8,"minecraft:spruce_fence":1,"minecraft:spruce_leaves":1,"epicpaladins:deepslate_arclight_ore":13,"minecraft:hay_block":9,"epicsamurai:deepslate_jade_ore":3,"minecraft:redstone_ore":3,"minecraft:furnace":4,"minecraft:iron_ore":42,"minecraft:andesite":23,"minecraft:deepslate_lapis_ore":3,"biomesoplenty:high_grass":13,"minecraft:deepslate_iron_ore":13,"epicsamurai:deepslate_silver_ore":8,"minecraft:stone":80,"minecraft:deepslate_redstone_ore":8,"epicsamurai:jade_ore":12,"epicpaladins:deepslate_bloodstone_ore":12,"minecraft:medium_amethyst_bud":2,"minecraft:amethyst_cluster":1,"epicsamurai:deepslate_aquamarine_ore":4,"minecraft:crafting_table":4,"minecraft:oak_fence":2,"minecraft:torch":2,"minecraft:dead_bush":1,"biomesoplenty:high_grass_plant":6,"minecraft:tall_grass":5,"minecraft:copper_ore":2,"minecraft:diorite":2,"minecraft:wall_torch":13,"minecraft:amethyst_block":6,"minecraft:wheat":109,"epicpaladins:deepslate_cryorium_ore":20,"minecraft:spruce_log":186,"minecraft:black_bed":1,"minecraft:grass":5,"minecraft:oak_log":2,"minecraft:coal_ore":21,"minecraft:gravel":6,"minecraft:sand":1,"minecraft:dirt":4,"minecraft:cobweb":1,"upgrade_aquatic:white_searocket":2,"epicsamurai:ruby_ore":4,"epicpaladins:arclight_ore":2,"minecraft:fern":2,"minecraft:deepslate":76,"biomesoplenty:reed":2},"minecraft:custom":{"minecraft:interact_with_smithing_table":2,"minecraft:mob_kills":39,"minecraft:interact_with_crafting_table":35,"minecraft:open_barrel":21,"goblintraders:trade_with_goblin":3,"minecraft:interact_with_campfire":1,"minecraft:leave_game":7,"minecraft:time_since_death":38198,"minecraft:climb_one_cm":2975,"minecraft:sprint_one_cm":565366,"minecraft:walk_one_cm":334709,"tombstone:consume_soul":1,"minecraft:drop":25,"minecraft:talked_to_villager":2,"minecraft:play_time":119262,"minecraft:deaths":5,"minecraft:sneak_time":5556,"minecraft:walk_under_water_one_cm":8632,"minecraft:jump":2771,"minecraft:interact_with_blast_furnace":4,"minecraft:walk_on_water_one_cm":21359,"minecraft:enchant_item":3,"minecraft:total_world_time":119262,"minecraft:interact_with_furnace":25,"minecraft:sleep_in_bed":5,"minecraft:time_since_rest":24505,"minecraft:waystone_activated":1,"minecraft:damage_taken":3197,"minecraft:trigger_trapped_chest":1,"minecraft:damage_dealt":7878,"minecraft:swim_one_cm":52481,"minecraft:fly_one_cm":543560,"minecraft:open_chest":87,"minecraft:crouch_one_cm":15471,"tombstone:undead_killed":34,"tombstone:use_magic_impregnation":1,"minecraft:interact_with_smoker":1,"minecraft:fall_one_cm":68391},"minecraft:killed":{"minecraft:skeleton":13,"alexsmobs:centipede_head":1,"sons_of_sins:betrayed_guzzler":1,"minecraft:zombie":21,"minecraft:cow":3},"minecraft:crafted":{"minecraft:furnace":2,"epicpaladins:bloodstone_axe":1,"epicpaladins:bloodstone_sword":1,"minecraft:iron_boots":1,"minecraft:stone_pickaxe":2,"minecraft:chest":1,"tombstone:book_of_magic_impregnation":1,"sophisticatedbackpacks:iron_backpack":1,"minecraft:wheat":27,"sophisticatedbackpacks:backpack":1,"minecraft:crafting_table":2,"minecraft:spruce_planks":80,"minecraft:wooden_pickaxe":2,"minecraft:iron_helmet":1,"minecraft:iron_sword":1,"sophisticatedbackpacks:gold_backpack":1,"minecraft:bucket":1,"minecraft:stone_axe":2,"minecraft:bread":43,"minecraft:air":0,"minecraft:iron_chestplate":1,"minecraft:diamond_pickaxe":1,"minecraft:shield":1,"epicpaladins:bloodstone_pickaxe":1,"minecraft:stick":52,"minecraft:iron_ingot":54,"minecraft:wooden_axe":1,"minecraft:gold_ingot":9,"minecraft:iron_leggings":1,"minecraft:torch":20}},"DataVersion":3465}