{"stats":{"minecraft:mined":{"minecraft:deepslate_redstone_ore":1,"minecraft:large_amethyst_bud":1,"minecraft:tuff":14,"epicsamurai:jade_ore":12,"minecraft:deepslate_diamond_ore":3,"minecraft:medium_amethyst_bud":2,"minecraft:amethyst_cluster":1,"minecraft:oak_fence":2,"minecraft:crafting_table":4,"minecraft:grass_block":8,"minecraft:spruce_fence":1,"minecraft:dead_bush":1,"minecraft:tall_grass":5,"minecraft:spruce_leaves":1,"minecraft:diorite":2,"minecraft:wall_torch":5,"minecraft:amethyst_block":6,"epicpaladins:deepslate_arclight_ore":5,"minecraft:hay_block":9,"epicsamurai:deepslate_jade_ore":3,"minecraft:redstone_ore":3,"minecraft:furnace":4,"minecraft:iron_ore":42,"minecraft:wheat":66,"minecraft:spruce_log":186,"minecraft:andesite":2,"minecraft:black_bed":1,"minecraft:deepslate_lapis_ore":3,"minecraft:grass":4,"minecraft:oak_log":2,"minecraft:coal_ore":19,"minecraft:deepslate_iron_ore":8,"minecraft:sand":1,"minecraft:gravel":3,"minecraft:dirt":1,"minecraft:cobweb":1,"minecraft:stone":35,"biomesoplenty:reed":2,"minecraft:deepslate":43,"epicpaladins:arclight_ore":2,"epicsamurai:ruby_ore":4,"minecraft:fern":2},"minecraft:killed":{"minecraft:skeleton":7,"minecraft:zombie":6,"sons_of_sins:betrayed_guzzler":1,"minecraft:cow":2},"minecraft:dropped":{"upgrade_aquatic:pickerelweed":8,"tombstone:gift":1,"minecraft:cobblestone":7,"minecraft:lantern":1,"minecraft:diorite":2,"tombstone:grave_key":1,"minecraft:wooden_axe":1,"minecraft:andesite":1,"minecraft:wooden_pickaxe":1},"minecraft:used":{"minecraft:water_bucket":6,"minecraft:stone_pickaxe":82,"minecraft:wooden_pickaxe":13,"minecraft:iron_sword":53,"minecraft:iron_chestplate":1,"minecraft:torch":13,"minecraft:crafting_table":5,"minecraft:spruce_fence":1,"croptopia:orange":12,"minecraft:spruce_log":10,"minecraft:oak_log":1,"minecraft:wooden_axe":10,"minecraft:diamond_pickaxe":129,"minecraft:lava_bucket":1,"minecraft:bread":18,"minecraft:spruce_sapling":9,"minecraft:stone_axe":190,"minecraft:beef":6,"minecraft:furnace":2,"minecraft:bucket":7,"tombstone:gift":4},"minecraft:custom":{"minecraft:interact_with_furnace":23,"minecraft:mob_kills":16,"minecraft:interact_with_crafting_table":22,"minecraft:open_barrel":10,"minecraft:interact_with_campfire":1,"minecraft:leave_game":6,"minecraft:time_since_death":2268,"minecraft:sleep_in_bed":3,"minecraft:climb_one_cm":2975,"minecraft:time_since_rest":2051,"minecraft:sprint_one_cm":346865,"minecraft:damage_taken":1681,"minecraft:walk_one_cm":203888,"minecraft:trigger_trapped_chest":1,"minecraft:drop":10,"minecraft:damage_dealt":3114,"minecraft:swim_one_cm":17541,"minecraft:fly_one_cm":298319,"minecraft:open_chest":6,"minecraft:play_time":65955,"minecraft:crouch_one_cm":12126,"tombstone:undead_killed":13,"minecraft:deaths":3,"minecraft:sneak_time":4320,"minecraft:walk_under_water_one_cm":5204,"minecraft:jump":1429,"minecraft:walk_on_water_one_cm":12067,"minecraft:total_world_time":65955,"minecraft:fall_one_cm":38812},"minecraft:crafted":{"minecraft:crafting_table":2,"minecraft:spruce_planks":56,"minecraft:wooden_pickaxe":2,"minecraft:iron_helmet":1,"minecraft:iron_sword":1,"minecraft:furnace":2,"minecraft:bucket":1,"minecraft:stone_axe":2,"minecraft:bread":30,"minecraft:air":0,"minecraft:iron_boots":1,"minecraft:iron_chestplate":1,"minecraft:diamond_pickaxe":1,"minecraft:shield":1,"minecraft:stick":20,"minecraft:iron_ingot":30,"minecraft:stone_pickaxe":2,"minecraft:wooden_axe":1,"minecraft:iron_leggings":1,"minecraft:torch":20,"minecraft:wheat":27},"minecraft:picked_up":{"minecraft:crafting_table":4,"minecraft:wheat":64,"minecraft:andesite":3,"minecraft:black_bed":1,"minecraft:leather":2,"minecraft:tuff":13,"minecraft:oak_log":2,"minecraft:amethyst_block":4,"minecraft:dirt":23,"minecraft:lapis_lazuli":21,"minecraft:string":1,"minecraft:lantern":1,"tombstone:gift":1,"epicsamurai:jade":15,"minecraft:bone":7,"minecraft:bow":1,"minecraft:wheat_seeds":167,"minecraft:cobbled_deepslate":19,"minecraft:iron_ingot":4,"minecraft:beef":6,"upgrade_aquatic:pickerelweed":8,"minecraft:furnace":4,"minecraft:stick":8,"minecraft:raw_iron":54,"epicpaladins:arclight_gem":7,"minecraft:oak_fence":2,"minecraft:torch":4,"minecraft:spruce_fence":1,"minecraft:sand":1,"minecraft:amethyst_shard":4,"minecraft:spruce_sapling":13,"minecraft:diorite":4,"minecraft:spruce_log":175,"minecraft:carrot":1,"minecraft:redstone":12,"sons_of_sins:flesh_of_demise":1,"biomesoplenty:maple_sapling":1,"minecraft:arrow":5,"minecraft:rotten_flesh":10,"minecraft:diamond":3,"minecraft:hay_block":9,"croptopia:orange":12,"epicsamurai:ruby":4,"minecraft:coal":42,"minecraft:cobblestone":42}},"DataVersion":3465}