{"stats":{"minecraft:picked_up":{"minecraft:crafting_table":4,"minecraft:wheat":64,"minecraft:amethyst_block":4,"minecraft:string":1,"epicsamurai:jade":15,"epicpaladins:bloodstone_gem":12,"minecraft:cobbled_deepslate":52,"minecraft:beef":6,"upgrade_aquatic:pickerelweed":8,"minecraft:furnace":4,"minecraft:raw_iron":59,"minecraft:stick":8,"epicpaladins:arclight_gem":15,"minecraft:oak_fence":2,"minecraft:torch":14,"minecraft:spruce_fence":1,"minecraft:diorite":4,"minecraft:carrot":1,"minecraft:redstone":45,"minecraft:rotten_flesh":14,"minecraft:arrow":12,"epicpaladins:cryorium_gem":20,"minecraft:hay_block":9,"tombstone:essence_of_undeath":1,"minecraft:cobblestone":83,"minecraft:andesite":24,"minecraft:black_bed":1,"minecraft:leather":2,"minecraft:tuff":14,"minecraft:oak_log":2,"minecraft:lapis_lazuli":21,"minecraft:dirt":23,"minecraft:lantern":1,"tombstone:gift":1,"minecraft:bone":13,"croptopia:sweetpotato":1,"minecraft:bow":1,"minecraft:wheat_seeds":167,"minecraft:iron_ingot":4,"epicsamurai:aquamarine":4,"epicsamurai:raw_silver":8,"minecraft:sand":1,"minecraft:amethyst_shard":4,"minecraft:spruce_sapling":13,"minecraft:spruce_log":175,"sons_of_sins:flesh_of_demise":1,"biomesoplenty:maple_sapling":1,"minecraft:diamond":3,"croptopia:orange":14,"minecraft:granite":5,"tombstone:magic_scroll":2,"epicsamurai:ruby":8,"minecraft:coal":44},"minecraft:used":{"minecraft:iron_sword":139,"minecraft:iron_chestplate":1,"minecraft:torch":31,"minecraft:spruce_fence":1,"minecraft:granite":5,"minecraft:wooden_axe":10,"minecraft:lava_bucket":1,"minecraft:beef":6,"minecraft:furnace":2,"tombstone:gift":4,"minecraft:water_bucket":10,"minecraft:stone_pickaxe":82,"minecraft:wooden_pickaxe":13,"minecraft:golden_apple":1,"minecraft:crafting_table":5,"croptopia:sweetpotato":1,"minecraft:spruce_log":10,"croptopia:orange":14,"minecraft:oak_log":1,"minecraft:diamond_pickaxe":310,"minecraft:bread":31,"minecraft:spruce_sapling":9,"minecraft:stone_axe":190,"minecraft:cobblestone":25,"minecraft:bucket":12,"minecraft:andesite":21},"minecraft:dropped":{"upgrade_aquatic:pickerelweed":8,"minecraft:cobblestone":23,"minecraft:lantern":1,"minecraft:diorite":2,"tombstone:grave_key":1,"minecraft:wooden_axe":1,"minecraft:stone_axe":1,"tombstone:gift":1,"minecraft:rotten_flesh":4,"minecraft:andesite":1,"minecraft:bow":1,"minecraft:wooden_pickaxe":1},"minecraft:mined":{"minecraft:large_amethyst_bud":1,"minecraft:tuff":15,"minecraft:deepslate_diamond_ore":3,"minecraft:granite":5,"epicsamurai:deepslate_ruby_ore":4,"minecraft:spruce_fence":1,"minecraft:grass_block":8,"minecraft:spruce_leaves":1,"epicpaladins:deepslate_arclight_ore":13,"minecraft:hay_block":9,"epicsamurai:deepslate_jade_ore":3,"minecraft:redstone_ore":3,"minecraft:furnace":4,"minecraft:iron_ore":42,"minecraft:andesite":23,"minecraft:deepslate_lapis_ore":3,"minecraft:deepslate_iron_ore":13,"epicsamurai:deepslate_silver_ore":8,"minecraft:stone":80,"minecraft:deepslate_redstone_ore":8,"epicsamurai:jade_ore":12,"epicpaladins:deepslate_bloodstone_ore":12,"minecraft:medium_amethyst_bud":2,"minecraft:amethyst_cluster":1,"epicsamurai:deepslate_aquamarine_ore":4,"minecraft:crafting_table":4,"minecraft:oak_fence":2,"minecraft:torch":2,"minecraft:dead_bush":1,"minecraft:tall_grass":5,"minecraft:copper_ore":2,"minecraft:diorite":2,"minecraft:wall_torch":12,"minecraft:amethyst_block":6,"minecraft:wheat":66,"epicpaladins:deepslate_cryorium_ore":20,"minecraft:spruce_log":186,"minecraft:black_bed":1,"minecraft:grass":4,"minecraft:coal_ore":21,"minecraft:oak_log":2,"minecraft:dirt":4,"minecraft:gravel":6,"minecraft:sand":1,"minecraft:cobweb":1,"minecraft:fern":2,"epicpaladins:arclight_ore":2,"epicsamurai:ruby_ore":4,"minecraft:deepslate":76,"biomesoplenty:reed":2},"minecraft:custom":{"minecraft:mob_kills":35,"minecraft:interact_with_crafting_table":22,"minecraft:open_barrel":13,"minecraft:interact_with_campfire":1,"minecraft:leave_game":7,"minecraft:time_since_death":8629,"minecraft:climb_one_cm":2975,"minecraft:sprint_one_cm":433299,"minecraft:walk_one_cm":273583,"minecraft:drop":16,"minecraft:play_time":89693,"minecraft:deaths":5,"minecraft:sneak_time":5441,"minecraft:walk_under_water_one_cm":7469,"minecraft:jump":2031,"minecraft:walk_on_water_one_cm":17608,"minecraft:total_world_time":89693,"minecraft:interact_with_furnace":23,"minecraft:sleep_in_bed":3,"minecraft:time_since_rest":7994,"minecraft:damage_taken":3080,"minecraft:trigger_trapped_chest":1,"minecraft:damage_dealt":6914,"minecraft:swim_one_cm":32518,"minecraft:fly_one_cm":362379,"minecraft:open_chest":9,"minecraft:crouch_one_cm":15122,"tombstone:undead_killed":31,"minecraft:fall_one_cm":48372},"minecraft:killed":{"minecraft:skeleton":12,"alexsmobs:centipede_head":1,"sons_of_sins:betrayed_guzzler":1,"minecraft:zombie":19,"minecraft:cow":2},"minecraft:crafted":{"minecraft:furnace":2,"minecraft:iron_boots":1,"minecraft:stone_pickaxe":2,"minecraft:wheat":27,"minecraft:crafting_table":2,"minecraft:spruce_planks":56,"minecraft:wooden_pickaxe":2,"minecraft:iron_helmet":1,"minecraft:iron_sword":1,"minecraft:bucket":1,"minecraft:stone_axe":2,"minecraft:air":0,"minecraft:bread":30,"minecraft:iron_chestplate":1,"minecraft:shield":1,"minecraft:diamond_pickaxe":1,"minecraft:stick":20,"minecraft:iron_ingot":30,"minecraft:wooden_axe":1,"minecraft:iron_leggings":1,"minecraft:torch":20}},"DataVersion":3465}