{"stats":{"minecraft:picked_up":{"minecraft:crafting_table":4,"minecraft:wheat":64,"minecraft:andesite":3,"minecraft:black_bed":1,"minecraft:leather":2,"minecraft:tuff":13,"minecraft:oak_log":2,"minecraft:amethyst_block":4,"minecraft:dirt":23,"minecraft:lapis_lazuli":21,"minecraft:string":1,"minecraft:lantern":1,"tombstone:gift":1,"epicsamurai:jade":15,"minecraft:bone":7,"minecraft:bow":1,"minecraft:wheat_seeds":167,"minecraft:cobbled_deepslate":20,"minecraft:iron_ingot":4,"minecraft:beef":6,"upgrade_aquatic:pickerelweed":8,"minecraft:furnace":4,"minecraft:stick":8,"minecraft:raw_iron":56,"epicpaladins:arclight_gem":10,"minecraft:oak_fence":2,"minecraft:torch":8,"minecraft:spruce_fence":1,"minecraft:sand":1,"minecraft:amethyst_shard":4,"minecraft:spruce_sapling":13,"minecraft:diorite":4,"minecraft:spruce_log":175,"minecraft:carrot":1,"minecraft:redstone":26,"sons_of_sins:flesh_of_demise":1,"biomesoplenty:maple_sapling":1,"minecraft:arrow":7,"minecraft:rotten_flesh":12,"minecraft:diamond":3,"minecraft:hay_block":9,"croptopia:orange":12,"tombstone:magic_scroll":1,"epicsamurai:ruby":4,"minecraft:coal":42,"minecraft:cobblestone":42},"minecraft:dropped":{"upgrade_aquatic:pickerelweed":8,"tombstone:gift":1,"minecraft:cobblestone":7,"minecraft:lantern":1,"minecraft:diorite":2,"tombstone:grave_key":1,"minecraft:wooden_axe":1,"minecraft:andesite":1,"minecraft:wooden_pickaxe":1},"minecraft:used":{"minecraft:water_bucket":6,"minecraft:stone_pickaxe":82,"minecraft:wooden_pickaxe":13,"minecraft:iron_sword":68,"minecraft:iron_chestplate":1,"minecraft:torch":17,"minecraft:crafting_table":5,"minecraft:spruce_fence":1,"croptopia:orange":12,"minecraft:spruce_log":10,"minecraft:oak_log":1,"minecraft:wooden_axe":10,"minecraft:diamond_pickaxe":138,"minecraft:lava_bucket":1,"minecraft:bread":21,"minecraft:spruce_sapling":9,"minecraft:stone_axe":190,"minecraft:beef":6,"minecraft:furnace":2,"minecraft:bucket":7,"tombstone:gift":4},"minecraft:mined":{"minecraft:deepslate_redstone_ore":4,"minecraft:large_amethyst_bud":1,"minecraft:tuff":14,"epicsamurai:jade_ore":12,"minecraft:deepslate_diamond_ore":3,"minecraft:medium_amethyst_bud":2,"minecraft:amethyst_cluster":1,"minecraft:torch":1,"minecraft:oak_fence":2,"minecraft:crafting_table":4,"minecraft:grass_block":8,"minecraft:spruce_fence":1,"minecraft:dead_bush":1,"minecraft:tall_grass":5,"minecraft:spruce_leaves":1,"minecraft:diorite":2,"minecraft:wall_torch":8,"minecraft:amethyst_block":6,"epicpaladins:deepslate_arclight_ore":8,"minecraft:hay_block":9,"epicsamurai:deepslate_jade_ore":3,"minecraft:redstone_ore":3,"minecraft:furnace":4,"minecraft:iron_ore":42,"minecraft:wheat":66,"minecraft:spruce_log":186,"minecraft:andesite":2,"minecraft:black_bed":1,"minecraft:deepslate_lapis_ore":3,"minecraft:grass":4,"minecraft:oak_log":2,"minecraft:coal_ore":19,"minecraft:deepslate_iron_ore":10,"minecraft:sand":1,"minecraft:gravel":3,"minecraft:dirt":1,"minecraft:cobweb":1,"minecraft:stone":35,"biomesoplenty:reed":2,"minecraft:deepslate":44,"epicpaladins:arclight_ore":2,"epicsamurai:ruby_ore":4,"minecraft:fern":2},"minecraft:custom":{"minecraft:interact_with_furnace":23,"minecraft:mob_kills":20,"minecraft:interact_with_crafting_table":22,"minecraft:open_barrel":10,"minecraft:interact_with_campfire":1,"minecraft:leave_game":6,"minecraft:time_since_death":5766,"minecraft:sleep_in_bed":3,"minecraft:climb_one_cm":2975,"minecraft:time_since_rest":5549,"minecraft:sprint_one_cm":365556,"minecraft:damage_taken":1778,"minecraft:walk_one_cm":219484,"minecraft:trigger_trapped_chest":1,"minecraft:drop":10,"minecraft:damage_dealt":3895,"minecraft:swim_one_cm":17541,"minecraft:fly_one_cm":306857,"minecraft:open_chest":8,"minecraft:play_time":69453,"minecraft:crouch_one_cm":12242,"tombstone:undead_killed":17,"minecraft:deaths":3,"minecraft:sneak_time":4375,"minecraft:walk_under_water_one_cm":5204,"minecraft:jump":1510,"minecraft:walk_on_water_one_cm":12067,"minecraft:total_world_time":69453,"minecraft:fall_one_cm":39706},"minecraft:killed":{"minecraft:skeleton":8,"minecraft:zombie":9,"sons_of_sins:betrayed_guzzler":1,"minecraft:cow":2},"minecraft:crafted":{"minecraft:crafting_table":2,"minecraft:spruce_planks":56,"minecraft:wooden_pickaxe":2,"minecraft:iron_helmet":1,"minecraft:iron_sword":1,"minecraft:furnace":2,"minecraft:bucket":1,"minecraft:stone_axe":2,"minecraft:bread":30,"minecraft:air":0,"minecraft:iron_boots":1,"minecraft:iron_chestplate":1,"minecraft:diamond_pickaxe":1,"minecraft:shield":1,"minecraft:stick":20,"minecraft:iron_ingot":30,"minecraft:stone_pickaxe":2,"minecraft:wooden_axe":1,"minecraft:iron_leggings":1,"minecraft:torch":20,"minecraft:wheat":27}},"DataVersion":3465}