{"stats":{"minecraft:dropped":{"minecraft:iron_sword":1,"minecraft:moss_block":9,"minecraft:candle":5,"minecraft:oak_log":1,"minecraft:golden_pickaxe":2,"minecraft:glass_bottle":2,"minecraft:leather":1,"minecraft:rail":2,"minecraft:leather_helmet":1,"paraglider:spirit_orb":4,"sophisticatedbackpacks:gold_backpack":1,"minecraft:flint":6,"minecraft:dirt":6,"minecraft:dark_oak_fence":5,"minecraft:mutton":3,"minecraft:chain":4,"minecraft:wooden_sword":1,"minecraft:pumpkin_pie":3,"minecraft:amethyst_shard":1,"minecraft:iron_pickaxe":1,"minecraft:bone":16,"minecraft:gravel":22,"biomesoplenty:toadstool":1,"minecraft:stone_axe":2,"minecraft:iron_nugget":3,"minecraft:polished_andesite_slab":6,"croptopia:toast":1,"minecraft:cobbled_deepslate":68,"minecraft:wheat":1,"minecraft:stripped_dark_oak_log":5,"minecraft:rotten_flesh":16,"croptopia:bellpepper":1,"minecraft:leather_chestplate":4,"minecraft:leather_boots":4,"minecraft:chest":2,"minecraft:leather_leggings":5,"minecraft:arrow":1,"minecraft:water_bucket":1,"minecraft:bread":23,"minecraft:iron_helmet":2,"minecraft:golden_axe":2,"croptopia:orange":2,"epicpaladins:bloodstone_pickaxe":1,"minecraft:apple":2,"minecraft:deepslate_tile_slab":12,"minecraft:coal":4,"minecraft:golden_apple":1,"minecraft:stick":5,"minecraft:polished_andesite":2,"minecraft:cobweb":22,"tombstone:magic_scroll":2,"minecraft:torch":2,"minecraft:wooden_axe":3,"minecraft:iron_leggings":2,"minecraft:polished_andesite_stairs":8,"minecraft:iron_axe":5,"minecraft:chainmail_leggings":1,"minecraft:string":37,"create:raw_zinc":1,"epicpaladins:arclight_gem":3,"croptopia:glowing_calamari":1,"croptopia:date":3,"minecraft:stone_sword":3,"minecraft:cobblestone_wall":1,"minecraft:tuff":20,"epicpaladins:bloodstone_gem":15,"minecraft:polished_deepslate_stairs":3,"minecraft:potato":1,"minecraft:shield":3,"minecraft:iron_chestplate":1,"minecraft:andesite":5,"minecraft:yellow_bed":3,"minecraft:oak_sapling":1,"minecraft:golden_sword":1,"minecraft:spider_eye":2,"minecraft:stone_bricks":49,"minecraft:spruce_log":2,"minecraft:bow":3,"minecraft:stone_pickaxe":1},"minecraft:mined":{"croptopia:bellpepper_crop":1,"create:deepslate_zinc_ore":9,"minecraft:spruce_planks":4,"farmersdelight:rich_soil":3,"graveyard:small_black_urn":1,"epicpaladins:cryorium_ore":2,"croptopia:mustard_crop":1,"minecraft:jungle_leaves":1,"minecraft:obsidian":6,"minecraft:granite":37,"minecraft:budding_amethyst":2,"minecraft:grass_block":56,"epicsamurai:silver_ore":2,"minecraft:deepslate_bricks":1,"minecraft:nether_wart":10,"minecraft:spawner":20,"graveyard:wither_skull_with_rib_cage":1,"epicsamurai:deepslate_jade_ore":24,"minecraft:raw_iron_block":2,"minecraft:iron_ore":49,"minecraft:cobbled_deepslate":2,"graveyard:leaning_wither_skeleton":1,"minecraft:pumpkin":2,"minecraft:anvil":1,"minecraft:deepslate_lapis_ore":20,"minecraft:enchanting_table":1,"minecraft:water_cauldron":1,"minecraft:potted_dandelion":1,"minecraft:polished_deepslate_slab":8,"biomesoplenty:webbing":2,"minecraft:iron_bars":5,"epicsamurai:deepslate_silver_ore":13,"minecraft:deepslate_brick_stairs":3,"create:limestone":4,"minecraft:tripwire":1,"minecraft:deepslate_redstone_ore":43,"minecraft:brown_mushroom":9,"minecraft:polished_deepslate_stairs":9,"minecraft:smoker":1,"minecraft:deepslate_tile_slab":6,"minecraft:torch":10,"minecraft:note_block":7,"minecraft:poppy":1,"minecraft:melon":6,"minecraft:cobblestone":67,"minecraft:wall_torch":11,"minecraft:amethyst_block":7,"minecraft:deepslate_copper_ore":2,"graveyard:wither_skeleton_hand":1,"minecraft:wheat":49,"minecraft:waxed_oxidized_cut_copper_stairs":2,"epicpaladins:deepslate_cryorium_ore":23,"minecraft:tnt":1,"croptopia:apricot_crop":1,"minecraft:stone_brick_stairs":6,"croptopia:chile_pepper_crop":2,"minecraft:grass":24,"graveyard:creeper_skeleton":1,"minecraft:dirt":59,"minecraft:waxed_exposed_cut_copper_stairs":2,"minecraft:smooth_basalt":5,"minecraft:oak_leaves":33,"epicpaladins:arclight_ore":13,"minecraft:deepslate":217,"minecraft:emerald_block":10,"create:zinc_ore":12,"minecraft:diamond_ore":2,"biomesoplenty:orange_autumn_leaves":1,"minecraft:deepslate_tiles":6,"minecraft:tuff":45,"biomesoplenty:watergrass":12,"croptopia:orange_crop":7,"upgrade_aquatic:river_log":28,"epicsamurai:deepslate_onyx_ore":12,"minecraft:dark_oak_leaves":4,"minecraft:deepslate_diamond_ore":25,"minecraft:glow_lichen":1,"minecraft:cobbled_deepslate_slab":5,"epicsamurai:deepslate_ruby_ore":17,"minecraft:weathered_copper":1,"minecraft:spruce_leaves":6,"minecraft:moss_block":1,"epicpaladins:deepslate_arclight_ore":19,"minecraft:large_fern":5,"minecraft:hay_block":30,"minecraft:deepslate_brick_slab":5,"minecraft:furnace":1,"minecraft:raw_gold_block":24,"biomesoplenty:toadstool":1,"minecraft:andesite":39,"minecraft:chiseled_deepslate":2,"croptopia:peach_crop":16,"minecraft:gold_block":21,"minecraft:mossy_stone_brick_stairs":5,"minecraft:bookshelf":63,"minecraft:deepslate_iron_ore":129,"minecraft:vine":1,"minecraft:rail":2,"upgrade_aquatic:tall_pickerelweed":8,"minecraft:stripped_oak_log":1,"minecraft:ender_chest":1,"minecraft:cake":1,"minecraft:stone":409,"upgrade_aquatic:river_planks":3,"minecraft:waxed_weathered_cut_copper_stairs":2,"epicsamurai:jade_ore":3,"minecraft:soul_sand":10,"epicpaladins:deepslate_bloodstone_ore":35,"minecraft:stripped_dark_oak_log":10,"minecraft:dandelion":6,"minecraft:stone_brick_slab":2,"epicsamurai:deepslate_aquamarine_ore":3,"minecraft:crafting_table":6,"minecraft:campfire":1,"minecraft:copper_ore":12,"minecraft:tall_grass":12,"minecraft:deepslate_gold_ore":11,"minecraft:diorite":66,"minecraft:spruce_stairs":1,"minecraft:purple_bed":3,"graveyard:vase_block":1,"minecraft:spruce_log":51,"minecraft:yellow_bed":4,"minecraft:coal_ore":155,"minecraft:gravel":19,"graveyard:leaning_skeleton":1,"minecraft:cobweb":61,"minecraft:cracked_stone_bricks":1,"minecraft:mossy_stone_bricks":2,"epicsamurai:ruby_ore":6,"minecraft:fern":5},"minecraft:broken":{"morevanillaarmor:lapis_helmet":1,"minecraft:wooden_axe":1,"minecraft:wooden_pickaxe":1,"minecraft:iron_pickaxe":1},"minecraft:killed":{"minecraft:cave_spider":5,"minecraft:witch":7,"minecraft:spider":18,"minecraft:skeleton":57,"graveyard:acolyte":8,"alexsmobs:centipede_head":2,"artifacts:mimic":3,"minecraft:creeper":4,"minecraft:sheep":3,"minecraft:pillager":15,"minecraft:zombie":79,"alexsmobs:fly":1,"minecraft:cow":2,"graveyard:nightmare":1,"minecraft:vindicator":4,"minecraft:drowned":2,"graveyard:ghoul":4,"minecraft:bat":1,"alexsmobs:crocodile":1,"sons_of_sins:betrayed_guzzler":5,"minecraft:enderman":1},"minecraft:crafted":{"epicpaladins:arclight_sword":1,"minecraft:oak_planks":4,"croptopia:toast":73,"epicpaladins:arclight_pickaxe":1,"minecraft:cooked_mutton":2,"minecraft:iron_boots":1,"sophisticatedbackpacks:copper_backpack":1,"minecraft:raw_copper":63,"minecraft:chest":7,"minecraft:magenta_dye":1,"minecraft:smoker":1,"epicpaladins:arclight_hoe":1,"sophisticatedbackpacks:backpack":2,"minecraft:crafting_table":4,"minecraft:spruce_planks":88,"minecraft:wooden_pickaxe":1,"minecraft:iron_helmet":1,"minecraft:copper_ingot":21,"minecraft:iron_chestplate":1,"minecraft:charcoal":4,"minecraft:shield":1,"sophisticatedbackpacks:diamond_backpack":1,"minecraft:stick":64,"minecraft:iron_ingot":100,"minecraft:stone_sword":1,"minecraft:gold_ingot":19,"upgrade_aquatic:river_door":3,"minecraft:wooden_sword":1,"minecraft:raw_iron":18,"minecraft:coal":2,"minecraft:furnace":5,"minecraft:flint_and_steel":1,"epicpaladins:jade_pickaxe":1,"minecraft:stone_pickaxe":1,"minecraft:spruce_boat":1,"minecraft:wheat":270,"sophisticatedbackpacks:iron_backpack":2,"minecraft:cooked_beef":15,"upgrade_aquatic:river_planks":108,"sophisticatedbackpacks:gold_backpack":2,"upgrade_aquatic:river_boat":1,"minecraft:bucket":2,"minecraft:bread":106,"minecraft:air":0,"morevanillaarmor:lapis_helmet":1,"epicpaladins:bloodstone_pickaxe":1,"minecraft:wooden_axe":1,"minecraft:iron_leggings":1,"minecraft:torch":28,"minecraft:lapis_block":5},"minecraft:used":{"minecraft:moss_block":1,"alexsmobs:small_catfish_bucket":1,"croptopia:calamari":1,"minecraft:chest":6,"minecraft:shield":59,"minecraft:iron_sword":127,"minecraft:rotten_flesh":38,"minecraft:mutton":12,"minecraft:tuff":16,"epicpaladins:arclight_sword":701,"minecraft:spruce_boat":1,"minecraft:iron_helmet":1,"croptopia:peach":15,"minecraft:bow":11,"epicpaladins:arclight_hoe":70,"minecraft:furnace":5,"minecraft:mossy_stone_bricks":1,"minecraft:diorite":31,"upgrade_aquatic:mulberry":6,"minecraft:stone_pickaxe":74,"minecraft:wooden_pickaxe":58,"minecraft:golden_apple":5,"minecraft:glow_berries":17,"croptopia:orange":5,"upgrade_aquatic:river_sapling":7,"minecraft:bread":68,"minecraft:string":1,"tombstone:grave_key":1,"minecraft:gravel":6,"croptopia:toast":32,"minecraft:nether_wart_block":5,"minecraft:wooden_sword":20,"sons_of_sins:flesh_of_demise":3,"minecraft:andesite":2,"create:limestone":4,"minecraft:stone_sword":61,"minecraft:spruce_planks":6,"minecraft:torch":49,"minecraft:dirt":86,"minecraft:anvil":1,"upgrade_aquatic:river_door":3,"croptopia:chile_pepper":2,"minecraft:cobblestone_wall":1,"minecraft:wooden_axe":75,"minecraft:iron_axe":109,"epicpaladins:jade_pickaxe":24,"minecraft:beef":8,"tombstone:gift":8,"upgrade_aquatic:river_boat":1,"minecraft:cooked_beef":4,"farmersdelight:tomato_seeds":6,"minecraft:cobbled_deepslate":86,"minecraft:wheat_seeds":98,"minecraft:cooked_mutton":2,"minecraft:water_bucket":11,"tombstone:scroll_of_knowledge":1,"croptopia:apricot":1,"farmersdelight:onion":3,"minecraft:stripped_dark_oak_log":5,"minecraft:crafting_table":9,"minecraft:smoker":1,"epicpaladins:arclight_pickaxe":1402,"minecraft:apple":5,"minecraft:iron_pickaxe":247,"tombstone:magic_scroll":1,"minecraft:purple_bed":3,"minecraft:cobblestone":188,"minecraft:potion":1,"minecraft:bucket":13,"minecraft:pumpkin_pie":8,"minecraft:yellow_bed":1,"upgrade_aquatic:river_planks":31},"minecraft:custom":{"minecraft:interact_with_crafting_table":68,"minecraft:open_barrel":65,"goblintraders:trade_with_goblin":6,"minecraft:bell_ring":8,"minecraft:eat_cake_slice":5,"minecraft:leave_game":6,"minecraft:time_since_death":70756,"minecraft:sprint_one_cm":1246086,"minecraft:damage_blocked_by_shield":1765,"minecraft:drop":166,"minecraft:play_noteblock":8,"minecraft:talked_to_villager":15,"minecraft:play_time":498823,"minecraft:deaths":2,"minecraft:jump":7132,"minecraft:walk_on_water_one_cm":75715,"minecraft:interact_with_furnace":49,"minecraft:interact_with_cartography_table":1,"minecraft:sleep_in_bed":6,"minecraft:waystone_activated":5,"minecraft:open_enderchest":1,"minecraft:damage_dealt":43973,"minecraft:crouch_one_cm":24595,"tombstone:undead_killed":142,"minecraft:interact_with_smoker":33,"minecraft:inspect_dispenser":1,"minecraft:interact_with_anvil":1,"minecraft:mob_kills":234,"minecraft:climb_one_cm":16589,"minecraft:walk_one_cm":1857321,"minecraft:sneak_time":9392,"minecraft:walk_under_water_one_cm":48023,"minecraft:interact_with_blast_furnace":1,"minecraft:total_world_time":498823,"tombstone:raider_killed":26,"minecraft:tune_noteblock":1,"minecraft:time_since_rest":70489,"minecraft:damage_absorbed":198,"minecraft:damage_taken":7777,"minecraft:trigger_trapped_chest":1,"minecraft:swim_one_cm":74296,"minecraft:fly_one_cm":927337,"minecraft:open_chest":265,"minecraft:fall_one_cm":146507},"minecraft:picked_up":{"minecraft:wooden_axe":3,"minecraft:chiseled_deepslate":4,"minecraft:iron_chestplate":3,"minecraft:wheat":41,"minecraft:flower_pot":1,"minecraft:anvil":1,"minecraft:potion":2,"minecraft:enchanted_book":7,"croptopia:calamari":1,"minecraft:golden_sword":2,"minecraft:amethyst_block":7,"minecraft:string":111,"minecraft:raw_copper":37,"create:limestone":4,"minecraft:iron_leggings":3,"upgrade_aquatic:river_sapling":12,"minecraft:armor_stand":3,"epicpaladins:bloodstone_gem":35,"minecraft:deepslate_tiles":5,"upgrade_aquatic:river_log":27,"minecraft:cobbled_deepslate":213,"minecraft:spruce_planks":4,"upgrade_aquatic:river_planks":3,"minecraft:iron_pickaxe":2,"croptopia:mustard_seed":2,"minecraft:melon_slice":27,"upgrade_aquatic:mulberry":6,"minecraft:furnace":1,"minecraft:iron_boots":1,"minecraft:stick":11,"epicpaladins:arclight_gem":32,"minecraft:polished_deepslate_stairs":8,"minecraft:torch":25,"minecraft:spruce_stairs":1,"minecraft:golden_axe":3,"tombstone:grave_dust":38,"minecraft:diorite":62,"alexsmobs:centipede_leg":1,"minecraft:cauldron":1,"croptopia:date":4,"minecraft:stone_sword":3,"epicpaladins:cryorium_gem":25,"minecraft:rotten_flesh":87,"minecraft:obsidian":13,"minecraft:iron_bars":5,"minecraft:cobblestone":428,"minecraft:enchanting_table":1,"minecraft:leather_chestplate":4,"minecraft:water_bucket":1,"minecraft:andesite":14,"minecraft:smoker":1,"epicpaladins:jade_pickaxe":1,"minecraft:potato":1,"paraglider:spirit_orb":56,"minecraft:flint":6,"minecraft:tuff":47,"create:raw_zinc":18,"croptopia:walnut":2,"minecraft:wither_skeleton_skull":1,"minecraft:lapis_lazuli":120,"minecraft:dirt":126,"minecraft:name_tag":1,"minecraft:leather_boots":4,"minecraft:bone":61,"minecraft:bow":5,"minecraft:wheat_seeds":126,"minecraft:deepslate_brick_slab":2,"minecraft:raw_gold":11,"minecraft:cobbled_deepslate_slab":2,"croptopia:bellpepper":1,"minecraft:mossy_stone_bricks":1,"minecraft:glowstone_dust":2,"minecraft:moss_block":2,"epicsamurai:raw_silver":15,"biomesoplenty:toadstool":1,"croptopia:chile_pepper_seed":4,"graveyard:bone_dagger":1,"croptopia:mustard":1,"epicpaladins:arclight_sword":2,"minecraft:ink_sac":2,"sons_of_sins:flesh_of_demise":3,"croptopia:chile_pepper":2,"minecraft:bundle":1,"minecraft:polished_andesite":2,"minecraft:sugar":1,"minecraft:diamond":26,"minecraft:spruce_boat":1,"minecraft:crossbow":2,"minecraft:granite":29,"minecraft:bone_meal":1,"minecraft:golden_apple":4,"minecraft:emerald":18,"minecraft:bread":3,"alexsmobs:maggot":2,"epicsamurai:ruby":24,"minecraft:oak_sapling":3,"minecraft:dark_oak_fence":5,"minecraft:crimson_roots":5,"croptopia:toast":53,"minecraft:charcoal":2,"minecraft:crafting_table":6,"minecraft:allium":1,"minecraft:nether_wart":36,"croptopia:peach":15,"minecraft:golden_pickaxe":2,"minecraft:leather_leggings":5,"minecraft:brown_mushroom":9,"minecraft:gold_block":19,"minecraft:chain":3,"minecraft:shield":4,"minecraft:iron_axe":7,"artifacts:feral_claws":1,"epicsamurai:jade":27,"croptopia:bellpepper_seed":1,"graveyard:corruption":14,"graveyard:small_black_urn":1,"minecraft:candle":7,"minecraft:beef":12,"minecraft:iron_nugget":6,"minecraft:poppy":1,"minecraft:chest":3,"sons_of_sins:sickle_of_struggle":1,"minecraft:raw_iron":182,"minecraft:polished_deepslate_slab":5,"minecraft:raw_gold_block":24,"minecraft:note_block":7,"minecraft:carrot":2,"minecraft:redstone":208,"minecraft:dark_oak_planks":33,"minecraft:tnt":4,"minecraft:arrow":66,"minecraft:beetroot_seeds":1,"minecraft:pumpkin_pie":2,"minecraft:deepslate_bricks":1,"minecraft:hay_block":30,"minecraft:cracked_deepslate_bricks":1,"minecraft:saddle":1,"minecraft:gold_ingot":1,"minecraft:mutton":17,"minecraft:rail":2,"minecraft:skeleton_skull":3,"minecraft:white_wool":3,"minecraft:stripped_oak_log":1,"minecraft:glow_ink_sac":7,"minecraft:leather":5,"croptopia:glowing_calamari":1,"minecraft:mushroom_stew":5,"minecraft:oak_log":1,"minecraft:cobblestone_wall":2,"minecraft:yellow_bed":7,"minecraft:nether_wart_block":5,"minecraft:cobbled_deepslate_stairs":2,"minecraft:gunpowder":6,"minecraft:deepslate_tile_slab":18,"tombstone:gift":2,"minecraft:stone_bricks":96,"minecraft:apple":16,"minecraft:gray_carpet":4,"upgrade_aquatic:river_boat":2,"minecraft:iron_ingot":7,"minecraft:waxed_weathered_cut_copper_stairs":1,"minecraft:cobweb":20,"artifacts:steadfast_spikes":1,"minecraft:glass_bottle":2,"epicsamurai:aquamarine":3,"minecraft:polished_andesite_slab":7,"minecraft:soul_sand":10,"minecraft:iron_sword":2,"minecraft:book":185,"epicsamurai:onyx":12,"minecraft:polished_andesite_stairs":5,"minecraft:smooth_basalt":5,"minecraft:emerald_block":10,"croptopia:apricot":1,"minecraft:pumpkin":2,"minecraft:stone_brick_slab":2,"minecraft:dandelion":8,"minecraft:raw_iron_block":2,"minecraft:gravel":39,"minecraft:spruce_sapling":20,"minecraft:waxed_exposed_cut_copper_stairs":1,"minecraft:spruce_log":70,"minecraft:spider_eye":11,"minecraft:purple_bed":3,"minecraft:stone_axe":2,"croptopia:orange":8,"minecraft:iron_helmet":5,"tombstone:magic_scroll":3,"minecraft:stripped_dark_oak_log":11,"minecraft:coal":214,"minecraft:ender_pearl":1}},"DataVersion":3465}