{"stats":{"minecraft:killed":{"minecraft:spider":8,"minecraft:slime":9,"minecraft:skeleton":22,"minecraft:drowned":1,"artifacts:mimic":2,"graveyard:ghoul":1,"minecraft:creeper":3,"minecraft:pillager":1,"minecraft:zombie":25,"minecraft:enderman":1},"minecraft:mined":{"create:zinc_ore":8,"create:deepslate_zinc_ore":2,"minecraft:tuff":16,"minecraft:spruce_planks":2,"minecraft:deepslate_diamond_ore":64,"croptopia:strawberry_crop":2,"minecraft:brewing_stand":1,"minecraft:obsidian":6,"minecraft:granite":24,"epicsamurai:deepslate_ruby_ore":5,"minecraft:grass_block":47,"epicsamurai:silver_ore":5,"minecraft:spawner":15,"epicpaladins:deepslate_arclight_ore":5,"minecraft:hay_block":1,"epicsamurai:deepslate_jade_ore":8,"minecraft:raw_iron_block":1,"minecraft:fire":8,"minecraft:iron_ore":71,"minecraft:cobbled_deepslate":2,"minecraft:andesite":13,"minecraft:pumpkin":7,"minecraft:deepslate_lapis_ore":22,"minecraft:anvil":1,"minecraft:deepslate_iron_ore":15,"epicsamurai:deepslate_silver_ore":8,"minecraft:stone":421,"create:limestone":28,"minecraft:smithing_table":1,"minecraft:deepslate_redstone_ore":89,"minecraft:glass_pane":1,"epicpaladins:deepslate_bloodstone_ore":13,"minecraft:smoker":2,"minecraft:polished_granite":2,"minecraft:crafting_table":5,"minecraft:torch":14,"minecraft:blast_furnace":1,"minecraft:emerald_ore":5,"minecraft:campfire":1,"minecraft:copper_ore":8,"minecraft:cobblestone":6,"minecraft:cyan_bed":1,"minecraft:lapis_ore":16,"minecraft:deepslate_gold_ore":31,"minecraft:oak_planks":3,"minecraft:diorite":54,"minecraft:wall_torch":18,"minecraft:birch_log":5,"epicpaladins:deepslate_cryorium_ore":5,"minecraft:grass":8,"minecraft:oak_log":46,"minecraft:coal_ore":137,"minecraft:gravel":9,"minecraft:sand":23,"minecraft:dirt":32,"minecraft:cracked_stone_bricks":3,"minecraft:stone_bricks":2,"minecraft:mossy_stone_bricks":7,"minecraft:deepslate":543},"minecraft:custom":{"minecraft:interact_with_smithing_table":4,"minecraft:interact_with_anvil":1,"minecraft:mob_kills":73,"minecraft:interact_with_crafting_table":50,"minecraft:open_barrel":104,"goblintraders:trade_with_goblin":77,"minecraft:eat_cake_slice":11,"minecraft:leave_game":1,"minecraft:time_since_death":117469,"minecraft:climb_one_cm":4391,"minecraft:sprint_one_cm":457857,"minecraft:walk_one_cm":578749,"minecraft:damage_blocked_by_shield":405,"minecraft:drop":69,"minecraft:talked_to_villager":8,"minecraft:play_time":193607,"minecraft:deaths":1,"minecraft:sneak_time":4110,"minecraft:walk_under_water_one_cm":50974,"minecraft:jump":2617,"minecraft:interact_with_blast_furnace":8,"minecraft:walk_on_water_one_cm":43200,"minecraft:total_world_time":193607,"minecraft:interact_with_furnace":26,"tombstone:raider_killed":1,"minecraft:traded_with_villager":2,"minecraft:tune_noteblock":29,"minecraft:interact_with_grindstone":1,"minecraft:sleep_in_bed":2,"minecraft:time_since_rest":115692,"minecraft:waystone_activated":1,"minecraft:damage_taken":2955,"minecraft:damage_absorbed":39,"minecraft:trigger_trapped_chest":1,"minecraft:damage_dealt":15306,"minecraft:swim_one_cm":41942,"minecraft:fly_one_cm":373311,"minecraft:open_chest":130,"minecraft:crouch_one_cm":6652,"tombstone:undead_killed":49,"minecraft:interact_with_smoker":2,"minecraft:fall_one_cm":41859},"minecraft:used":{"epicpaladins:bloodstone_pickaxe":805,"minecraft:oak_trapdoor":1,"create:limestone":1,"minecraft:iron_shovel":76,"minecraft:flint_and_steel":5,"minecraft:ladder":3,"minecraft:chest":4,"minecraft:shield":17,"minecraft:iron_sword":90,"minecraft:rotten_flesh":8,"minecraft:torch":44,"minecraft:anvil":1,"minecraft:brewing_stand":1,"minecraft:dirt":52,"minecraft:carrot":1,"minecraft:granite":1,"blue_skies:zeal_lighter":3,"minecraft:iron_axe":73,"minecraft:bow":4,"minecraft:oak_sapling":9,"minecraft:furnace":1,"tombstone:gift":4,"mininggadgets:modificationtable":1,"minecraft:cobbled_deepslate":96,"minecraft:pumpkin":4,"minecraft:diorite":2,"minecraft:stone_pickaxe":19,"minecraft:baked_potato":32,"minecraft:wooden_pickaxe":3,"minecraft:golden_apple":1,"minecraft:crafting_table":9,"minecraft:blast_furnace":1,"minecraft:mushroom_stew":1,"minecraft:smoker":1,"minecraft:cake":2,"minecraft:oak_log":1,"minecraft:apple":3,"minecraft:cyan_bed":1,"minecraft:bread":10,"minecraft:iron_pickaxe":263,"croptopia:toast":5,"charginggadgets:charging_station":1,"minecraft:cobblestone":40,"minecraft:smithing_table":1,"minecraft:bucket":4,"epicpaladins:bloodstone_sword":221,"minecraft:andesite":4,"minecraft:glass_pane":1,"minecraft:pumpkin_pie":4,"alexsmobs:animal_dictionary":1,"croptopia:cantaloupe":1},"minecraft:crafted":{"minecraft:oak_planks":64,"minecraft:furnace":1,"croptopia:toast":10,"blue_skies:zeal_lighter":1,"epicpaladins:bloodstone_sword":1,"mininggadgets:mininggadget":1,"minecraft:flint_and_steel":1,"minecraft:glass_pane":16,"minecraft:oak_trapdoor":2,"charginggadgets:charging_station":1,"mininggadgets:upgrade_efficiency_5":1,"minecraft:glass":16,"minecraft:iron_axe":1,"minecraft:ladder":6,"mininggadgets:upgrade_fortune_3":1,"minecraft:stone_pickaxe":1,"minecraft:chest":4,"mininggadgets:upgrade_efficiency_2":1,"minecraft:redstone_block":21,"minecraft:coal_block":6,"blue_skies:blue_journal":1,"minecraft:crafting_table":3,"mininggadgets:upgrade_efficiency_1":1,"minecraft:wooden_pickaxe":1,"minecraft:copper_ingot":20,"mininggadgets:upgrade_magnet":1,"minecraft:gold_block":2,"minecraft:bucket":13,"minecraft:birch_planks":20,"minecraft:bread":5,"minecraft:air":0,"minecraft:gold_nugget":9,"mininggadgets:upgrade_empty":5,"minecraft:charcoal":6,"minecraft:shield":1,"mininggadgets:upgrade_efficiency_4":1,"mininggadgets:upgrade_efficiency_3":1,"mininggadgets:modificationtable":1,"epicpaladins:bloodstone_pickaxe":2,"minecraft:stick":56,"mininggadgets:upgrade_fortune_2":1,"minecraft:iron_ingot":136,"mininggadgets:upgrade_fortune_1":1,"minecraft:iron_block":3,"minecraft:iron_shovel":1,"minecraft:gold_ingot":22,"minecraft:torch":32,"minecraft:lapis_block":23},"minecraft:dropped":{"minecraft:bread":1,"minecraft:iron_sword":1,"minecraft:wheat_seeds":10,"epicsamurai:raw_silver":13,"minecraft:poisonous_potato":1,"minecraft:cobblestone":32,"minecraft:granite":10,"minecraft:cracked_stone_bricks":1,"minecraft:flint":8,"minecraft:stick":4,"minecraft:dirt":2,"minecraft:diorite":2,"minecraft:torch":32,"tombstone:grave_dust":2,"minecraft:iron_pickaxe":1,"minecraft:string":12,"minecraft:trapped_chest":1,"epicpaladins:arclight_gem":5,"minecraft:bone":6,"minecraft:cobbled_deepslate":9,"minecraft:bowl":1,"minecraft:rotten_flesh":9,"minecraft:iron_boots":2,"minecraft:oak_planks":2,"minecraft:spruce_planks":2,"minecraft:iron_chestplate":2,"minecraft:charcoal":2,"minecraft:andesite":1,"minecraft:mossy_stone_bricks":1,"minecraft:arrow":13,"minecraft:powered_rail":20,"minecraft:stone_pickaxe":1,"minecraft:wooden_pickaxe":1,"minecraft:egg":18},"minecraft:picked_up":{"minecraft:iron_chestplate":2,"minecraft:charcoal":4,"minecraft:crafting_table":8,"minecraft:wheat":38,"minecraft:anvil":1,"minecraft:smithing_table":1,"minecraft:enchanted_book":1,"minecraft:brewing_stand":1,"croptopia:cantaloupe":1,"minecraft:string":13,"minecraft:raw_copper":10,"create:limestone":1,"epicpaladins:bloodstone_gem":8,"epicsamurai:jade":8,"minecraft:glass_pane":3,"minecraft:beetroot":5,"minecraft:cracked_stone_bricks":1,"minecraft:cobbled_deepslate":500,"minecraft:spruce_planks":2,"minecraft:iron_pickaxe":1,"croptopia:blueberry":1,"minecraft:birch_sapling":2,"minecraft:iron_boots":3,"minecraft:egg":18,"minecraft:raw_iron":86,"minecraft:stick":14,"epicpaladins:arclight_gem":10,"minecraft:torch":96,"tombstone:grave_dust":6,"minecraft:diorite":45,"minecraft:carrot":106,"minecraft:redstone":387,"croptopia:strawberry":2,"croptopia:cantaloupe_seed":1,"minecraft:rotten_flesh":23,"minecraft:arrow":20,"epicpaladins:cryorium_gem":5,"croptopia:strawberry_seed":4,"minecraft:beetroot_seeds":16,"minecraft:hay_block":1,"minecraft:gold_ingot":3,"minecraft:obsidian":6,"minecraft:rail":3,"minecraft:cobblestone":287,"minecraft:birch_log":5,"minecraft:glow_ink_sac":1,"minecraft:andesite":13,"croptopia:glowing_calamari":1,"minecraft:red_mushroom":3,"minecraft:smoker":2,"minecraft:potato":36,"croptopia:spinach":1,"paraglider:spirit_orb":28,"minecraft:flint":16,"minecraft:tuff":17,"create:raw_zinc":13,"minecraft:oak_log":45,"artifacts:superstitious_hat":1,"croptopia:blueberry_seed":2,"minecraft:lapis_lazuli":308,"minecraft:dirt":100,"tombstone:gift":1,"minecraft:polished_granite":2,"minecraft:bone":16,"minecraft:apple":10,"minecraft:wheat_seeds":109,"minecraft:raw_gold":35,"minecraft:iron_ingot":88,"minecraft:mossy_stone_bricks":1,"artifacts:antidote_vessel":1,"minecraft:powered_rail":23,"minecraft:gray_bed":1,"minecraft:oak_planks":13,"epicsamurai:raw_silver":13,"minecraft:pumpkin":7,"minecraft:dandelion":1,"minecraft:poisonous_potato":1,"minecraft:raw_iron_block":1,"minecraft:sand":22,"minecraft:blast_furnace":1,"minecraft:cyan_bed":1,"minecraft:trapped_chest":1,"minecraft:spider_eye":1,"croptopia:spinach_seed":1,"minecraft:bundle":2,"minecraft:slime_ball":7,"minecraft:diamond":69,"minecraft:granite":34,"minecraft:emerald":4,"minecraft:bread":1,"minecraft:oak_sapling":17,"epicsamurai:ruby":10,"minecraft:coal":148}},"DataVersion":3465}