{"stats":{"minecraft:picked_up":{"minecraft:wooden_axe":4,"minecraft:iron_chestplate":3,"minecraft:flower_pot":1,"minecraft:anvil":1,"minecraft:smithing_table":1,"minecraft:enchanted_book":8,"croptopia:calamari":1,"minecraft:golden_sword":2,"minecraft:amethyst_block":7,"paraglider:goddess_statue":1,"minecraft:polished_blackstone_brick_stairs":2,"minecraft:string":120,"create:limestone":4,"upgrade_aquatic:river_sapling":17,"minecraft:cobbled_deepslate":376,"minecraft:diamond_leggings":1,"upgrade_aquatic:river_log":43,"minecraft:gold_nugget":5,"minecraft:spruce_planks":4,"minecraft:netherite_upgrade_smithing_template":1,"croptopia:mustard_seed":2,"minecraft:melon_slice":27,"upgrade_aquatic:mulberry":6,"minecraft:golden_axe":3,"epicpaladins:moonlight_gem":12,"alexsmobs:centipede_leg":1,"minecraft:cauldron":1,"minecraft:stone_sword":4,"minecraft:polished_basalt":2,"minecraft:bookshelf":21,"minecraft:blaze_rod":2,"minecraft:iron_bars":5,"minecraft:water_bucket":1,"minecraft:smoker":1,"biomesoplenty:fir_sapling":32,"biomesoplenty:fir_log":135,"minecraft:flint":9,"farmersdelight:tomato":30,"croptopia:bellpepper":1,"create:goggles":2,"minecraft:glowstone_dust":2,"minecraft:moss_block":2,"epicsamurai:raw_silver":65,"minecraft:chiseled_polished_blackstone":1,"minecraft:warped_wart_block":10,"epicpaladins:arclight_sword":2,"minecraft:ink_sac":2,"minecraft:dark_oak_log":2,"croptopia:chile_pepper":2,"minecraft:bundle":3,"minecraft:polished_andesite":2,"enchantinginfuser:enchanting_infuser":1,"minecraft:granite":48,"minecraft:bread":3,"alexsmobs:maggot":2,"epicsamurai:ruby":25,"minecraft:dark_oak_fence":5,"minecraft:crimson_roots":5,"minecraft:diamond_pickaxe":1,"croptopia:toast":88,"minecraft:crafting_table":7,"minecraft:clay_ball":92,"minecraft:nether_wart":101,"minecraft:leather_leggings":6,"minecraft:golden_pickaxe":2,"minecraft:cornflower":1,"alexsmobs:cooked_catfish":1,"minecraft:netherite_scrap":2,"epicsamurai:jade":27,"graveyard:small_black_urn":1,"minecraft:beef":12,"minecraft:iron_nugget":6,"minecraft:poppy":2,"minecraft:quartz_stairs":16,"minecraft:chest":4,"mininggadgets:mininggadget":1,"sons_of_sins:sickle_of_struggle":1,"minecraft:polished_deepslate_slab":5,"minecraft:raw_gold_block":24,"sophisticatedbackpacks:backpack":1,"farmersdelight:tomato_seeds":10,"minecraft:carrot":318,"minecraft:redstone":721,"minecraft:tnt":4,"minecraft:diamond_chestplate":1,"minecraft:beetroot_seeds":1,"minecraft:deepslate_bricks":1,"minecraft:diamond_boots":1,"minecraft:hay_block":30,"minecraft:cracked_deepslate_bricks":1,"minecraft:gold_ingot":2,"sophisticatedbackpacks:copper_backpack":1,"minecraft:mutton":17,"minecraft:rail":2,"minecraft:white_wool":3,"minecraft:stripped_oak_log":1,"create:iron_sheet":38,"croptopia:glowing_calamari":1,"minecraft:oak_log":1,"minecraft:ancient_debris":7,"minecraft:paper":13,"tombstone:gift":2,"epicsamurai:oni_horn":2,"minecraft:apple":16,"minecraft:stone_bricks":96,"minecraft:warped_stem":19,"minecraft:waxed_weathered_cut_copper_stairs":1,"minecraft:cobweb":20,"artifacts:steadfast_spikes":1,"minecraft:glass_bottle":2,"epicsamurai:aquamarine":79,"minecraft:iron_sword":2,"minecraft:polished_andesite_stairs":5,"minecraft:smooth_basalt":5,"minecraft:gravel":71,"minecraft:spruce_sapling":20,"minecraft:waxed_exposed_cut_copper_stairs":1,"minecraft:spruce_log":70,"minecraft:purple_bed":3,"minecraft:stone_axe":2,"croptopia:orange":17,"minecraft:baked_potato":30,"minecraft:stripped_dark_oak_log":11,"minecraft:ender_pearl":1,"minecraft:chiseled_deepslate":4,"minecraft:wheat":241,"minecraft:potion":3,"minecraft:raw_copper":68,"minecraft:iron_leggings":3,"minecraft:armor_stand":3,"epicpaladins:bloodstone_gem":100,"minecraft:experience_bottle":2,"minecraft:deepslate_tiles":5,"alexsmobs:blood_sac":7,"minecraft:calcite":3,"minecraft:smooth_quartz":3,"upgrade_aquatic:river_planks":3,"minecraft:iron_pickaxe":2,"minecraft:furnace":1,"minecraft:iron_boots":1,"minecraft:stick":37,"epicpaladins:arclight_gem":141,"minecraft:polished_deepslate_stairs":8,"minecraft:torch":54,"minecraft:spruce_stairs":1,"minecraft:porkchop":2,"tombstone:grave_dust":54,"minecraft:diorite":70,"croptopia:date":4,"minecraft:quartz_block":1,"epicpaladins:cryorium_gem":75,"minecraft:rotten_flesh":166,"minecraft:obsidian":14,"minecraft:cobblestone":965,"minecraft:enchanting_table":4,"minecraft:leather_chestplate":4,"minecraft:andesite":17,"epicpaladins:jade_pickaxe":1,"minecraft:potato":443,"paraglider:spirit_orb":56,"minecraft:skull_banner_pattern":1,"minecraft:tuff":52,"create:raw_zinc":94,"croptopia:walnut":2,"minecraft:wither_skeleton_skull":1,"minecraft:lapis_lazuli":513,"minecraft:dirt":348,"minecraft:name_tag":1,"minecraft:leather_boots":4,"minecraft:bone":148,"minecraft:bow":8,"minecraft:wheat_seeds":802,"minecraft:deepslate_brick_slab":2,"minecraft:raw_gold":55,"minecraft:cobbled_deepslate_slab":2,"minecraft:mossy_stone_bricks":1,"biomesoplenty:toadstool":1,"croptopia:chile_pepper_seed":4,"graveyard:bone_dagger":1,"croptopia:mustard":1,"minecraft:poisonous_potato":1,"sons_of_sins:flesh_of_demise":7,"artifacts:plastic_drinking_hat":1,"minecraft:sugar":1,"minecraft:spruce_boat":1,"minecraft:diamond":85,"minecraft:crossbow":2,"minecraft:bone_meal":1,"minecraft:golden_apple":4,"minecraft:emerald":22,"minecraft:oak_sapling":3,"minecraft:netherrack":1903,"minecraft:charcoal":4,"minecraft:allium":1,"croptopia:peach":15,"biomesoplenty:flesh":32,"minecraft:brown_mushroom":9,"minecraft:gold_block":37,"minecraft:chain":3,"minecraft:shield":4,"minecraft:iron_axe":7,"artifacts:feral_claws":1,"croptopia:bellpepper_seed":1,"minecraft:blackstone":34,"graveyard:corruption":21,"minecraft:candle":7,"epicsamurai:akaname_tongue":21,"tombstone:ankh_of_pray":1,"minecraft:raw_iron":697,"minecraft:note_block":7,"minecraft:polished_blackstone_bricks":9,"minecraft:quartz_pillar":16,"create:hand_crank":1,"alexsmobs:crocodile_scute":2,"minecraft:dark_oak_planks":33,"minecraft:arrow":129,"minecraft:pumpkin_pie":2,"minecraft:nether_bricks":34,"minecraft:saddle":1,"minecraft:skeleton_skull":3,"minecraft:basalt":2,"minecraft:glow_ink_sac":7,"minecraft:leather":5,"minecraft:mushroom_stew":5,"minecraft:gunpowder":22,"minecraft:yellow_bed":7,"minecraft:nether_wart_block":5,"minecraft:cobbled_deepslate_stairs":2,"minecraft:cobblestone_wall":2,"minecraft:deepslate_tile_slab":18,"epicpaladins:arclight_pickaxe":1,"minecraft:gray_carpet":4,"upgrade_aquatic:river_boat":4,"minecraft:iron_ingot":7,"minecraft:polished_andesite_slab":7,"minecraft:soul_sand":11,"minecraft:book":192,"epicsamurai:onyx":41,"minecraft:emerald_block":12,"minecraft:pumpkin":2,"croptopia:apricot":1,"croptopia:starfruit":1,"minecraft:stone_brick_slab":2,"minecraft:quartz":80,"minecraft:dandelion":8,"minecraft:raw_iron_block":2,"minecraft:amethyst_shard":8,"minecraft:red_banner":1,"minecraft:blast_furnace":2,"minecraft:spider_eye":15,"alexsmobs:raw_catfish":1,"minecraft:iron_helmet":5,"tombstone:magic_scroll":6,"minecraft:coal":502},"minecraft:mined":{"graveyard:small_black_urn":1,"epicpaladins:cryorium_ore":7,"croptopia:mustard_crop":1,"minecraft:jungle_leaves":1,"minecraft:obsidian":7,"minecraft:granite":57,"minecraft:chiseled_polished_blackstone":1,"epicsamurai:silver_ore":2,"biomesoplenty:eyebulb":1,"minecraft:deepslate_bricks":1,"minecraft:nether_wart":28,"minecraft:spawner":20,"graveyard:wither_skull_with_rib_cage":1,"minecraft:polished_blackstone_bricks":9,"epicpaladins:moonlight_ore":9,"epicsamurai:deepslate_jade_ore":24,"minecraft:cobbled_deepslate":4,"minecraft:fire":7,"minecraft:pumpkin":2,"minecraft:deepslate_lapis_ore":30,"minecraft:enchanting_table":4,"minecraft:potted_dandelion":1,"minecraft:polished_deepslate_slab":8,"minecraft:water_cauldron":1,"biomesoplenty:webbing":2,"minecraft:deepslate_brick_stairs":3,"create:limestone":4,"minecraft:tripwire":1,"minecraft:brown_mushroom":9,"minecraft:smoker":1,"minecraft:deepslate_tile_slab":6,"minecraft:torch":22,"minecraft:note_block":7,"minecraft:blast_furnace":2,"minecraft:melon":6,"minecraft:amethyst_block":7,"graveyard:wither_skeleton_hand":1,"minecraft:wheat":262,"minecraft:stone_brick_stairs":6,"minecraft:grass":44,"minecraft:smooth_quartz":3,"minecraft:waxed_exposed_cut_copper_stairs":2,"minecraft:smooth_basalt":5,"epicpaladins:arclight_ore":21,"minecraft:deepslate":377,"create:zinc_ore":32,"biomesoplenty:orange_autumn_leaves":1,"minecraft:deepslate_tiles":6,"biomesoplenty:watergrass":12,"croptopia:orange_crop":7,"epicsamurai:deepslate_onyx_ore":12,"minecraft:nether_bricks":36,"minecraft:cobbled_deepslate_slab":5,"minecraft:moss_block":1,"epicpaladins:deepslate_arclight_ore":47,"minecraft:andesite":42,"biomesoplenty:flesh":26,"croptopia:peach_crop":16,"minecraft:mossy_stone_brick_stairs":5,"minecraft:potatoes":82,"minecraft:vine":1,"minecraft:rail":2,"minecraft:warped_stem":19,"upgrade_aquatic:river_planks":3,"minecraft:cake":1,"minecraft:ender_chest":1,"minecraft:smithing_table":1,"minecraft:waxed_weathered_cut_copper_stairs":2,"epicsamurai:jade_ore":3,"minecraft:soul_sand":11,"minecraft:stone_brick_slab":2,"minecraft:dandelion":6,"minecraft:campfire":2,"minecraft:tall_grass":12,"minecraft:copper_ore":16,"minecraft:deepslate_gold_ore":24,"minecraft:diorite":74,"minecraft:warped_wart_block":10,"minecraft:purple_bed":3,"graveyard:vase_block":1,"minecraft:spruce_log":51,"minecraft:quartz_pillar":16,"minecraft:gravel":22,"minecraft:cobweb":61,"minecraft:gold_ore":2,"minecraft:fern":5,"croptopia:bellpepper_crop":1,"create:deepslate_zinc_ore":10,"minecraft:spruce_planks":4,"farmersdelight:rich_soil":3,"minecraft:budding_amethyst":2,"minecraft:grass_block":245,"minecraft:raw_iron_block":2,"minecraft:iron_ore":160,"graveyard:leaning_wither_skeleton":1,"minecraft:anvil":1,"minecraft:iron_bars":5,"epicsamurai:deepslate_silver_ore":27,"minecraft:deepslate_redstone_ore":119,"minecraft:quartz_block":1,"minecraft:blackstone":39,"minecraft:polished_deepslate_stairs":9,"minecraft:clay":25,"minecraft:calcite":3,"minecraft:poppy":1,"minecraft:chest":2,"minecraft:nether_quartz_ore":73,"minecraft:cobblestone":78,"minecraft:wall_torch":23,"minecraft:deepslate_copper_ore":2,"minecraft:warped_nylium":2,"epicsamurai:aquamarine_ore":24,"minecraft:waxed_oxidized_cut_copper_stairs":2,"epicpaladins:deepslate_cryorium_ore":37,"minecraft:tnt":1,"croptopia:chile_pepper_crop":2,"biomesoplenty:fir_log":139,"croptopia:apricot_crop":1,"graveyard:creeper_skeleton":1,"minecraft:dirt":98,"biomesoplenty:fir_sapling":1,"minecraft:netherrack":2932,"minecraft:ancient_debris":7,"minecraft:oak_leaves":33,"minecraft:emerald_block":12,"minecraft:nether_gold_ore":10,"minecraft:diamond_ore":2,"minecraft:tuff":50,"minecraft:quartz_stairs":16,"upgrade_aquatic:river_log":44,"minecraft:dark_oak_leaves":4,"minecraft:deepslate_diamond_ore":43,"enchantinginfuser:enchanting_infuser":1,"minecraft:glow_lichen":1,"epicsamurai:deepslate_ruby_ore":17,"minecraft:weathered_copper":1,"farmersdelight:tomatoes":6,"minecraft:spruce_leaves":6,"minecraft:large_fern":5,"minecraft:hay_block":30,"epicsamurai:onyx_ore":8,"minecraft:deepslate_brick_slab":5,"minecraft:furnace":1,"minecraft:carrots":77,"minecraft:raw_gold_block":24,"biomesoplenty:toadstool":1,"minecraft:polished_basalt":4,"minecraft:chiseled_deepslate":2,"minecraft:gold_block":41,"minecraft:bookshelf":84,"minecraft:deepslate_iron_ore":192,"upgrade_aquatic:tall_pickerelweed":8,"minecraft:stripped_oak_log":1,"minecraft:stone":922,"epicpaladins:deepslate_bloodstone_ore":58,"minecraft:stripped_dark_oak_log":10,"minecraft:basalt":3,"epicsamurai:deepslate_aquamarine_ore":8,"minecraft:crafting_table":7,"minecraft:lapis_ore":9,"minecraft:polished_blackstone_brick_stairs":2,"minecraft:spruce_stairs":1,"minecraft:yellow_bed":4,"minecraft:coal_ore":267,"biomesoplenty:fir_leaves":3,"graveyard:leaning_skeleton":1,"minecraft:cracked_stone_bricks":1,"minecraft:mossy_stone_bricks":2,"epicsamurai:ruby_ore":6,"paraglider:goddess_statue":1},"minecraft:dropped":{"minecraft:iron_sword":1,"minecraft:lapis_lazuli":68,"minecraft:glass_bottle":3,"minecraft:diamond":3,"minecraft:rail":2,"minecraft:leather_helmet":1,"sophisticatedbackpacks:gold_backpack":1,"minecraft:dirt":6,"minecraft:dark_oak_fence":5,"minecraft:chain":4,"minecraft:wooden_sword":1,"create:goggles":1,"minecraft:iron_pickaxe":2,"minecraft:bone":16,"biomesoplenty:toadstool":1,"minecraft:stone_axe":2,"minecraft:iron_nugget":3,"minecraft:polished_andesite_slab":6,"croptopia:toast":1,"minecraft:cobbled_deepslate":68,"minecraft:wheat":1,"minecraft:stripped_dark_oak_log":5,"minecraft:rotten_flesh":16,"alexsmobs:blood_sac":1,"minecraft:skull_banner_pattern":3,"minecraft:leather_boots":4,"minecraft:leather_leggings":5,"mininggadgets:mininggadget":1,"minecraft:warped_wart_block":1,"minecraft:iron_ingot":64,"minecraft:wheat_seeds":6,"croptopia:orange":2,"minecraft:iron_helmet":2,"minecraft:cobblestone":20,"epicpaladins:bloodstone_pickaxe":4,"minecraft:apple":2,"minecraft:deepslate_tile_slab":12,"minecraft:coal":4,"minecraft:golden_apple":1,"minecraft:polished_andesite":2,"upgrade_aquatic:river_boat":2,"minecraft:cobweb":22,"minecraft:wooden_axe":3,"minecraft:paper":13,"minecraft:chainmail_leggings":1,"minecraft:string":41,"create:raw_zinc":1,"croptopia:date":3,"minecraft:stone_sword":3,"minecraft:cobblestone_wall":1,"minecraft:polished_deepslate_stairs":3,"minecraft:potato":1,"minecraft:diamond_pickaxe":1,"minecraft:yellow_bed":3,"minecraft:stone_bricks":49,"minecraft:spider_eye":2,"sophisticatedbackpacks:copper_backpack":1,"minecraft:bow":5,"minecraft:magenta_dye":1,"minecraft:moss_block":9,"minecraft:candle":5,"minecraft:oak_log":1,"minecraft:golden_pickaxe":2,"minecraft:netherite_upgrade_smithing_template":1,"minecraft:leather":4,"paraglider:spirit_orb":4,"minecraft:flint":6,"minecraft:dark_oak_log":2,"minecraft:netherite_scrap":2,"minecraft:mutton":3,"minecraft:pumpkin_pie":3,"minecraft:amethyst_shard":7,"create:iron_sheet":2,"minecraft:gravel":25,"croptopia:bellpepper":1,"minecraft:leather_chestplate":4,"minecraft:chest":2,"epicpaladins:arclight_pickaxe":1,"minecraft:arrow":8,"minecraft:netherrack":714,"minecraft:water_bucket":1,"minecraft:bread":23,"minecraft:bookshelf":10,"minecraft:golden_axe":2,"tombstone:ankh_of_pray":1,"minecraft:stick":5,"tombstone:magic_scroll":2,"minecraft:torch":2,"minecraft:iron_leggings":2,"minecraft:polished_andesite_stairs":8,"minecraft:iron_axe":5,"epicpaladins:arclight_gem":3,"croptopia:glowing_calamari":1,"minecraft:nether_wart":14,"minecraft:raw_copper":31,"minecraft:tuff":20,"epicpaladins:bloodstone_gem":15,"minecraft:shield":3,"minecraft:iron_chestplate":1,"minecraft:andesite":5,"minecraft:oak_sapling":1,"minecraft:golden_sword":2,"minecraft:spruce_log":2,"minecraft:stone_pickaxe":1,"create:empty_blaze_burner":9},"minecraft:used":{"upgrade_aquatic:river_planks":31,"minecraft:moss_block":1,"croptopia:calamari":1,"minecraft:chest":46,"minecraft:stone":1,"minecraft:rotten_flesh":38,"minecraft:soul_sand":9,"epicpaladins:arclight_sword":1105,"minecraft:spruce_boat":1,"minecraft:lava_bucket":8,"croptopia:peach":15,"minecraft:bow":208,"minecraft:furnace":5,"minecraft:potato":163,"biomesoplenty:flesh":2,"minecraft:mossy_stone_bricks":1,"minecraft:diorite":34,"upgrade_aquatic:mulberry":6,"minecraft:blackstone":3,"minecraft:wooden_pickaxe":58,"minecraft:golden_apple":5,"minecraft:glow_berries":17,"minecraft:blast_furnace":2,"croptopia:orange":5,"upgrade_aquatic:river_sapling":7,"minecraft:nether_wart_block":5,"minecraft:wooden_sword":20,"sons_of_sins:flesh_of_demise":4,"minecraft:smithing_table":1,"minecraft:enchanting_table":3,"create:limestone":4,"minecraft:stone_sword":61,"minecraft:armor_stand":3,"croptopia:starfruit":1,"minecraft:stripped_warped_stem":5,"minecraft:netherrack":152,"minecraft:torch":99,"minecraft:warped_wart_block":9,"minecraft:anvil":1,"croptopia:chile_pepper":2,"tombstone:ankh_of_pray":19,"minecraft:iron_axe":335,"minecraft:basalt":2,"minecraft:beef":8,"tombstone:gift":10,"graveyard:small_black_urn":1,"farmersdelight:tomato_seeds":12,"minecraft:cobbled_deepslate":101,"minecraft:wheat_seeds":331,"alexsmobs:cooked_catfish":1,"minecraft:water_bucket":19,"minecraft:cauldron":1,"minecraft:polished_blackstone_bricks":4,"minecraft:crafting_table":12,"minecraft:diamond_pickaxe":852,"epicpaladins:arclight_pickaxe":1512,"minecraft:iron_pickaxe":247,"tombstone:magic_scroll":1,"enchantinginfuser:enchanting_infuser":1,"minecraft:cobblestone":281,"minecraft:potion":2,"minecraft:purple_bed":3,"minecraft:cooked_porkchop":4,"epicpaladins:bloodstone_pickaxe":1963,"minecraft:iron_shovel":227,"alexsmobs:small_catfish_bucket":1,"minecraft:polished_basalt":2,"farmersdelight:stove":2,"minecraft:shield":83,"minecraft:iron_sword":127,"minecraft:nether_wart":16,"paraglider:goddess_statue":1,"minecraft:mutton":12,"minecraft:nether_bricks":20,"minecraft:carrot":128,"minecraft:tuff":16,"minecraft:obsidian":11,"tombstone:decorative_grave_simple":1,"biomesoplenty:fir_sapling":6,"minecraft:lantern":3,"minecraft:iron_helmet":1,"minecraft:stone_bricks":17,"epicpaladins:arclight_hoe":200,"minecraft:skeleton_skull":2,"minecraft:chiseled_polished_blackstone":1,"minecraft:stone_pickaxe":74,"minecraft:gray_carpet":4,"minecraft:mushroom_stew":1,"epicpaladins:moonlight_pickaxe":48,"minecraft:string":1,"minecraft:bread":68,"tombstone:grave_key":3,"minecraft:gravel":29,"croptopia:toast":102,"minecraft:andesite":3,"minecraft:experience_bottle":2,"minecraft:flint_and_steel":1,"minecraft:spruce_planks":6,"minecraft:dirt":107,"upgrade_aquatic:river_door":3,"minecraft:cobblestone_wall":1,"minecraft:wooden_axe":75,"minecraft:bookshelf":56,"epicpaladins:jade_pickaxe":1570,"minecraft:golden_carrot":2,"minecraft:cooked_beef":4,"upgrade_aquatic:river_boat":2,"minecraft:cooked_mutton":2,"tombstone:scroll_of_knowledge":1,"farmersdelight:skillet":1,"minecraft:baked_potato":10,"croptopia:apricot":1,"farmersdelight:onion":3,"minecraft:stripped_dark_oak_log":5,"minecraft:smoker":2,"minecraft:apple":5,"minecraft:bucket":30,"minecraft:yellow_bed":1,"minecraft:pumpkin_pie":8,"minecraft:wither_rose":1,"create:hand_crank":1},"minecraft:custom":{"minecraft:interact_with_crafting_table":124,"minecraft:open_barrel":95,"goblintraders:trade_with_goblin":115,"minecraft:bell_ring":9,"minecraft:eat_cake_slice":12,"minecraft:leave_game":8,"minecraft:time_since_death":323423,"minecraft:damage_blocked_by_shield":2300,"minecraft:play_time":1023168,"minecraft:deaths":4,"minecraft:jump":13688,"minecraft:enchant_item":21,"minecraft:interact_with_furnace":78,"minecraft:traded_with_villager":2,"minecraft:interact_with_cartography_table":1,"minecraft:sleep_in_bed":9,"minecraft:waystone_activated":6,"minecraft:damage_dealt":67075,"tombstone:undead_killed":235,"minecraft:interact_with_smoker":47,"minecraft:inspect_dispenser":1,"minecraft:interact_with_smithing_table":5,"minecraft:interact_with_anvil":6,"minecraft:damage_dealt_absorbed":80,"minecraft:sneak_time":16835,"minecraft:interact_with_blast_furnace":33,"minecraft:total_world_time":1023168,"tombstone:raider_killed":40,"minecraft:tune_noteblock":1,"tombstone:pray_on_grave":2,"minecraft:time_since_rest":171359,"minecraft:swim_one_cm":123165,"minecraft:fly_one_cm":1851329,"minecraft:open_chest":1140,"minecraft:fall_one_cm":271372,"minecraft:sprint_one_cm":2492045,"minecraft:drop":237,"minecraft:play_noteblock":8,"minecraft:talked_to_villager":56,"minecraft:walk_on_water_one_cm":138967,"minecraft:open_enderchest":1,"minecraft:crouch_one_cm":40733,"minecraft:mob_kills":427,"minecraft:damage_dealt_resisted":423,"minecraft:climb_one_cm":33437,"minecraft:walk_one_cm":3705926,"minecraft:walk_under_water_one_cm":94091,"minecraft:boat_one_cm":20,"minecraft:damage_taken":13045,"minecraft:damage_absorbed":198,"minecraft:trigger_trapped_chest":1},"minecraft:killed":{"minecraft:cave_spider":5,"minecraft:skeleton":90,"graveyard:acolyte":8,"alexsmobs:laviathan":1,"alexsmobs:centipede_head":2,"minecraft:magma_cube":8,"minecraft:pillager":22,"minecraft:zombie":119,"minecraft:cow":2,"graveyard:nightmare":1,"minecraft:vindicator":11,"epicsamurai:oni":1,"graveyard:ghoul":8,"epicsamurai:akaname":12,"alexsmobs:crocodile":2,"minecraft:enderman":1,"minecraft:witch":7,"minecraft:spider":21,"minecraft:piglin_brute":1,"artifacts:mimic":3,"epicsamurai:enenra":1,"minecraft:piglin":9,"epicsamurai:jorogumo":1,"minecraft:creeper":13,"alexsmobs:crimson_mosquito":14,"minecraft:sheep":3,"minecraft:ghast":8,"alexsmobs:fly":1,"minecraft:blaze":9,"minecraft:drowned":2,"minecraft:bat":1,"sons_of_sins:betrayed_guzzler":9,"minecraft:wither_skeleton":16},"minecraft:crafted":{"epicpaladins:arclight_sword":1,"croptopia:toast":89,"sophisticatedbackpacks:anvil_upgrade":1,"sophisticatedbackpacks:crafting_upgrade":1,"minecraft:bookshelf":45,"minecraft:cooked_mutton":2,"sophisticatedbackpacks:smelting_upgrade":1,"minecraft:diamond_helmet":2,"sophisticatedbackpacks:copper_backpack":1,"minecraft:magenta_dye":1,"minecraft:emerald":44,"enchantinginfuser:enchanting_infuser":1,"minecraft:copper_ingot":45,"minecraft:campfire":2,"tombstone:white_marble":3,"minecraft:iron_block":14,"minecraft:gold_ingot":234,"minecraft:netherite_ingot":2,"minecraft:golden_carrot":2,"sophisticatedbackpacks:stack_upgrade_tier_1":1,"epicpaladins:jade_pickaxe":1,"minecraft:stone_pickaxe":1,"minecraft:spruce_boat":1,"minecraft:dark_oak_planks":12,"minecraft:wheat":270,"securitycraft:portable_radar":1,"upgrade_aquatic:river_planks":172,"sophisticatedbackpacks:gold_backpack":2,"minecraft:enchanted_book":2,"securitycraft:remote_access_sentry":1,"minecraft:wooden_axe":1,"minecraft:iron_shovel":1,"minecraft:iron_leggings":1,"minecraft:brick":64,"minecraft:oak_planks":4,"minecraft:stone":21,"epicpaladins:arclight_pickaxe":1,"minecraft:warped_planks":76,"minecraft:iron_boots":1,"minecraft:raw_copper":63,"minecraft:chest":48,"minecraft:bricks":11,"minecraft:smoker":1,"epicpaladins:arclight_hoe":1,"farmersdelight:stove":2,"sophisticatedbackpacks:backpack":2,"minecraft:crafting_table":7,"minecraft:spruce_planks":220,"minecraft:wooden_pickaxe":1,"minecraft:iron_helmet":1,"tombstone:decorative_grave_simple":1,"minecraft:gold_block":8,"sophisticatedbackpacks:upgrade_base":5,"biomesoplenty:fir_planks":256,"epicpaladins:moonlight_pickaxe":1,"minecraft:iron_chestplate":1,"minecraft:charcoal":4,"minecraft:diamond_pickaxe":2,"minecraft:shield":2,"sophisticatedbackpacks:diamond_backpack":1,"minecraft:stick":80,"minecraft:iron_ingot":642,"minecraft:stone_sword":1,"minecraft:redstone_torch":2,"upgrade_aquatic:river_door":3,"minecraft:wooden_sword":1,"minecraft:coal":2,"minecraft:raw_iron":18,"minecraft:furnace":6,"minecraft:flint_and_steel":1,"minecraft:iron_axe":1,"sophisticatedbackpacks:stack_upgrade_tier_2":1,"minecraft:netherite_scrap":7,"sophisticatedbackpacks:iron_backpack":2,"minecraft:cooked_beef":15,"tombstone:ankh_of_pray":1,"upgrade_aquatic:river_boat":1,"minecraft:bucket":2,"minecraft:air":0,"minecraft:bread":172,"morevanillaarmor:lapis_helmet":1,"minecraft:gold_nugget":18,"minecraft:raw_gold":216,"epicpaladins:bloodstone_pickaxe":6,"minecraft:anvil":2,"minecraft:torch":28,"minecraft:lapis_block":5},"minecraft:broken":{"minecraft:golden_boots":2,"epicpaladins:bloodstone_pickaxe":1,"morevanillaarmor:lapis_helmet":1,"minecraft:wooden_pickaxe":1,"minecraft:iron_pickaxe":1,"minecraft:wooden_axe":1,"epicpaladins:jade_pickaxe":1}},"DataVersion":3465}