{"stats":{"minecraft:used":{"alexsmobs:small_catfish_bucket":1,"croptopia:calamari":1,"minecraft:chest":6,"minecraft:shield":45,"minecraft:iron_sword":3,"minecraft:rotten_flesh":30,"minecraft:mutton":2,"minecraft:tuff":16,"epicpaladins:arclight_sword":409,"minecraft:spruce_boat":1,"minecraft:iron_helmet":1,"minecraft:bow":6,"croptopia:peach":15,"epicpaladins:arclight_hoe":70,"minecraft:furnace":5,"minecraft:mossy_stone_bricks":1,"minecraft:diorite":6,"upgrade_aquatic:mulberry":6,"minecraft:stone_pickaxe":74,"minecraft:wooden_pickaxe":58,"minecraft:golden_apple":2,"minecraft:glow_berries":17,"croptopia:orange":5,"upgrade_aquatic:river_sapling":7,"minecraft:bread":68,"minecraft:string":1,"minecraft:gravel":6,"minecraft:nether_wart_block":5,"minecraft:wooden_sword":20,"sons_of_sins:flesh_of_demise":3,"minecraft:andesite":2,"create:limestone":4,"minecraft:stone_sword":61,"minecraft:spruce_planks":6,"minecraft:torch":49,"minecraft:dirt":86,"minecraft:anvil":1,"upgrade_aquatic:river_door":3,"croptopia:chile_pepper":2,"minecraft:wooden_axe":75,"minecraft:iron_axe":25,"epicpaladins:jade_pickaxe":1,"minecraft:beef":2,"tombstone:gift":3,"minecraft:cooked_beef":4,"farmersdelight:tomato_seeds":6,"minecraft:cobbled_deepslate":21,"minecraft:wheat_seeds":98,"minecraft:cooked_mutton":2,"minecraft:water_bucket":11,"tombstone:scroll_of_knowledge":1,"croptopia:apricot":1,"farmersdelight:onion":3,"minecraft:crafting_table":8,"minecraft:apple":5,"epicpaladins:arclight_pickaxe":1090,"minecraft:iron_pickaxe":247,"tombstone:magic_scroll":1,"minecraft:cobblestone":136,"minecraft:purple_bed":3,"minecraft:bucket":13,"minecraft:yellow_bed":1,"minecraft:pumpkin_pie":8,"upgrade_aquatic:river_planks":31},"minecraft:broken":{"morevanillaarmor:lapis_helmet":1,"minecraft:wooden_axe":1,"minecraft:wooden_pickaxe":1,"minecraft:iron_pickaxe":1},"minecraft:dropped":{"minecraft:leather":1,"minecraft:leather_helmet":1,"paraglider:spirit_orb":4,"sophisticatedbackpacks:gold_backpack":1,"minecraft:flint":6,"minecraft:dirt":6,"minecraft:wooden_sword":1,"minecraft:amethyst_shard":1,"minecraft:gravel":18,"biomesoplenty:toadstool":1,"minecraft:cobbled_deepslate":68,"minecraft:wheat":1,"minecraft:rotten_flesh":11,"croptopia:bellpepper":1,"minecraft:leather_leggings":1,"minecraft:water_bucket":1,"minecraft:bread":23,"croptopia:orange":2,"epicpaladins:bloodstone_pickaxe":1,"minecraft:apple":2,"minecraft:coal":4,"minecraft:golden_apple":1,"minecraft:stick":5,"tombstone:magic_scroll":2,"minecraft:torch":2,"minecraft:wooden_axe":1,"minecraft:iron_axe":1,"minecraft:string":13,"create:raw_zinc":1,"epicpaladins:arclight_gem":3,"minecraft:stone_sword":1,"minecraft:tuff":20,"epicpaladins:bloodstone_gem":15,"minecraft:polished_deepslate_stairs":3,"minecraft:yellow_bed":1,"minecraft:spruce_log":2,"minecraft:stone_pickaxe":1},"minecraft:custom":{"minecraft:interact_with_crafting_table":62,"minecraft:open_barrel":20,"goblintraders:trade_with_goblin":6,"minecraft:bell_ring":7,"minecraft:eat_cake_slice":5,"minecraft:leave_game":4,"minecraft:time_since_death":359477,"minecraft:sprint_one_cm":888764,"minecraft:damage_blocked_by_shield":1270,"minecraft:drop":68,"minecraft:play_noteblock":8,"minecraft:talked_to_villager":12,"minecraft:play_time":359477,"minecraft:jump":5897,"minecraft:walk_on_water_one_cm":50982,"minecraft:interact_with_furnace":49,"minecraft:interact_with_cartography_table":1,"minecraft:sleep_in_bed":5,"minecraft:waystone_activated":5,"minecraft:damage_dealt":26736,"minecraft:crouch_one_cm":14931,"tombstone:undead_killed":94,"minecraft:interact_with_smoker":2,"minecraft:inspect_dispenser":1,"minecraft:mob_kills":135,"minecraft:interact_with_anvil":1,"minecraft:climb_one_cm":8848,"minecraft:walk_one_cm":1265201,"minecraft:sneak_time":7014,"minecraft:walk_under_water_one_cm":46603,"minecraft:interact_with_blast_furnace":1,"minecraft:total_world_time":359477,"minecraft:time_since_rest":39046,"minecraft:damage_taken":4253,"minecraft:damage_absorbed":80,"minecraft:swim_one_cm":46344,"minecraft:fly_one_cm":806798,"minecraft:open_chest":203,"minecraft:fall_one_cm":123082},"minecraft:crafted":{"epicpaladins:arclight_sword":1,"epicpaladins:arclight_pickaxe":1,"minecraft:cooked_mutton":2,"minecraft:iron_boots":1,"sophisticatedbackpacks:copper_backpack":1,"minecraft:raw_copper":63,"minecraft:chest":7,"minecraft:magenta_dye":1,"epicpaladins:arclight_hoe":1,"sophisticatedbackpacks:backpack":2,"minecraft:crafting_table":3,"minecraft:spruce_planks":88,"minecraft:wooden_pickaxe":1,"minecraft:iron_helmet":1,"minecraft:copper_ingot":21,"minecraft:iron_chestplate":1,"minecraft:charcoal":4,"minecraft:shield":1,"sophisticatedbackpacks:diamond_backpack":1,"minecraft:stick":64,"minecraft:iron_ingot":100,"minecraft:stone_sword":1,"minecraft:gold_ingot":19,"upgrade_aquatic:river_door":3,"minecraft:wooden_sword":1,"minecraft:raw_iron":18,"minecraft:coal":2,"minecraft:furnace":4,"minecraft:flint_and_steel":1,"epicpaladins:jade_pickaxe":1,"minecraft:stone_pickaxe":1,"minecraft:spruce_boat":1,"minecraft:wheat":180,"sophisticatedbackpacks:iron_backpack":2,"minecraft:cooked_beef":15,"upgrade_aquatic:river_planks":108,"sophisticatedbackpacks:gold_backpack":2,"minecraft:bucket":2,"minecraft:bread":76,"minecraft:air":0,"morevanillaarmor:lapis_helmet":1,"epicpaladins:bloodstone_pickaxe":1,"minecraft:wooden_axe":1,"minecraft:iron_leggings":1,"minecraft:torch":28,"minecraft:lapis_block":5},"minecraft:picked_up":{"minecraft:wooden_axe":1,"minecraft:chiseled_deepslate":4,"minecraft:iron_chestplate":2,"minecraft:wheat":41,"minecraft:anvil":1,"croptopia:calamari":1,"minecraft:amethyst_block":7,"minecraft:string":32,"create:limestone":4,"minecraft:raw_copper":37,"minecraft:iron_leggings":1,"minecraft:armor_stand":1,"upgrade_aquatic:river_sapling":12,"epicpaladins:bloodstone_gem":35,"upgrade_aquatic:river_log":27,"minecraft:deepslate_tiles":4,"minecraft:cobbled_deepslate":211,"minecraft:spruce_planks":4,"upgrade_aquatic:river_planks":3,"minecraft:iron_pickaxe":1,"croptopia:mustard_seed":2,"upgrade_aquatic:mulberry":6,"minecraft:iron_boots":1,"minecraft:furnace":1,"minecraft:stick":6,"epicpaladins:arclight_gem":32,"minecraft:polished_deepslate_stairs":8,"minecraft:torch":25,"minecraft:spruce_stairs":1,"tombstone:grave_dust":22,"minecraft:diorite":62,"alexsmobs:centipede_leg":1,"minecraft:stone_sword":1,"epicpaladins:cryorium_gem":25,"minecraft:rotten_flesh":66,"minecraft:obsidian":5,"minecraft:iron_bars":3,"minecraft:cobblestone":366,"minecraft:water_bucket":1,"minecraft:andesite":9,"paraglider:spirit_orb":10,"minecraft:flint":6,"minecraft:tuff":47,"create:raw_zinc":16,"croptopia:walnut":2,"minecraft:lapis_lazuli":120,"minecraft:dirt":117,"minecraft:bone":43,"minecraft:wheat_seeds":124,"minecraft:raw_gold":11,"croptopia:bellpepper":1,"minecraft:mossy_stone_bricks":1,"epicsamurai:raw_silver":15,"biomesoplenty:toadstool":1,"croptopia:chile_pepper_seed":4,"graveyard:bone_dagger":1,"croptopia:mustard":1,"minecraft:ink_sac":2,"sons_of_sins:flesh_of_demise":3,"croptopia:chile_pepper":2,"minecraft:diamond":17,"minecraft:spruce_boat":1,"minecraft:granite":29,"minecraft:bread":2,"alexsmobs:maggot":2,"epicsamurai:ruby":17,"minecraft:oak_sapling":2,"minecraft:crimson_roots":5,"minecraft:charcoal":2,"minecraft:crafting_table":5,"minecraft:allium":1,"croptopia:peach":15,"minecraft:leather_leggings":1,"minecraft:brown_mushroom":9,"minecraft:gold_block":19,"minecraft:iron_axe":1,"artifacts:feral_claws":1,"epicsamurai:jade":27,"croptopia:bellpepper_seed":1,"graveyard:corruption":5,"graveyard:small_black_urn":1,"minecraft:candle":2,"minecraft:beef":12,"minecraft:poppy":1,"minecraft:chest":1,"sons_of_sins:sickle_of_struggle":1,"minecraft:raw_iron":140,"minecraft:polished_deepslate_slab":4,"minecraft:raw_gold_block":24,"minecraft:note_block":7,"minecraft:redstone":203,"minecraft:arrow":28,"minecraft:beetroot_seeds":1,"minecraft:deepslate_bricks":1,"minecraft:hay_block":20,"minecraft:cracked_deepslate_bricks":1,"minecraft:mutton":14,"minecraft:skeleton_skull":3,"minecraft:white_wool":3,"minecraft:glow_ink_sac":7,"minecraft:leather":5,"croptopia:glowing_calamari":1,"minecraft:nether_wart_block":5,"minecraft:yellow_bed":5,"minecraft:gunpowder":5,"minecraft:apple":7,"minecraft:gray_carpet":4,"artifacts:steadfast_spikes":1,"epicsamurai:aquamarine":3,"minecraft:iron_sword":1,"epicsamurai:onyx":12,"minecraft:smooth_basalt":5,"minecraft:emerald_block":10,"croptopia:apricot":1,"minecraft:pumpkin":2,"minecraft:dandelion":7,"minecraft:raw_iron_block":2,"minecraft:gravel":35,"minecraft:spruce_sapling":20,"minecraft:spruce_log":70,"minecraft:spider_eye":3,"minecraft:purple_bed":3,"croptopia:orange":8,"tombstone:magic_scroll":3,"minecraft:stripped_dark_oak_log":1,"minecraft:coal":114,"minecraft:ender_pearl":1},"minecraft:killed":{"minecraft:spider":12,"minecraft:skeleton":40,"graveyard:acolyte":2,"alexsmobs:centipede_head":2,"artifacts:mimic":3,"minecraft:creeper":4,"minecraft:sheep":3,"minecraft:zombie":52,"alexsmobs:fly":1,"minecraft:cow":2,"graveyard:nightmare":1,"minecraft:drowned":2,"minecraft:bat":1,"sons_of_sins:betrayed_guzzler":5,"minecraft:enderman":1},"minecraft:mined":{"croptopia:bellpepper_crop":1,"create:deepslate_zinc_ore":9,"minecraft:spruce_planks":4,"farmersdelight:rich_soil":3,"graveyard:small_black_urn":1,"epicpaladins:cryorium_ore":2,"croptopia:mustard_crop":1,"minecraft:obsidian":6,"minecraft:granite":31,"minecraft:budding_amethyst":2,"minecraft:grass_block":50,"epicsamurai:silver_ore":2,"minecraft:spawner":6,"graveyard:wither_skull_with_rib_cage":1,"epicsamurai:deepslate_jade_ore":24,"minecraft:raw_iron_block":2,"minecraft:iron_ore":23,"graveyard:leaning_wither_skeleton":1,"minecraft:pumpkin":2,"minecraft:deepslate_lapis_ore":20,"minecraft:anvil":1,"minecraft:polished_deepslate_slab":6,"biomesoplenty:webbing":2,"minecraft:iron_bars":3,"epicsamurai:deepslate_silver_ore":13,"create:limestone":4,"minecraft:tripwire":1,"minecraft:deepslate_redstone_ore":43,"minecraft:brown_mushroom":9,"minecraft:polished_deepslate_stairs":9,"minecraft:torch":10,"minecraft:note_block":7,"minecraft:poppy":1,"minecraft:cobblestone":67,"minecraft:wall_torch":11,"minecraft:amethyst_block":7,"minecraft:deepslate_copper_ore":2,"graveyard:wither_skeleton_hand":1,"minecraft:wheat":49,"epicpaladins:deepslate_cryorium_ore":23,"croptopia:chile_pepper_crop":2,"croptopia:apricot_crop":1,"minecraft:grass":18,"minecraft:dirt":39,"minecraft:smooth_basalt":5,"minecraft:oak_leaves":18,"epicpaladins:arclight_ore":13,"minecraft:deepslate":207,"minecraft:emerald_block":10,"minecraft:diamond_ore":1,"create:zinc_ore":12,"minecraft:deepslate_tiles":5,"biomesoplenty:orange_autumn_leaves":1,"minecraft:tuff":43,"croptopia:orange_crop":7,"upgrade_aquatic:river_log":28,"epicsamurai:deepslate_onyx_ore":12,"minecraft:dark_oak_leaves":4,"minecraft:deepslate_diamond_ore":17,"epicsamurai:deepslate_ruby_ore":17,"minecraft:weathered_copper":1,"minecraft:spruce_leaves":6,"epicpaladins:deepslate_arclight_ore":19,"minecraft:large_fern":5,"minecraft:hay_block":20,"minecraft:furnace":1,"minecraft:raw_gold_block":24,"biomesoplenty:toadstool":1,"minecraft:andesite":33,"minecraft:chiseled_deepslate":2,"croptopia:peach_crop":16,"minecraft:gold_block":21,"minecraft:deepslate_iron_ore":117,"minecraft:stone":301,"upgrade_aquatic:river_planks":3,"epicsamurai:jade_ore":3,"epicpaladins:deepslate_bloodstone_ore":35,"minecraft:dandelion":6,"epicsamurai:deepslate_aquamarine_ore":3,"minecraft:crafting_table":5,"minecraft:campfire":1,"minecraft:copper_ore":12,"minecraft:tall_grass":10,"minecraft:deepslate_gold_ore":11,"minecraft:diorite":62,"minecraft:spruce_stairs":1,"minecraft:purple_bed":3,"minecraft:spruce_log":51,"minecraft:yellow_bed":4,"minecraft:coal_ore":111,"graveyard:leaning_skeleton":1,"minecraft:gravel":19,"minecraft:cobweb":6,"minecraft:mossy_stone_bricks":1,"minecraft:fern":4}},"DataVersion":3465}