{"stats":{"minecraft:used":{"create:limestone":4,"minecraft:stone_sword":61,"alexsmobs:small_catfish_bucket":1,"croptopia:calamari":1,"minecraft:chest":6,"minecraft:spruce_planks":4,"minecraft:shield":25,"minecraft:iron_sword":3,"minecraft:rotten_flesh":14,"minecraft:torch":32,"minecraft:dirt":60,"minecraft:mutton":2,"upgrade_aquatic:river_door":3,"croptopia:chile_pepper":2,"minecraft:tuff":14,"epicpaladins:arclight_sword":157,"minecraft:spruce_boat":1,"minecraft:wooden_axe":75,"minecraft:iron_axe":17,"minecraft:iron_helmet":1,"croptopia:peach":15,"minecraft:bow":6,"epicpaladins:arclight_hoe":70,"minecraft:furnace":5,"tombstone:gift":2,"farmersdelight:tomato_seeds":6,"minecraft:cobbled_deepslate":21,"minecraft:wheat_seeds":98,"minecraft:water_bucket":2,"minecraft:mossy_stone_bricks":1,"tombstone:scroll_of_knowledge":1,"minecraft:diorite":6,"upgrade_aquatic:mulberry":6,"minecraft:stone_pickaxe":74,"croptopia:apricot":1,"minecraft:wooden_pickaxe":58,"farmersdelight:onion":3,"minecraft:crafting_table":7,"croptopia:orange":5,"upgrade_aquatic:river_sapling":6,"epicpaladins:arclight_pickaxe":643,"minecraft:bread":47,"minecraft:iron_pickaxe":9,"tombstone:magic_scroll":1,"minecraft:gravel":2,"minecraft:wooden_sword":20,"sons_of_sins:flesh_of_demise":2,"minecraft:cobblestone":31,"minecraft:purple_bed":3,"minecraft:bucket":5,"minecraft:pumpkin_pie":8,"minecraft:yellow_bed":1,"upgrade_aquatic:river_planks":31},"minecraft:broken":{"minecraft:wooden_pickaxe":1,"minecraft:wooden_axe":1},"minecraft:custom":{"minecraft:interact_with_anvil":1,"minecraft:mob_kills":66,"minecraft:interact_with_crafting_table":47,"minecraft:open_barrel":4,"minecraft:bell_ring":6,"minecraft:leave_game":4,"minecraft:time_since_death":221477,"minecraft:climb_one_cm":3832,"minecraft:sprint_one_cm":545036,"minecraft:walk_one_cm":777366,"minecraft:damage_blocked_by_shield":735,"minecraft:drop":56,"minecraft:play_noteblock":8,"minecraft:talked_to_villager":2,"minecraft:play_time":221477,"minecraft:sneak_time":3723,"minecraft:walk_under_water_one_cm":29306,"minecraft:jump":3777,"minecraft:walk_on_water_one_cm":30599,"minecraft:total_world_time":221477,"minecraft:interact_with_furnace":30,"minecraft:sleep_in_bed":4,"minecraft:waystone_activated":3,"minecraft:time_since_rest":38039,"minecraft:damage_taken":2074,"minecraft:damage_dealt":12541,"minecraft:swim_one_cm":39327,"minecraft:fly_one_cm":521689,"minecraft:open_chest":92,"minecraft:crouch_one_cm":8716,"tombstone:undead_killed":47,"minecraft:interact_with_smoker":1,"minecraft:fall_one_cm":78904,"minecraft:inspect_dispenser":1},"minecraft:dropped":{"minecraft:bread":23,"croptopia:orange":2,"epicpaladins:bloodstone_pickaxe":1,"minecraft:leather":1,"minecraft:coal":4,"minecraft:leather_helmet":1,"minecraft:stick":5,"minecraft:flint":6,"minecraft:dirt":6,"tombstone:magic_scroll":2,"minecraft:torch":2,"minecraft:wooden_axe":1,"minecraft:iron_axe":1,"minecraft:wooden_sword":1,"minecraft:string":13,"create:raw_zinc":1,"epicpaladins:arclight_gem":3,"minecraft:gravel":18,"biomesoplenty:toadstool":1,"minecraft:stone_sword":1,"minecraft:cobbled_deepslate":68,"minecraft:tuff":20,"minecraft:wheat":1,"epicpaladins:bloodstone_gem":15,"croptopia:bellpepper":1,"minecraft:spruce_log":2,"minecraft:stone_pickaxe":1},"minecraft:crafted":{"epicpaladins:arclight_sword":1,"minecraft:wooden_sword":1,"minecraft:raw_iron":18,"minecraft:furnace":4,"epicpaladins:arclight_pickaxe":1,"minecraft:flint_and_steel":1,"sophisticatedbackpacks:copper_backpack":1,"minecraft:iron_boots":1,"minecraft:raw_copper":63,"minecraft:stone_pickaxe":1,"minecraft:chest":6,"minecraft:spruce_boat":1,"sophisticatedbackpacks:iron_backpack":1,"minecraft:wheat":144,"epicpaladins:arclight_hoe":1,"sophisticatedbackpacks:backpack":1,"minecraft:crafting_table":2,"minecraft:spruce_planks":80,"minecraft:iron_helmet":1,"minecraft:wooden_pickaxe":1,"minecraft:copper_ingot":21,"upgrade_aquatic:river_planks":88,"sophisticatedbackpacks:gold_backpack":1,"minecraft:bucket":2,"minecraft:bread":64,"minecraft:air":0,"morevanillaarmor:lapis_helmet":1,"minecraft:iron_chestplate":1,"minecraft:charcoal":4,"minecraft:shield":1,"epicpaladins:bloodstone_pickaxe":1,"minecraft:stick":24,"minecraft:iron_ingot":100,"minecraft:wooden_axe":1,"minecraft:stone_sword":1,"minecraft:gold_ingot":6,"minecraft:iron_leggings":1,"minecraft:torch":16,"upgrade_aquatic:river_door":3,"minecraft:lapis_block":5},"minecraft:picked_up":{"minecraft:wooden_axe":1,"minecraft:crafting_table":5,"minecraft:charcoal":2,"minecraft:iron_chestplate":1,"minecraft:wheat":41,"croptopia:peach":15,"minecraft:brown_mushroom":9,"croptopia:calamari":1,"minecraft:amethyst_block":7,"minecraft:iron_axe":1,"minecraft:string":17,"minecraft:raw_copper":25,"create:limestone":4,"epicsamurai:jade":13,"upgrade_aquatic:river_sapling":10,"epicpaladins:bloodstone_gem":20,"croptopia:bellpepper_seed":1,"upgrade_aquatic:river_log":22,"minecraft:cobbled_deepslate":118,"minecraft:spruce_planks":2,"minecraft:beef":1,"minecraft:poppy":1,"upgrade_aquatic:river_planks":3,"minecraft:iron_pickaxe":1,"minecraft:chest":1,"upgrade_aquatic:mulberry":4,"sons_of_sins:sickle_of_struggle":1,"minecraft:furnace":1,"minecraft:stick":6,"minecraft:raw_iron":105,"epicpaladins:arclight_gem":19,"minecraft:torch":18,"minecraft:spruce_stairs":1,"minecraft:note_block":7,"tombstone:grave_dust":8,"minecraft:diorite":37,"minecraft:redstone":78,"alexsmobs:centipede_leg":1,"minecraft:arrow":5,"minecraft:rotten_flesh":29,"epicpaladins:cryorium_gem":6,"minecraft:beetroot_seeds":1,"minecraft:hay_block":20,"minecraft:mutton":4,"minecraft:cobblestone":167,"minecraft:white_wool":3,"minecraft:leather":2,"minecraft:flint":6,"minecraft:tuff":37,"create:raw_zinc":2,"minecraft:yellow_bed":1,"minecraft:gunpowder":1,"minecraft:lapis_lazuli":44,"minecraft:dirt":90,"minecraft:bone":19,"minecraft:wheat_seeds":120,"minecraft:raw_gold":2,"croptopia:bellpepper":1,"minecraft:mossy_stone_bricks":1,"minecraft:iron_sword":1,"epicsamurai:aquamarine":3,"epicsamurai:raw_silver":2,"biomesoplenty:toadstool":1,"epicsamurai:onyx":6,"croptopia:chile_pepper_seed":4,"croptopia:apricot":1,"minecraft:pumpkin":2,"minecraft:dandelion":7,"minecraft:gravel":25,"minecraft:raw_iron_block":2,"minecraft:spruce_sapling":20,"minecraft:ink_sac":2,"minecraft:spruce_log":70,"minecraft:spider_eye":2,"sons_of_sins:flesh_of_demise":2,"croptopia:chile_pepper":2,"minecraft:purple_bed":3,"minecraft:diamond":2,"minecraft:spruce_boat":1,"croptopia:orange":8,"minecraft:granite":29,"alexsmobs:maggot":2,"minecraft:ender_pearl":1,"minecraft:bread":2,"minecraft:oak_sapling":2,"tombstone:magic_scroll":2,"epicsamurai:ruby":17,"minecraft:coal":76},"minecraft:killed":{"minecraft:spider":4,"minecraft:skeleton":15,"alexsmobs:centipede_head":2,"artifacts:mimic":1,"minecraft:creeper":3,"minecraft:sheep":3,"minecraft:zombie":32,"sons_of_sins:betrayed_guzzler":2,"alexsmobs:fly":1,"minecraft:enderman":1,"minecraft:cow":1},"minecraft:mined":{"biomesoplenty:orange_autumn_leaves":1,"croptopia:bellpepper_crop":1,"minecraft:tuff":33,"minecraft:spruce_planks":2,"farmersdelight:rich_soil":3,"croptopia:orange_crop":7,"upgrade_aquatic:river_log":23,"epicsamurai:deepslate_onyx_ore":6,"minecraft:deepslate_diamond_ore":2,"minecraft:budding_amethyst":2,"minecraft:granite":31,"epicsamurai:deepslate_ruby_ore":17,"minecraft:grass_block":47,"minecraft:spruce_leaves":6,"epicpaladins:deepslate_arclight_ore":19,"minecraft:large_fern":5,"minecraft:hay_block":20,"epicsamurai:deepslate_jade_ore":10,"minecraft:raw_iron_block":2,"minecraft:furnace":1,"biomesoplenty:toadstool":1,"minecraft:iron_ore":14,"minecraft:andesite":24,"minecraft:pumpkin":2,"minecraft:deepslate_lapis_ore":8,"croptopia:peach_crop":16,"minecraft:deepslate_iron_ore":92,"biomesoplenty:webbing":2,"epicsamurai:deepslate_silver_ore":2,"minecraft:stone":162,"upgrade_aquatic:river_planks":3,"create:limestone":4,"minecraft:deepslate_redstone_ore":17,"epicsamurai:jade_ore":3,"minecraft:brown_mushroom":9,"epicpaladins:deepslate_bloodstone_ore":20,"minecraft:dandelion":6,"epicsamurai:deepslate_aquamarine_ore":3,"minecraft:crafting_table":5,"minecraft:torch":9,"minecraft:note_block":7,"minecraft:poppy":1,"minecraft:campfire":1,"minecraft:tall_grass":1,"minecraft:copper_ore":8,"minecraft:cobblestone":5,"minecraft:deepslate_gold_ore":2,"minecraft:diorite":37,"minecraft:wall_torch":6,"minecraft:amethyst_block":7,"minecraft:deepslate_copper_ore":2,"minecraft:spruce_stairs":1,"minecraft:purple_bed":3,"minecraft:wheat":49,"epicpaladins:deepslate_cryorium_ore":6,"minecraft:spruce_log":51,"minecraft:yellow_bed":1,"croptopia:apricot_crop":1,"croptopia:chile_pepper_crop":2,"minecraft:grass":10,"minecraft:coal_ore":74,"minecraft:gravel":14,"minecraft:dirt":31,"minecraft:mossy_stone_bricks":1,"minecraft:oak_leaves":17,"minecraft:deepslate":117,"minecraft:fern":4,"create:zinc_ore":4}},"DataVersion":3465}