{"stats":{"minecraft:dropped":{"minecraft:iron_sword":1,"minecraft:moss_block":9,"minecraft:candle":5,"minecraft:lapis_lazuli":68,"minecraft:oak_log":1,"minecraft:golden_pickaxe":2,"minecraft:glass_bottle":3,"minecraft:netherite_upgrade_smithing_template":1,"minecraft:leather":1,"minecraft:rail":2,"minecraft:leather_helmet":1,"paraglider:spirit_orb":4,"sophisticatedbackpacks:gold_backpack":1,"minecraft:flint":6,"minecraft:dirt":6,"minecraft:dark_oak_log":2,"minecraft:netherite_scrap":2,"minecraft:dark_oak_fence":5,"minecraft:mutton":3,"minecraft:chain":4,"minecraft:wooden_sword":1,"minecraft:pumpkin_pie":3,"minecraft:amethyst_shard":7,"minecraft:iron_pickaxe":2,"minecraft:bone":16,"minecraft:gravel":25,"biomesoplenty:toadstool":1,"minecraft:stone_axe":2,"minecraft:iron_nugget":3,"minecraft:polished_andesite_slab":6,"croptopia:toast":1,"minecraft:cobbled_deepslate":68,"minecraft:wheat":1,"minecraft:stripped_dark_oak_log":5,"minecraft:rotten_flesh":16,"croptopia:bellpepper":1,"minecraft:leather_chestplate":4,"minecraft:skull_banner_pattern":3,"minecraft:leather_boots":4,"minecraft:chest":2,"epicpaladins:arclight_pickaxe":1,"minecraft:leather_leggings":5,"minecraft:netherrack":202,"minecraft:arrow":8,"mininggadgets:mininggadget":1,"minecraft:warped_wart_block":1,"minecraft:water_bucket":1,"minecraft:bread":23,"minecraft:bookshelf":10,"minecraft:cobblestone":20,"minecraft:iron_helmet":2,"minecraft:golden_axe":2,"croptopia:orange":2,"epicpaladins:bloodstone_pickaxe":4,"minecraft:apple":2,"minecraft:deepslate_tile_slab":12,"minecraft:coal":4,"minecraft:golden_apple":1,"tombstone:ankh_of_pray":1,"minecraft:stick":5,"minecraft:polished_andesite":2,"upgrade_aquatic:river_boat":2,"minecraft:cobweb":22,"tombstone:magic_scroll":2,"minecraft:torch":2,"minecraft:wooden_axe":3,"minecraft:iron_leggings":2,"minecraft:polished_andesite_stairs":8,"minecraft:iron_axe":5,"minecraft:paper":13,"minecraft:chainmail_leggings":1,"minecraft:string":37,"create:raw_zinc":1,"epicpaladins:arclight_gem":3,"croptopia:glowing_calamari":1,"croptopia:date":3,"minecraft:nether_wart":14,"minecraft:stone_sword":3,"minecraft:cobblestone_wall":1,"minecraft:tuff":20,"epicpaladins:bloodstone_gem":15,"minecraft:polished_deepslate_stairs":3,"minecraft:potato":1,"minecraft:shield":3,"minecraft:iron_chestplate":1,"minecraft:andesite":5,"minecraft:yellow_bed":3,"minecraft:oak_sapling":1,"minecraft:golden_sword":2,"minecraft:spider_eye":2,"minecraft:stone_bricks":49,"minecraft:spruce_log":2,"minecraft:magenta_dye":1,"minecraft:bow":5,"minecraft:stone_pickaxe":1},"minecraft:mined":{"croptopia:bellpepper_crop":1,"create:deepslate_zinc_ore":9,"minecraft:spruce_planks":4,"farmersdelight:rich_soil":3,"graveyard:small_black_urn":1,"epicpaladins:cryorium_ore":2,"croptopia:mustard_crop":1,"minecraft:jungle_leaves":1,"minecraft:obsidian":7,"minecraft:chiseled_polished_blackstone":1,"minecraft:granite":37,"minecraft:budding_amethyst":2,"minecraft:grass_block":71,"epicsamurai:silver_ore":2,"biomesoplenty:eyebulb":1,"minecraft:deepslate_bricks":1,"minecraft:nether_wart":20,"minecraft:spawner":20,"minecraft:polished_blackstone_bricks":9,"graveyard:wither_skull_with_rib_cage":1,"epicpaladins:moonlight_ore":9,"epicsamurai:deepslate_jade_ore":24,"minecraft:raw_iron_block":2,"minecraft:fire":5,"minecraft:iron_ore":49,"minecraft:cobbled_deepslate":2,"graveyard:leaning_wither_skeleton":1,"minecraft:pumpkin":2,"minecraft:anvil":1,"minecraft:deepslate_lapis_ore":20,"minecraft:enchanting_table":4,"minecraft:water_cauldron":1,"minecraft:potted_dandelion":1,"minecraft:polished_deepslate_slab":8,"biomesoplenty:webbing":2,"minecraft:iron_bars":5,"epicsamurai:deepslate_silver_ore":13,"minecraft:deepslate_brick_stairs":3,"create:limestone":4,"minecraft:tripwire":1,"minecraft:deepslate_redstone_ore":43,"minecraft:blackstone":39,"minecraft:brown_mushroom":9,"minecraft:quartz_block":1,"minecraft:polished_deepslate_stairs":9,"minecraft:smoker":1,"minecraft:deepslate_tile_slab":6,"minecraft:clay":25,"minecraft:torch":17,"minecraft:note_block":7,"minecraft:blast_furnace":2,"minecraft:poppy":1,"minecraft:melon":6,"minecraft:chest":2,"minecraft:nether_quartz_ore":73,"minecraft:cobblestone":68,"minecraft:wall_torch":19,"minecraft:amethyst_block":7,"minecraft:deepslate_copper_ore":2,"graveyard:wither_skeleton_hand":1,"minecraft:wheat":150,"minecraft:waxed_oxidized_cut_copper_stairs":2,"epicpaladins:deepslate_cryorium_ore":23,"biomesoplenty:fir_log":139,"minecraft:tnt":1,"croptopia:apricot_crop":1,"minecraft:stone_brick_stairs":6,"croptopia:chile_pepper_crop":2,"minecraft:grass":28,"graveyard:creeper_skeleton":1,"minecraft:ancient_debris":7,"minecraft:dirt":69,"minecraft:nether_gold_ore":10,"minecraft:netherrack":2927,"minecraft:waxed_exposed_cut_copper_stairs":2,"biomesoplenty:fir_sapling":1,"minecraft:smooth_basalt":5,"minecraft:oak_leaves":33,"epicpaladins:arclight_ore":13,"minecraft:deepslate":217,"minecraft:emerald_block":12,"minecraft:quartz_stairs":16,"create:zinc_ore":12,"minecraft:diamond_ore":2,"biomesoplenty:orange_autumn_leaves":1,"minecraft:deepslate_tiles":6,"minecraft:tuff":45,"biomesoplenty:watergrass":12,"croptopia:orange_crop":7,"upgrade_aquatic:river_log":44,"epicsamurai:deepslate_onyx_ore":12,"minecraft:dark_oak_leaves":4,"minecraft:deepslate_diamond_ore":25,"enchantinginfuser:enchanting_infuser":1,"minecraft:nether_bricks":15,"minecraft:glow_lichen":1,"minecraft:cobbled_deepslate_slab":5,"epicsamurai:deepslate_ruby_ore":17,"minecraft:weathered_copper":1,"farmersdelight:tomatoes":6,"minecraft:spruce_leaves":6,"minecraft:moss_block":1,"epicpaladins:deepslate_arclight_ore":19,"minecraft:large_fern":5,"minecraft:hay_block":30,"minecraft:deepslate_brick_slab":5,"minecraft:furnace":1,"minecraft:raw_gold_block":24,"minecraft:polished_basalt":4,"biomesoplenty:toadstool":1,"minecraft:andesite":39,"minecraft:chiseled_deepslate":2,"biomesoplenty:flesh":26,"croptopia:peach_crop":16,"minecraft:gold_block":41,"minecraft:mossy_stone_brick_stairs":5,"minecraft:bookshelf":84,"minecraft:warped_stem":19,"minecraft:deepslate_iron_ore":129,"minecraft:vine":1,"minecraft:rail":2,"upgrade_aquatic:tall_pickerelweed":8,"minecraft:stripped_oak_log":1,"minecraft:stone":820,"upgrade_aquatic:river_planks":3,"minecraft:ender_chest":1,"minecraft:cake":1,"minecraft:smithing_table":1,"minecraft:waxed_weathered_cut_copper_stairs":2,"epicsamurai:jade_ore":3,"minecraft:soul_sand":11,"epicpaladins:deepslate_bloodstone_ore":35,"minecraft:stripped_dark_oak_log":10,"minecraft:basalt":3,"minecraft:dandelion":6,"minecraft:stone_brick_slab":2,"epicsamurai:deepslate_aquamarine_ore":3,"minecraft:crafting_table":7,"minecraft:campfire":2,"minecraft:copper_ore":12,"minecraft:tall_grass":12,"minecraft:lapis_ore":3,"minecraft:deepslate_gold_ore":11,"minecraft:polished_blackstone_brick_stairs":2,"minecraft:diorite":66,"minecraft:warped_wart_block":10,"minecraft:spruce_stairs":1,"minecraft:purple_bed":3,"graveyard:vase_block":1,"minecraft:spruce_log":51,"minecraft:quartz_pillar":16,"minecraft:yellow_bed":4,"minecraft:coal_ore":177,"biomesoplenty:fir_leaves":3,"minecraft:gravel":19,"graveyard:leaning_skeleton":1,"minecraft:cobweb":61,"minecraft:cracked_stone_bricks":1,"minecraft:mossy_stone_bricks":2,"epicsamurai:ruby_ore":6,"minecraft:fern":5,"paraglider:goddess_statue":1},"minecraft:broken":{"epicpaladins:bloodstone_pickaxe":1,"minecraft:golden_boots":2,"morevanillaarmor:lapis_helmet":1,"minecraft:wooden_axe":1,"epicpaladins:jade_pickaxe":1,"minecraft:wooden_pickaxe":1,"minecraft:iron_pickaxe":1},"minecraft:killed":{"minecraft:cave_spider":5,"minecraft:witch":7,"minecraft:spider":18,"minecraft:skeleton":71,"graveyard:acolyte":8,"alexsmobs:laviathan":1,"alexsmobs:centipede_head":2,"minecraft:piglin_brute":1,"artifacts:mimic":3,"minecraft:magma_cube":3,"minecraft:piglin":9,"minecraft:creeper":4,"alexsmobs:crimson_mosquito":13,"minecraft:sheep":3,"minecraft:pillager":22,"minecraft:zombie":82,"minecraft:ghast":3,"alexsmobs:fly":1,"minecraft:blaze":7,"minecraft:cow":2,"graveyard:nightmare":1,"minecraft:vindicator":11,"epicsamurai:oni":1,"minecraft:drowned":2,"graveyard:ghoul":4,"epicsamurai:akaname":5,"minecraft:bat":1,"alexsmobs:crocodile":2,"sons_of_sins:betrayed_guzzler":5,"minecraft:wither_skeleton":8,"minecraft:enderman":1},"minecraft:crafted":{"epicpaladins:arclight_sword":1,"minecraft:oak_planks":4,"croptopia:toast":89,"minecraft:stone":6,"epicpaladins:arclight_pickaxe":1,"minecraft:bookshelf":45,"minecraft:cooked_mutton":2,"minecraft:warped_planks":76,"minecraft:iron_boots":1,"sophisticatedbackpacks:copper_backpack":1,"minecraft:raw_copper":63,"minecraft:chest":46,"minecraft:bricks":11,"minecraft:magenta_dye":1,"minecraft:smoker":1,"epicpaladins:arclight_hoe":1,"farmersdelight:stove":2,"enchantinginfuser:enchanting_infuser":1,"sophisticatedbackpacks:backpack":2,"minecraft:crafting_table":6,"minecraft:spruce_planks":220,"minecraft:wooden_pickaxe":1,"minecraft:iron_helmet":1,"tombstone:decorative_grave_simple":1,"minecraft:copper_ingot":21,"minecraft:campfire":2,"tombstone:white_marble":3,"biomesoplenty:fir_planks":256,"epicpaladins:moonlight_pickaxe":1,"minecraft:iron_chestplate":1,"minecraft:charcoal":4,"minecraft:shield":2,"sophisticatedbackpacks:diamond_backpack":1,"minecraft:stick":80,"minecraft:iron_ingot":100,"minecraft:stone_sword":1,"minecraft:gold_ingot":81,"minecraft:netherite_ingot":2,"upgrade_aquatic:river_door":3,"minecraft:wooden_sword":1,"minecraft:raw_iron":18,"minecraft:coal":2,"minecraft:furnace":5,"minecraft:flint_and_steel":1,"epicpaladins:jade_pickaxe":1,"minecraft:iron_axe":1,"minecraft:stone_pickaxe":1,"minecraft:spruce_boat":1,"minecraft:netherite_scrap":7,"minecraft:dark_oak_planks":12,"minecraft:wheat":270,"sophisticatedbackpacks:iron_backpack":2,"minecraft:cooked_beef":15,"tombstone:ankh_of_pray":1,"upgrade_aquatic:river_planks":172,"sophisticatedbackpacks:gold_backpack":2,"upgrade_aquatic:river_boat":1,"minecraft:bucket":2,"minecraft:enchanted_book":1,"minecraft:air":0,"minecraft:bread":129,"morevanillaarmor:lapis_helmet":1,"epicpaladins:bloodstone_pickaxe":6,"minecraft:wooden_axe":1,"minecraft:iron_shovel":1,"minecraft:iron_leggings":1,"minecraft:torch":28,"minecraft:brick":64,"minecraft:lapis_block":5},"minecraft:used":{"epicpaladins:bloodstone_pickaxe":1963,"minecraft:moss_block":1,"minecraft:iron_shovel":29,"alexsmobs:small_catfish_bucket":1,"croptopia:calamari":1,"minecraft:polished_basalt":2,"farmersdelight:stove":2,"minecraft:chest":46,"minecraft:shield":77,"minecraft:iron_sword":127,"minecraft:nether_wart":8,"minecraft:rotten_flesh":38,"paraglider:goddess_statue":1,"minecraft:soul_sand":9,"minecraft:mutton":12,"minecraft:tuff":16,"minecraft:obsidian":11,"epicpaladins:arclight_sword":900,"minecraft:spruce_boat":1,"tombstone:decorative_grave_simple":1,"minecraft:lava_bucket":4,"minecraft:lantern":3,"biomesoplenty:fir_sapling":6,"minecraft:iron_helmet":1,"minecraft:stone_bricks":17,"croptopia:peach":15,"minecraft:bow":113,"epicpaladins:arclight_hoe":70,"minecraft:furnace":5,"minecraft:skeleton_skull":2,"biomesoplenty:flesh":2,"minecraft:chiseled_polished_blackstone":1,"minecraft:mossy_stone_bricks":1,"minecraft:diorite":31,"minecraft:gray_carpet":4,"upgrade_aquatic:mulberry":6,"minecraft:stone_pickaxe":74,"minecraft:blackstone":3,"minecraft:wooden_pickaxe":58,"minecraft:golden_apple":5,"minecraft:glow_berries":17,"minecraft:mushroom_stew":1,"minecraft:blast_furnace":2,"croptopia:orange":5,"upgrade_aquatic:river_sapling":7,"minecraft:bread":68,"minecraft:string":1,"tombstone:grave_key":3,"minecraft:gravel":29,"croptopia:toast":80,"minecraft:nether_wart_block":5,"minecraft:wooden_sword":20,"sons_of_sins:flesh_of_demise":3,"minecraft:smithing_table":1,"minecraft:andesite":3,"minecraft:experience_bottle":2,"minecraft:flint_and_steel":1,"create:limestone":4,"minecraft:stone_sword":61,"minecraft:enchanting_table":3,"minecraft:armor_stand":3,"croptopia:starfruit":1,"minecraft:stripped_warped_stem":5,"minecraft:spruce_planks":6,"minecraft:netherrack":148,"minecraft:torch":83,"minecraft:dirt":96,"minecraft:warped_wart_block":9,"minecraft:anvil":1,"upgrade_aquatic:river_door":3,"croptopia:chile_pepper":2,"minecraft:cobblestone_wall":1,"minecraft:wooden_axe":75,"tombstone:ankh_of_pray":16,"minecraft:bookshelf":56,"minecraft:iron_axe":335,"epicpaladins:jade_pickaxe":1570,"minecraft:basalt":2,"minecraft:beef":8,"graveyard:small_black_urn":1,"tombstone:gift":10,"upgrade_aquatic:river_boat":2,"farmersdelight:tomato_seeds":12,"minecraft:cooked_beef":4,"minecraft:cobbled_deepslate":86,"minecraft:wheat_seeds":199,"minecraft:cooked_mutton":2,"minecraft:water_bucket":11,"tombstone:scroll_of_knowledge":1,"farmersdelight:skillet":1,"croptopia:apricot":1,"minecraft:cauldron":1,"minecraft:polished_blackstone_bricks":4,"farmersdelight:onion":3,"minecraft:stripped_dark_oak_log":5,"minecraft:crafting_table":11,"minecraft:smoker":2,"epicpaladins:arclight_pickaxe":1512,"minecraft:apple":5,"minecraft:iron_pickaxe":247,"tombstone:magic_scroll":1,"enchantinginfuser:enchanting_infuser":1,"minecraft:purple_bed":3,"minecraft:cobblestone":240,"minecraft:potion":2,"minecraft:cooked_porkchop":2,"minecraft:bucket":18,"minecraft:pumpkin_pie":8,"minecraft:yellow_bed":1,"minecraft:wither_rose":1,"upgrade_aquatic:river_planks":31},"minecraft:custom":{"minecraft:interact_with_crafting_table":103,"minecraft:open_barrel":91,"goblintraders:trade_with_goblin":6,"minecraft:bell_ring":8,"minecraft:eat_cake_slice":12,"minecraft:leave_game":7,"minecraft:time_since_death":92642,"minecraft:sprint_one_cm":1854022,"minecraft:damage_blocked_by_shield":2175,"minecraft:drop":207,"minecraft:play_noteblock":8,"minecraft:talked_to_villager":42,"minecraft:play_time":792387,"minecraft:deaths":4,"minecraft:jump":10358,"minecraft:walk_on_water_one_cm":87376,"minecraft:enchant_item":5,"minecraft:interact_with_furnace":59,"minecraft:traded_with_villager":1,"minecraft:interact_with_cartography_table":1,"minecraft:sleep_in_bed":7,"minecraft:waystone_activated":6,"minecraft:open_enderchest":1,"minecraft:damage_dealt":53029,"minecraft:crouch_one_cm":34189,"tombstone:undead_killed":167,"minecraft:interact_with_smithing_table":3,"minecraft:interact_with_smoker":41,"minecraft:inspect_dispenser":1,"minecraft:interact_with_anvil":3,"minecraft:mob_kills":320,"minecraft:climb_one_cm":31814,"minecraft:walk_one_cm":2891192,"minecraft:sneak_time":12788,"minecraft:walk_under_water_one_cm":54960,"minecraft:boat_one_cm":20,"minecraft:interact_with_blast_furnace":14,"minecraft:total_world_time":792387,"tombstone:raider_killed":40,"minecraft:tune_noteblock":1,"tombstone:pray_on_grave":1,"minecraft:time_since_rest":92604,"minecraft:damage_absorbed":198,"minecraft:damage_taken":11885,"minecraft:trigger_trapped_chest":1,"minecraft:swim_one_cm":87391,"minecraft:fly_one_cm":1358265,"minecraft:open_chest":808,"minecraft:fall_one_cm":206173},"minecraft:picked_up":{"minecraft:wooden_axe":4,"minecraft:chiseled_deepslate":4,"minecraft:iron_chestplate":3,"minecraft:wheat":135,"minecraft:flower_pot":1,"minecraft:anvil":1,"minecraft:smithing_table":1,"minecraft:potion":3,"minecraft:enchanted_book":8,"croptopia:calamari":1,"minecraft:golden_sword":2,"minecraft:amethyst_block":7,"minecraft:polished_blackstone_brick_stairs":2,"paraglider:goddess_statue":1,"minecraft:string":111,"minecraft:raw_copper":37,"create:limestone":4,"minecraft:iron_leggings":3,"upgrade_aquatic:river_sapling":17,"minecraft:armor_stand":3,"epicpaladins:bloodstone_gem":35,"minecraft:experience_bottle":2,"alexsmobs:blood_sac":6,"minecraft:deepslate_tiles":5,"upgrade_aquatic:river_log":43,"minecraft:gold_nugget":5,"minecraft:cobbled_deepslate":213,"minecraft:spruce_planks":4,"minecraft:netherite_upgrade_smithing_template":1,"upgrade_aquatic:river_planks":3,"minecraft:iron_pickaxe":2,"croptopia:mustard_seed":2,"minecraft:melon_slice":27,"upgrade_aquatic:mulberry":6,"minecraft:furnace":1,"minecraft:iron_boots":1,"minecraft:stick":37,"minecraft:porkchop":2,"epicpaladins:arclight_gem":32,"minecraft:polished_deepslate_stairs":8,"minecraft:torch":44,"minecraft:spruce_stairs":1,"minecraft:golden_axe":3,"tombstone:grave_dust":44,"minecraft:diorite":62,"epicpaladins:moonlight_gem":12,"alexsmobs:centipede_leg":1,"minecraft:cauldron":1,"croptopia:date":4,"minecraft:quartz_block":1,"minecraft:stone_sword":4,"epicpaladins:cryorium_gem":25,"minecraft:rotten_flesh":91,"minecraft:polished_basalt":2,"minecraft:bookshelf":21,"minecraft:blaze_rod":1,"minecraft:obsidian":14,"minecraft:iron_bars":5,"minecraft:cobblestone":854,"minecraft:enchanting_table":4,"minecraft:leather_chestplate":4,"minecraft:water_bucket":1,"minecraft:andesite":14,"minecraft:smoker":1,"epicpaladins:jade_pickaxe":1,"minecraft:potato":1,"biomesoplenty:fir_sapling":32,"biomesoplenty:fir_log":135,"paraglider:spirit_orb":56,"minecraft:flint":6,"minecraft:skull_banner_pattern":1,"minecraft:tuff":47,"create:raw_zinc":18,"croptopia:walnut":2,"minecraft:wither_skeleton_skull":1,"farmersdelight:tomato":13,"minecraft:lapis_lazuli":190,"minecraft:dirt":150,"minecraft:name_tag":1,"minecraft:leather_boots":4,"minecraft:bone":91,"minecraft:bow":6,"minecraft:wheat_seeds":445,"minecraft:deepslate_brick_slab":2,"minecraft:raw_gold":11,"minecraft:cobbled_deepslate_slab":2,"croptopia:bellpepper":1,"minecraft:mossy_stone_bricks":1,"minecraft:glowstone_dust":2,"minecraft:moss_block":2,"epicsamurai:raw_silver":15,"biomesoplenty:toadstool":1,"croptopia:chile_pepper_seed":4,"minecraft:chiseled_polished_blackstone":1,"minecraft:warped_wart_block":10,"graveyard:bone_dagger":1,"croptopia:mustard":1,"epicpaladins:arclight_sword":2,"minecraft:ink_sac":2,"minecraft:dark_oak_log":2,"sons_of_sins:flesh_of_demise":3,"artifacts:plastic_drinking_hat":1,"croptopia:chile_pepper":2,"minecraft:bundle":2,"minecraft:polished_andesite":2,"enchantinginfuser:enchanting_infuser":1,"minecraft:sugar":1,"minecraft:diamond":26,"minecraft:spruce_boat":1,"minecraft:netherrack":1898,"minecraft:crossbow":2,"minecraft:granite":29,"minecraft:bone_meal":1,"minecraft:golden_apple":4,"biomesoplenty:flesh":32,"minecraft:emerald":22,"minecraft:bread":3,"minecraft:clay_ball":92,"alexsmobs:maggot":2,"epicsamurai:ruby":25,"minecraft:oak_sapling":3,"minecraft:dark_oak_fence":5,"minecraft:crimson_roots":5,"croptopia:toast":60,"minecraft:charcoal":4,"minecraft:crafting_table":7,"minecraft:allium":1,"minecraft:nether_wart":74,"croptopia:peach":15,"minecraft:golden_pickaxe":2,"minecraft:leather_leggings":5,"minecraft:brown_mushroom":9,"minecraft:gold_block":37,"minecraft:chain":3,"minecraft:shield":4,"minecraft:cornflower":1,"minecraft:netherite_scrap":2,"minecraft:iron_axe":7,"artifacts:feral_claws":1,"epicsamurai:jade":27,"croptopia:bellpepper_seed":1,"minecraft:blackstone":34,"graveyard:corruption":14,"graveyard:small_black_urn":1,"minecraft:candle":7,"epicsamurai:akaname_tongue":5,"minecraft:beef":12,"minecraft:iron_nugget":6,"minecraft:poppy":2,"minecraft:quartz_stairs":16,"minecraft:chest":4,"mininggadgets:mininggadget":1,"sons_of_sins:sickle_of_struggle":1,"tombstone:ankh_of_pray":1,"minecraft:raw_iron":182,"minecraft:polished_deepslate_slab":5,"minecraft:raw_gold_block":24,"sophisticatedbackpacks:backpack":1,"minecraft:note_block":7,"minecraft:polished_blackstone_bricks":9,"farmersdelight:tomato_seeds":6,"minecraft:quartz_pillar":16,"minecraft:carrot":2,"minecraft:redstone":208,"alexsmobs:crocodile_scute":2,"minecraft:dark_oak_planks":33,"minecraft:tnt":4,"minecraft:arrow":94,"minecraft:beetroot_seeds":1,"minecraft:pumpkin_pie":2,"minecraft:nether_bricks":14,"minecraft:deepslate_bricks":1,"minecraft:hay_block":30,"minecraft:cracked_deepslate_bricks":1,"minecraft:saddle":1,"minecraft:gold_ingot":2,"minecraft:mutton":17,"minecraft:rail":2,"minecraft:skeleton_skull":3,"minecraft:white_wool":3,"minecraft:stripped_oak_log":1,"minecraft:basalt":2,"minecraft:glow_ink_sac":7,"minecraft:leather":5,"croptopia:glowing_calamari":1,"minecraft:mushroom_stew":5,"minecraft:ancient_debris":7,"minecraft:oak_log":1,"minecraft:cobblestone_wall":2,"minecraft:yellow_bed":7,"minecraft:nether_wart_block":5,"minecraft:cobbled_deepslate_stairs":2,"minecraft:gunpowder":6,"minecraft:deepslate_tile_slab":18,"minecraft:paper":13,"tombstone:gift":2,"epicsamurai:oni_horn":2,"epicpaladins:arclight_pickaxe":1,"minecraft:stone_bricks":96,"minecraft:apple":16,"minecraft:gray_carpet":4,"upgrade_aquatic:river_boat":4,"minecraft:warped_stem":19,"minecraft:iron_ingot":7,"minecraft:waxed_weathered_cut_copper_stairs":1,"minecraft:cobweb":20,"artifacts:steadfast_spikes":1,"minecraft:glass_bottle":2,"epicsamurai:aquamarine":3,"minecraft:polished_andesite_slab":7,"minecraft:iron_sword":2,"minecraft:soul_sand":11,"minecraft:book":192,"epicsamurai:onyx":12,"minecraft:polished_andesite_stairs":5,"minecraft:smooth_basalt":5,"minecraft:emerald_block":12,"croptopia:apricot":1,"minecraft:pumpkin":2,"croptopia:starfruit":1,"minecraft:stone_brick_slab":2,"minecraft:quartz":80,"minecraft:dandelion":8,"minecraft:raw_iron_block":2,"minecraft:gravel":71,"minecraft:amethyst_shard":8,"minecraft:red_banner":1,"minecraft:spruce_sapling":20,"minecraft:blast_furnace":2,"minecraft:waxed_exposed_cut_copper_stairs":1,"minecraft:spruce_log":70,"minecraft:spider_eye":11,"alexsmobs:raw_catfish":1,"minecraft:purple_bed":3,"minecraft:stone_axe":2,"croptopia:orange":8,"minecraft:iron_helmet":5,"tombstone:magic_scroll":4,"minecraft:stripped_dark_oak_log":11,"minecraft:coal":247,"minecraft:ender_pearl":1}},"DataVersion":3465}