{"stats":{"minecraft:custom":{"minecraft:interact_with_crafting_table":217,"minecraft:open_barrel":135,"goblintraders:trade_with_goblin":163,"minecraft:bell_ring":10,"minecraft:eat_cake_slice":12,"minecraft:leave_game":35,"minecraft:time_since_death":1313614,"minecraft:damage_blocked_by_shield":3430,"minecraft:play_time":2013359,"minecraft:deaths":4,"minecraft:jump":28189,"minecraft:enchant_item":44,"minecraft:interact_with_furnace":129,"minecraft:traded_with_villager":14,"minecraft:interact_with_cartography_table":1,"minecraft:sleep_in_bed":14,"minecraft:waystone_activated":16,"minecraft:damage_dealt":164653,"tombstone:use_disenchantment":1,"tombstone:undead_killed":509,"minecraft:interact_with_smoker":61,"minecraft:inspect_dispenser":1,"minecraft:interact_with_smithing_table":17,"minecraft:interact_with_anvil":18,"minecraft:damage_dealt_absorbed":80,"minecraft:sneak_time":41622,"minecraft:interact_with_lectern":1,"minecraft:interact_with_blast_furnace":69,"minecraft:total_world_time":2013359,"tombstone:raider_killed":197,"minecraft:tune_noteblock":3,"tombstone:pray_on_grave":5,"minecraft:time_since_rest":234040,"minecraft:swim_one_cm":490460,"minecraft:fly_one_cm":5783101,"minecraft:open_chest":1911,"minecraft:fall_one_cm":540356,"minecraft:sprint_one_cm":5154015,"minecraft:drop":362,"minecraft:play_noteblock":10,"minecraft:talked_to_villager":91,"minecraft:interact_with_brewingstand":3,"minecraft:walk_on_water_one_cm":319639,"twilightforest:uncrafting_table_interactions":12,"minecraft:interact_with_loom":1,"minecraft:open_enderchest":1,"minecraft:crouch_one_cm":119645,"minecraft:mob_kills":1170,"minecraft:damage_dealt_resisted":530,"minecraft:climb_one_cm":53133,"minecraft:walk_one_cm":7456556,"tombstone:consume_soul":1,"minecraft:raid_win":1,"minecraft:walk_under_water_one_cm":226170,"minecraft:boat_one_cm":20,"minecraft:raid_trigger":2,"minecraft:interact_with_grindstone":1,"minecraft:damage_taken":17540,"minecraft:damage_absorbed":242,"minecraft:trigger_trapped_chest":1},"minecraft:mined":{"graveyard:small_black_urn":1,"graveyard:gray_urn":1,"epicpaladins:cryorium_ore":16,"minecraft:jungle_leaves":1,"croptopia:mustard_crop":1,"minecraft:obsidian":7,"minecraft:granite":59,"minecraft:chiseled_polished_blackstone":1,"epicsamurai:silver_ore":2,"biomesoplenty:eyebulb":1,"minecraft:deepslate_bricks":1,"minecraft:nether_wart":28,"minecraft:spawner":33,"graveyard:wither_skull_with_rib_cage":1,"minecraft:polished_blackstone_bricks":28,"minecraft:tall_seagrass":5,"epicpaladins:moonlight_ore":17,"epicsamurai:deepslate_jade_ore":61,"minecraft:magma_block":4,"minecraft:cobbled_deepslate":41,"minecraft:fire":10,"minecraft:barrel":2,"minecraft:pumpkin":2,"minecraft:deepslate_lapis_ore":47,"minecraft:enchanting_table":4,"minecraft:potted_dandelion":1,"minecraft:polished_deepslate_slab":14,"minecraft:water_cauldron":1,"biomesoplenty:webbing":2,"minecraft:deepslate_brick_stairs":3,"minecraft:player_head":1,"create:limestone":4,"minecraft:tripwire":1,"minecraft:brown_mushroom":10,"minecraft:kelp_plant":14,"minecraft:smoker":1,"minecraft:deepslate_tile_slab":6,"minecraft:torch":27,"minecraft:note_block":8,"minecraft:blast_furnace":2,"minecraft:melon":6,"minecraft:sugar_cane":32,"minecraft:amethyst_block":7,"graveyard:wither_skeleton_hand":1,"minecraft:wheat":267,"minecraft:stone_brick_stairs":10,"minecraft:grass":141,"minecraft:smooth_quartz":27,"minecraft:waxed_exposed_cut_copper_stairs":2,"minecraft:smooth_basalt":5,"epicpaladins:arclight_ore":27,"minecraft:deepslate":3473,"biomesoplenty:reed":10,"create:zinc_ore":32,"biomesoplenty:orange_autumn_leaves":2,"minecraft:deepslate_tiles":6,"biomesoplenty:watergrass":50,"croptopia:orange_crop":7,"minecraft:mossy_cobblestone":1,"epicsamurai:deepslate_onyx_ore":12,"farmersdelight:wild_carrots":1,"minecraft:cobbled_deepslate_slab":10,"minecraft:nether_bricks":36,"minecraft:potted_bamboo":1,"minecraft:moss_block":1,"minecraft:kelp":2,"epicpaladins:deepslate_arclight_ore":86,"minecraft:redstone_ore":4,"minecraft:andesite":42,"biomesoplenty:flesh":75,"croptopia:peach_crop":16,"minecraft:mossy_stone_brick_stairs":10,"minecraft:potatoes":82,"biomesoplenty:high_grass":1,"minecraft:vine":4,"minecraft:rail":4,"minecraft:warped_stem":19,"biomesoplenty:barley":3,"upgrade_aquatic:river_planks":3,"minecraft:white_wool":23,"minecraft:cake":1,"minecraft:ender_chest":1,"minecraft:smithing_table":1,"minecraft:waxed_weathered_cut_copper_stairs":2,"epicsamurai:jade_ore":3,"minecraft:soul_sand":11,"minecraft:stone_brick_slab":6,"minecraft:dandelion":31,"minecraft:emerald_ore":1,"minecraft:campfire":2,"biomesoplenty:high_grass_plant":4,"minecraft:copper_ore":50,"minecraft:tall_grass":21,"minecraft:deepslate_gold_ore":36,"minecraft:diorite":98,"minecraft:warped_wart_block":10,"minecraft:purple_bed":3,"graveyard:vase_block":3,"minecraft:cobblestone_wall":4,"minecraft:spruce_log":51,"minecraft:birch_leaves":7,"minecraft:quartz_pillar":16,"minecraft:mycelium":2,"minecraft:gravel":238,"twilightforest:moss_patch":1,"biomesoplenty:stringy_cobweb":1,"minecraft:cobweb":116,"minecraft:stone_bricks":2,"minecraft:gold_ore":2,"minecraft:fern":6,"croptopia:bellpepper_crop":1,"create:deepslate_zinc_ore":18,"minecraft:spruce_planks":4,"farmersdelight:rich_soil":3,"minecraft:mossy_stone_brick_slab":2,"minecraft:sculk_vein":110,"minecraft:budding_amethyst":2,"minecraft:grass_block":321,"minecraft:cracked_polished_blackstone_bricks":12,"minecraft:raw_iron_block":2,"minecraft:glowstone":36,"minecraft:sculk_catalyst":2,"minecraft:iron_ore":191,"graveyard:leaning_wither_skeleton":1,"minecraft:anvil":1,"minecraft:red_tulip":1,"minecraft:iron_bars":7,"epicsamurai:deepslate_silver_ore":70,"upgrade_aquatic:pickerelweed":2,"minecraft:deepslate_redstone_ore":214,"minecraft:quartz_block":1,"minecraft:blackstone":217,"minecraft:polished_deepslate_stairs":9,"minecraft:clay":25,"minecraft:calcite":3,"minecraft:poppy":5,"minecraft:chest":2,"minecraft:nether_quartz_ore":680,"minecraft:cobblestone":99,"minecraft:slime_block":2,"graveyard:lying_skeleton":1,"minecraft:oak_planks":1,"minecraft:wall_torch":35,"minecraft:deepslate_copper_ore":2,"minecraft:seagrass":8,"minecraft:warped_nylium":2,"epicsamurai:aquamarine_ore":24,"minecraft:waxed_oxidized_cut_copper_stairs":2,"epicpaladins:deepslate_cryorium_ore":106,"biomesoplenty:maple_leaves":2,"minecraft:tnt":1,"biomesoplenty:fir_log":139,"croptopia:chile_pepper_crop":2,"croptopia:apricot_crop":1,"graveyard:creeper_skeleton":1,"minecraft:oak_log":39,"minecraft:acacia_fence":1,"minecraft:sand":34,"minecraft:dirt":149,"biomesoplenty:fir_sapling":1,"minecraft:netherrack":17870,"minecraft:ancient_debris":39,"create:crimsite":3,"minecraft:oak_leaves":40,"minecraft:emerald_block":12,"minecraft:nether_gold_ore":107,"minecraft:diamond_ore":17,"minecraft:crying_obsidian":1,"minecraft:tuff":291,"minecraft:quartz_stairs":16,"upgrade_aquatic:river_log":44,"minecraft:dark_oak_leaves":4,"minecraft:deepslate_diamond_ore":161,"enchantinginfuser:enchanting_infuser":1,"minecraft:glow_lichen":1,"biomesoplenty:bush":1,"epicsamurai:deepslate_ruby_ore":39,"minecraft:weathered_copper":1,"farmersdelight:tomatoes":6,"minecraft:spruce_leaves":13,"minecraft:large_fern":7,"minecraft:hay_block":109,"epicsamurai:onyx_ore":8,"minecraft:deepslate_brick_slab":5,"minecraft:furnace":1,"minecraft:carrots":77,"minecraft:raw_gold_block":24,"biomesoplenty:toadstool":1,"minecraft:polished_basalt":4,"minecraft:chiseled_deepslate":2,"minecraft:gold_block":41,"minecraft:bookshelf":84,"minecraft:deepslate_iron_ore":229,"upgrade_aquatic:tall_pickerelweed":35,"minecraft:stripped_oak_log":1,"minecraft:stone":1019,"minecraft:acacia_leaves":1,"epicpaladins:deepslate_bloodstone_ore":124,"minecraft:stripped_dark_oak_log":10,"minecraft:basalt":4,"epicsamurai:deepslate_aquamarine_ore":34,"minecraft:crafting_table":7,"minecraft:sculk_sensor":32,"minecraft:lapis_ore":12,"minecraft:polished_blackstone_brick_stairs":2,"minecraft:sculk":1749,"minecraft:spruce_stairs":1,"minecraft:yellow_bed":4,"minecraft:coal_ore":477,"biomesoplenty:fir_leaves":3,"graveyard:leaning_skeleton":1,"minecraft:cyan_carpet":1,"minecraft:gray_carpet":1,"minecraft:cracked_stone_bricks":3,"minecraft:mossy_stone_bricks":6,"epicsamurai:ruby_ore":6,"paraglider:goddess_statue":1},"minecraft:killed":{"minecraft:cave_spider":12,"twilightforest:lich_minion":2,"minecraft:skeleton":218,"graveyard:acolyte":25,"alexsmobs:laviathan":1,"alexsmobs:centipede_head":3,"minecraft:magma_cube":8,"minecraft:pillager":129,"minecraft:zombie":233,"minecraft:cow":2,"graveyard:nightmare":3,"minecraft:vindicator":25,"creeperoverhaul:snowy_creeper":1,"epicsamurai:oni":1,"twilightforest:death_tome":3,"twilightforest:tiny_bird":1,"twilightforest:quest_ram":1,"minecraft:husk":2,"graveyard:ghoul":10,"epicsamurai:akaname":12,"twilightforest:kobold":51,"twilightforest:redcap_sapper":3,"alexsmobs:crocodile":3,"minecraft:enderman":8,"minecraft:witch":15,"graveyard:skeleton_creeper":6,"minecraft:spider":50,"minecraft:piglin_brute":1,"artifacts:mimic":3,"epicsamurai:enenra":2,"twilightforest:slime_beetle":13,"minecraft:piglin":10,"alexsmobs:grizzly_bear":1,"epicsamurai:jorogumo":2,"minecraft:creeper":37,"twilightforest:skeleton_druid":6,"alexsmobs:crimson_mosquito":15,"twilightforest:mist_wolf":1,"minecraft:sheep":3,"twilightforest:redcap":38,"minecraft:stray":6,"minecraft:ghast":8,"alexsmobs:fly":1,"minecraft:blaze":9,"minecraft:phantom":1,"twilightforest:fire_beetle":5,"twilightforest:swarm_spider":102,"twilightforest:hedge_spider":2,"minecraft:drowned":9,"alexsmobs:skreecher":1,"minecraft:bat":5,"sons_of_sins:betrayed_guzzler":17,"minecraft:wither_skeleton":16},"minecraft:crafted":{"epicpaladins:arclight_sword":1,"epicsamurai:steel_ninja_chestplate":1,"minecraft:blaze_powder":2,"ironfurnaces:iron_furnace":1,"croptopia:toast":187,"sophisticatedbackpacks:anvil_upgrade":1,"sophisticatedbackpacks:crafting_upgrade":1,"upgrade_aquatic:glass_door":3,"minecraft:bookshelf":45,"ironfurnaces:diamond_furnace":1,"minecraft:cooked_mutton":2,"sophisticatedbackpacks:smelting_upgrade":1,"minecraft:quartz_block":192,"minecraft:glass":10,"minecraft:diamond_helmet":2,"minecraft:netherite_boots":1,"sophisticatedbackpacks:copper_backpack":1,"sophisticatedbackpacks:tank_upgrade":1,"epicpaladins:bloodstone_block":23,"minecraft:magenta_dye":1,"epicpaladins:cryorium_block":23,"epicpaladins:steel_ingot":89,"minecraft:emerald":163,"enchantinginfuser:enchanting_infuser":1,"epicsamurai:jade_block":12,"minecraft:raw_gold_block":10,"minecraft:spruce_door":3,"minecraft:copper_ingot":45,"minecraft:sticky_piston":1,"minecraft:campfire":2,"tombstone:white_marble":11,"minecraft:iron_pickaxe":5,"minecraft:iron_block":53,"minecraft:gold_ingot":337,"minecraft:netherite_ingot":9,"sophisticatedbackpacks:netherite_backpack":1,"epicsamurai:oni_mask":1,"minecraft:golden_carrot":66,"tombstone:book_of_disenchantment":1,"sophisticatedbackpacks:stack_upgrade_tier_3":1,"sophisticatedbackpacks:stack_upgrade_tier_1":1,"minecraft:bone_meal":12,"sophisticatedbackpacks:advanced_pump_upgrade":1,"ironfurnaces:emerald_furnace":1,"epicpaladins:jade_pickaxe":1,"minecraft:stone_pickaxe":1,"twilightforest:canopy_planks":52,"minecraft:spruce_boat":1,"minecraft:redstone_block":38,"minecraft:dark_oak_planks":12,"minecraft:lead":2,"minecraft:wheat":270,"securitycraft:portable_radar":1,"minecraft:crossbow":5,"minecraft:netherite_pickaxe":1,"epicsamurai:aquamarine_block":7,"upgrade_aquatic:river_planks":172,"sophisticatedbackpacks:gold_backpack":2,"epicpaladins:cryorium_axe":1,"epicsamurai:steel_ninja_boots":1,"epicsamurai:cloth":16,"minecraft:glowstone":33,"minecraft:enchanted_book":9,"securitycraft:remote_access_sentry":1,"minecraft:wooden_axe":1,"minecraft:iron_shovel":3,"minecraft:iron_leggings":2,"minecraft:brick":64,"minecraft:oak_planks":20,"minecraft:stone":85,"epicpaladins:arclight_pickaxe":1,"tombstone:decorative_tombstone":1,"minecraft:warped_planks":76,"minecraft:bow":8,"minecraft:iron_boots":5,"minecraft:raw_copper":63,"minecraft:chest":50,"minecraft:netherite_helmet":1,"minecraft:netherite_upgrade_smithing_template":16,"minecraft:bricks":11,"minecraft:ender_eye":2,"minecraft:smoker":1,"epicpaladins:arclight_hoe":1,"farmersdelight:stove":2,"sophisticatedbackpacks:backpack":2,"minecraft:crafting_table":8,"minecraft:spruce_planks":220,"minecraft:wooden_pickaxe":1,"minecraft:iron_helmet":2,"tombstone:decorative_grave_simple":2,"ironfurnaces:obsidian_furnace":1,"minecraft:gold_block":41,"minecraft:brewing_stand":1,"sons_of_sins:sickle_of_struggle":1,"sophisticatedbackpacks:upgrade_base":6,"minecraft:yellow_stained_glass":8,"biomesoplenty:fir_planks":256,"minecraft:dispenser":1,"epicpaladins:moonlight_pickaxe":1,"sophisticatedbackpacks:xp_pump_upgrade":1,"twilightforest:ironwood_pickaxe":1,"minecraft:iron_chestplate":2,"minecraft:yellow_dye":1,"minecraft:diamond_pickaxe":2,"minecraft:charcoal":4,"minecraft:shield":2,"sophisticatedbackpacks:diamond_backpack":1,"minecraft:stick":84,"minecraft:iron_ingot":744,"minecraft:stone_sword":1,"minecraft:redstone_torch":2,"epicsamurai:ninja_leggings":1,"upgrade_aquatic:river_door":3,"minecraft:wooden_sword":1,"minecraft:coal":2,"minecraft:raw_iron":18,"ironfurnaces:gold_furnace":1,"epicsamurai:straw_hat":1,"minecraft:furnace":7,"minecraft:piston":2,"minecraft:diamond_block":1,"minecraft:flint_and_steel":1,"minecraft:netherite_chestplate":1,"minecraft:netherite_leggings":1,"epicpaladins:arclight_block":25,"minecraft:iron_axe":3,"minecraft:slime_ball":9,"sophisticatedbackpacks:stack_upgrade_tier_2":1,"minecraft:netherite_scrap":38,"sophisticatedbackpacks:iron_backpack":2,"minecraft:cooked_beef":15,"paraglider:paraglider":1,"tombstone:ankh_of_pray":1,"upgrade_aquatic:river_boat":1,"minecraft:bucket":4,"minecraft:air":0,"minecraft:bread":340,"sophisticatedbackpacks:pump_upgrade":1,"morevanillaarmor:lapis_helmet":1,"minecraft:white_wool":16,"minecraft:gold_nugget":594,"minecraft:raw_gold":216,"epicpaladins:bloodstone_pickaxe":6,"minecraft:anvil":2,"minecraft:torch":32,"minecraft:lapis_block":86,"epicsamurai:mask_straw_hat":1},"minecraft:used":{"upgrade_aquatic:river_planks":31,"minecraft:moss_block":1,"croptopia:calamari":1,"minecraft:poppy":6,"minecraft:chest":48,"minecraft:stone":1,"minecraft:rotten_flesh":40,"minecraft:soul_sand":9,"epicpaladins:arclight_sword":2575,"minecraft:spruce_boat":1,"minecraft:lava_bucket":10,"croptopia:rutabaga_seed":3,"minecraft:stone_brick_stairs":1,"croptopia:peach":15,"minecraft:bow":404,"minecraft:oak_sapling":3,"minecraft:furnace":5,"minecraft:acacia_fence":1,"minecraft:potato":163,"biomesoplenty:flesh":11,"minecraft:mossy_stone_bricks":2,"minecraft:diorite":34,"minecraft:spruce_door":1,"upgrade_aquatic:mulberry":6,"minecraft:blackstone":14,"twilightforest:uncrafting_table":1,"minecraft:wooden_pickaxe":58,"biomesoplenty:flowering_oak_sapling":2,"minecraft:golden_apple":6,"minecraft:glow_berries":17,"minecraft:blast_furnace":2,"croptopia:orange":5,"twilightforest:ironwood_pickaxe":1,"upgrade_aquatic:river_sapling":7,"minecraft:cyan_carpet":1,"minecraft:nether_wart_block":5,"minecraft:wooden_sword":20,"sons_of_sins:flesh_of_demise":6,"minecraft:smithing_table":1,"create:limestone":4,"minecraft:enchanting_table":3,"minecraft:stone_sword":61,"minecraft:armor_stand":3,"croptopia:starfruit":1,"minecraft:stripped_warped_stem":5,"minecraft:netherrack":816,"minecraft:torch":144,"minecraft:brewing_stand":1,"minecraft:warped_wart_block":9,"minecraft:anvil":1,"croptopia:chile_pepper":2,"tombstone:decorative_tombstone":1,"tombstone:ankh_of_pray":34,"minecraft:iron_axe":335,"minecraft:basalt":2,"minecraft:beef":8,"farmersdelight:tomato_seeds":12,"tombstone:gift":13,"graveyard:small_black_urn":1,"croptopia:raspberry_seed":7,"minecraft:cobbled_deepslate":559,"minecraft:wheat_seeds":374,"upgrade_aquatic:glass_door":3,"alexsmobs:cooked_catfish":1,"minecraft:water_bucket":53,"minecraft:cauldron":1,"minecraft:polished_blackstone_bricks":4,"minecraft:crafting_table":13,"blue_skies:pine_fruit_seeds":6,"blue_skies:pine_fruit":1,"epicpaladins:arclight_pickaxe":1512,"minecraft:diamond_pickaxe":9465,"minecraft:iron_pickaxe":247,"tombstone:magic_scroll":1,"enchantinginfuser:enchanting_infuser":1,"minecraft:cobblestone":341,"minecraft:potion":2,"minecraft:purple_bed":3,"minecraft:cooked_porkchop":4,"minecraft:dandelion":8,"epicpaladins:bloodstone_pickaxe":1963,"minecraft:iron_shovel":419,"alexsmobs:small_catfish_bucket":1,"minecraft:polished_basalt":2,"farmersdelight:stove":2,"minecraft:shield":121,"minecraft:iron_sword":127,"minecraft:nether_wart":16,"minecraft:mossy_stone_brick_slab":1,"minecraft:player_head":1,"croptopia:cabbage_seed":1,"paraglider:goddess_statue":1,"minecraft:mutton":12,"minecraft:nether_bricks":20,"minecraft:carrot":139,"minecraft:tuff":49,"minecraft:milk_bucket":2,"minecraft:obsidian":11,"tombstone:decorative_grave_simple":2,"graveyard:gray_urn":1,"minecraft:lantern":3,"ironfurnaces:obsidian_furnace":1,"biomesoplenty:fir_sapling":6,"minecraft:iron_helmet":1,"minecraft:stone_bricks":18,"epicpaladins:arclight_hoe":2267,"minecraft:written_book":2,"minecraft:skeleton_skull":2,"croptopia:sweetpotato_seed":3,"minecraft:chiseled_polished_blackstone":1,"croptopia:elderberry_seed":2,"minecraft:stone_pickaxe":74,"minecraft:gray_carpet":5,"minecraft:ender_pearl":1,"minecraft:sugar_cane":23,"epicpaladins:cryorium_axe":86,"minecraft:white_wool":53,"minecraft:mushroom_stew":1,"epicpaladins:moonlight_pickaxe":48,"upgrade_aquatic:pickerelweed":1,"waystones:waystone":1,"minecraft:string":1,"minecraft:bread":68,"tombstone:grave_key":3,"minecraft:gravel":62,"croptopia:toast":213,"minecraft:andesite":3,"croptopia:pineapple_seed":5,"minecraft:experience_bottle":2,"minecraft:flint_and_steel":1,"twilightforest:torchberries":7,"minecraft:spruce_planks":6,"minecraft:cooked_chicken":2,"minecraft:dirt":205,"upgrade_aquatic:river_door":3,"minecraft:cobblestone_wall":1,"minecraft:granite":1,"minecraft:spruce_fence":4,"minecraft:wooden_axe":75,"minecraft:bookshelf":56,"epicpaladins:jade_pickaxe":1570,"croptopia:persimmon":1,"minecraft:golden_carrot":6,"minecraft:netherite_pickaxe":11867,"minecraft:cooked_beef":4,"upgrade_aquatic:river_boat":2,"minecraft:cooked_mutton":2,"tombstone:scroll_of_knowledge":1,"farmersdelight:skillet":1,"croptopia:zucchini_seed":1,"minecraft:baked_potato":63,"croptopia:apricot":1,"croptopia:turnip_seed":3,"croptopia:corn_seed":3,"farmersdelight:onion":3,"minecraft:stripped_dark_oak_log":5,"twilightforest:magic_map":1,"twilightforest:canopy_log":1,"minecraft:painting":2,"minecraft:smoker":2,"tombstone:bag_of_seeds":3,"minecraft:apple":6,"minecraft:white_banner":3,"minecraft:bucket":68,"minecraft:pumpkin_pie":8,"minecraft:yellow_bed":1,"minecraft:wither_rose":1,"create:hand_crank":1},"minecraft:dropped":{"minecraft:iron_sword":1,"minecraft:lapis_lazuli":68,"minecraft:glass_bottle":3,"minecraft:diamond":4,"blue_skies:pine_fruit":1,"twilightforest:fortification_scepter":1,"minecraft:cracked_stone_bricks":2,"minecraft:mossy_stone_brick_stairs":4,"minecraft:rail":2,"minecraft:leather_helmet":1,"sophisticatedbackpacks:gold_backpack":1,"minecraft:emerald":14,"minecraft:dirt":22,"minecraft:dark_oak_fence":5,"alexsmobs:flying_fish":1,"minecraft:chain":4,"minecraft:wooden_sword":1,"minecraft:bone_meal":5,"create:goggles":1,"minecraft:iron_pickaxe":2,"epicpaladins:bloodstone_axe":1,"minecraft:white_wool":1,"minecraft:bone":17,"biomesoplenty:toadstool":1,"minecraft:note_block":1,"minecraft:stone_axe":2,"minecraft:ancient_debris":1,"croptopia:toast":22,"minecraft:polished_andesite_slab":6,"minecraft:iron_nugget":3,"minecraft:cobbled_deepslate":425,"minecraft:wheat":1,"minecraft:stripped_dark_oak_log":5,"minecraft:rotten_flesh":24,"alexsmobs:blood_sac":1,"minecraft:skull_banner_pattern":3,"minecraft:leather_boots":4,"farmersdelight:rope":1,"minecraft:leather_leggings":5,"mininggadgets:mininggadget":1,"twilightforest:magic_map":1,"minecraft:warped_wart_block":1,"minecraft:stone_brick_stairs":3,"minecraft:enchanted_book":1,"minecraft:iron_ingot":64,"minecraft:wheat_seeds":6,"minecraft:cobblestone":20,"minecraft:iron_helmet":2,"croptopia:orange":2,"epicpaladins:bloodstone_pickaxe":4,"minecraft:apple":2,"minecraft:deepslate_tile_slab":12,"graveyard:bone_dagger":1,"minecraft:coal":4,"minecraft:golden_apple":1,"minecraft:polished_andesite":2,"upgrade_aquatic:river_boat":2,"create:andesite_casing":1,"minecraft:cobweb":22,"minecraft:golden_carrot":64,"minecraft:wooden_axe":3,"minecraft:paper":13,"minecraft:chainmail_leggings":1,"minecraft:string":41,"create:raw_zinc":1,"artifacts:digging_claws":1,"minecraft:stone_brick_slab":4,"croptopia:date":3,"minecraft:netherite_ingot":2,"minecraft:stone_sword":3,"minecraft:cobblestone_wall":4,"minecraft:polished_deepslate_stairs":3,"minecraft:potato":1,"minecraft:diamond_pickaxe":1,"minecraft:yellow_bed":3,"minecraft:spider_eye":2,"minecraft:barrel":2,"minecraft:stone_bricks":49,"sophisticatedbackpacks:copper_backpack":1,"minecraft:bow":6,"minecraft:magenta_dye":1,"minecraft:moss_block":10,"minecraft:candle":5,"minecraft:brown_mushroom":1,"minecraft:oak_log":1,"minecraft:golden_pickaxe":2,"upgrade_aquatic:pickerelweed":33,"minecraft:netherite_upgrade_smithing_template":5,"minecraft:leather":4,"twilightforest:ore_magnet":1,"paraglider:spirit_orb":4,"minecraft:flint":6,"artifacts:night_vision_goggles":1,"minecraft:dark_oak_log":2,"minecraft:netherite_scrap":5,"minecraft:mutton":3,"minecraft:pumpkin_pie":3,"minecraft:amethyst_shard":7,"create:iron_sheet":3,"minecraft:gravel":25,"croptopia:corn":1,"croptopia:bellpepper":1,"minecraft:mossy_stone_brick_slab":2,"minecraft:leather_chestplate":4,"minecraft:chest":3,"epicpaladins:arclight_pickaxe":1,"minecraft:arrow":12,"biomesoplenty:flesh":4,"minecraft:netherrack":1046,"minecraft:water_bucket":1,"minecraft:bread":23,"minecraft:bookshelf":10,"twilightforest:filled_magic_map":1,"minecraft:diamond_leggings":1,"minecraft:golden_axe":2,"minecraft:lead":2,"tombstone:ankh_of_pray":1,"minecraft:stick":5,"tombstone:magic_scroll":2,"minecraft:torch":2,"minecraft:iron_leggings":2,"minecraft:polished_andesite_stairs":8,"minecraft:iron_axe":5,"epicpaladins:arclight_gem":3,"minecraft:redstone_block":13,"croptopia:glowing_calamari":1,"minecraft:redstone":1,"minecraft:kelp":23,"minecraft:nether_wart":14,"minecraft:raw_copper":31,"minecraft:tuff":20,"minecraft:raw_iron":1,"epicpaladins:bloodstone_gem":15,"minecraft:shield":3,"minecraft:iron_chestplate":1,"minecraft:andesite":5,"minecraft:mossy_stone_bricks":3,"minecraft:oak_sapling":1,"minecraft:golden_sword":2,"minecraft:spruce_log":2,"minecraft:stone_pickaxe":1,"tombstone:book_of_magic_impregnation":1,"create:empty_blaze_burner":9},"minecraft:picked_up":{"minecraft:wooden_axe":4,"minecraft:iron_chestplate":3,"minecraft:flower_pot":2,"minecraft:anvil":1,"minecraft:smithing_table":1,"minecraft:lead":3,"minecraft:enchanted_book":8,"croptopia:calamari":1,"minecraft:golden_sword":2,"minecraft:amethyst_block":7,"minecraft:polished_blackstone_brick_stairs":2,"paraglider:goddess_statue":1,"minecraft:string":536,"create:limestone":4,"upgrade_aquatic:river_sapling":17,"minecraft:diamond_leggings":2,"upgrade_aquatic:river_log":43,"minecraft:gold_nugget":1149,"minecraft:cobbled_deepslate":2967,"minecraft:spruce_planks":9,"minecraft:written_book":2,"minecraft:netherite_upgrade_smithing_template":3,"croptopia:mustard_seed":2,"minecraft:melon_slice":27,"upgrade_aquatic:mulberry":6,"create:andesite_casing":1,"minecraft:golden_axe":3,"epicpaladins:moonlight_gem":12,"alexsmobs:centipede_leg":5,"minecraft:cauldron":1,"croptopia:persimmon":1,"minecraft:stone_sword":4,"croptopia:raspberry_seed":4,"minecraft:polished_basalt":2,"farmersdelight:rope":1,"minecraft:bookshelf":21,"minecraft:blaze_rod":2,"minecraft:iron_bars":5,"alexsmobs:flying_fish":1,"minecraft:magma_block":1,"minecraft:feather":5,"minecraft:water_bucket":1,"twilightforest:ironwood_pickaxe":2,"minecraft:smoker":1,"biomesoplenty:fir_sapling":32,"biomesoplenty:fir_log":135,"minecraft:flint":71,"farmersdelight:tomato":36,"twilightforest:canopy_sapling":6,"epicpaladins:bloodstone_axe":1,"blue_skies:pine_fruit":5,"croptopia:bellpepper":1,"create:goggles":2,"minecraft:glowstone_dust":149,"minecraft:moss_block":4,"epicsamurai:raw_silver":163,"twilightforest:fortification_scepter":1,"minecraft:chiseled_polished_blackstone":1,"minecraft:warped_wart_block":10,"twilightforest:canopy_log":14,"epicpaladins:arclight_sword":2,"minecraft:ink_sac":2,"minecraft:dark_oak_log":2,"minecraft:barrel":4,"croptopia:chile_pepper":2,"minecraft:bundle":9,"minecraft:polished_andesite":2,"enchantinginfuser:enchanting_infuser":1,"minecraft:granite":51,"minecraft:bread":3,"alexsmobs:maggot":2,"epicsamurai:ruby":82,"minecraft:dark_oak_fence":5,"minecraft:crimson_roots":5,"minecraft:diamond_pickaxe":1,"croptopia:toast":88,"minecraft:crafting_table":7,"minecraft:nether_wart":101,"minecraft:clay_ball":92,"minecraft:golden_pickaxe":2,"minecraft:leather_leggings":6,"minecraft:cornflower":1,"alexsmobs:cooked_catfish":1,"minecraft:netherite_scrap":2,"epicsamurai:jade":129,"minecraft:iron_shovel":1,"minecraft:cracked_stone_bricks":3,"graveyard:small_black_urn":1,"minecraft:beef":12,"minecraft:poppy":8,"minecraft:iron_nugget":6,"minecraft:quartz_stairs":16,"minecraft:chest":5,"mininggadgets:mininggadget":1,"sons_of_sins:sickle_of_struggle":2,"minecraft:egg":1,"minecraft:polished_deepslate_slab":12,"croptopia:corn_seed":5,"minecraft:raw_gold_block":24,"sophisticatedbackpacks:backpack":4,"minecraft:spruce_fence":4,"farmersdelight:tomato_seeds":13,"minecraft:carrot":478,"minecraft:redstone":1329,"twilightforest:firefly":1,"minecraft:tnt":4,"minecraft:diamond_chestplate":1,"minecraft:beetroot_seeds":1,"minecraft:deepslate_bricks":1,"minecraft:diamond_boots":1,"minecraft:hay_block":107,"minecraft:cracked_deepslate_bricks":1,"tombstone:essence_of_undeath":1,"minecraft:gold_ingot":2,"sophisticatedbackpacks:copper_backpack":1,"minecraft:mutton":17,"minecraft:white_wool":26,"minecraft:rail":5,"minecraft:stripped_oak_log":1,"create:iron_sheet":38,"croptopia:glowing_calamari":3,"minecraft:oak_log":38,"minecraft:ancient_debris":40,"minecraft:paper":104,"tombstone:gift":2,"minecraft:white_banner":11,"epicsamurai:oni_horn":2,"minecraft:apple":18,"minecraft:stone_bricks":97,"minecraft:kelp":87,"minecraft:warped_stem":19,"minecraft:waxed_weathered_cut_copper_stairs":1,"minecraft:cobweb":26,"tombstone:bag_of_seeds":3,"artifacts:steadfast_spikes":1,"minecraft:glass_bottle":5,"epicsamurai:aquamarine":163,"minecraft:iron_sword":2,"minecraft:polished_andesite_stairs":5,"minecraft:smooth_basalt":5,"minecraft:gravel":251,"minecraft:spruce_sapling":20,"minecraft:waxed_exposed_cut_copper_stairs":1,"minecraft:spruce_log":70,"minecraft:crying_obsidian":1,"biomesoplenty:flowering_oak_sapling":2,"minecraft:purple_bed":3,"minecraft:slime_ball":21,"minecraft:stone_axe":2,"croptopia:orange":17,"minecraft:painting":2,"minecraft:baked_potato":94,"minecraft:stripped_dark_oak_log":11,"minecraft:ender_pearl":12,"minecraft:chiseled_deepslate":4,"minecraft:wheat":1025,"minecraft:potion":3,"minecraft:stone_brick_stairs":4,"minecraft:raw_copper":510,"minecraft:iron_leggings":3,"minecraft:netherite_ingot":1,"minecraft:armor_stand":3,"epicpaladins:bloodstone_gem":313,"minecraft:experience_bottle":4,"minecraft:deepslate_tiles":5,"alexsmobs:blood_sac":8,"minecraft:bucket":3,"minecraft:calcite":3,"upgrade_aquatic:river_planks":3,"minecraft:smooth_quartz":21,"minecraft:iron_pickaxe":8,"minecraft:iron_boots":8,"minecraft:furnace":1,"minecraft:tipped_arrow":6,"minecraft:stick":60,"minecraft:acacia_fence":1,"epicpaladins:arclight_gem":286,"minecraft:polished_deepslate_stairs":8,"minecraft:torch":72,"minecraft:spruce_stairs":1,"minecraft:porkchop":2,"tombstone:grave_dust":102,"minecraft:diorite":94,"croptopia:date":4,"minecraft:quartz_block":1,"epicpaladins:cryorium_gem":299,"minecraft:rotten_flesh":445,"graveyard:gray_urn":1,"minecraft:obsidian":14,"minecraft:cobblestone":1214,"minecraft:enchanting_table":4,"minecraft:leather_chestplate":4,"minecraft:andesite":17,"epicpaladins:jade_pickaxe":1,"minecraft:potato":444,"alexsmobs:bear_fur":2,"paraglider:spirit_orb":82,"minecraft:skull_banner_pattern":1,"minecraft:tuff":292,"create:raw_zinc":118,"croptopia:walnut":2,"minecraft:wither_skeleton_skull":1,"minecraft:lapis_lazuli":955,"minecraft:dirt":508,"minecraft:name_tag":1,"minecraft:leather_boots":4,"minecraft:bone":516,"croptopia:corn":3,"croptopia:sweetpotato":1,"minecraft:bow":21,"minecraft:wheat_seeds":2698,"minecraft:deepslate_brick_slab":2,"minecraft:raw_gold":114,"minecraft:cobbled_deepslate_slab":6,"minecraft:mossy_stone_bricks":8,"minecraft:bamboo":1,"minecraft:oak_planks":1,"minecraft:mossy_stone_brick_stairs":4,"biomesoplenty:toadstool":1,"croptopia:chile_pepper_seed":4,"graveyard:bone_dagger":2,"croptopia:mustard":1,"minecraft:poisonous_potato":1,"minecraft:sand":29,"minecraft:grass_block":3,"sons_of_sins:flesh_of_demise":17,"minecraft:mossy_cobblestone":1,"artifacts:plastic_drinking_hat":1,"blue_skies:pine_fruit_seeds":3,"minecraft:sugar":2,"minecraft:diamond":467,"minecraft:slime_block":2,"minecraft:spruce_boat":1,"waystones:waystone":1,"croptopia:pineapple_seed":3,"minecraft:cracked_polished_blackstone_bricks":5,"minecraft:crossbow":11,"minecraft:bone_meal":12,"minecraft:golden_apple":4,"minecraft:emerald":230,"minecraft:oak_sapling":8,"minecraft:netherrack":7526,"twilightforest:torchberries":15,"minecraft:charcoal":4,"minecraft:allium":1,"artifacts:night_vision_goggles":1,"minecraft:chicken":2,"minecraft:ladder":1,"croptopia:peach":18,"croptopia:sweetpotato_seed":2,"minecraft:brown_mushroom":11,"biomesoplenty:flesh":46,"minecraft:gold_block":37,"twilightforest:nagastone":1,"minecraft:chain":3,"minecraft:shield":4,"minecraft:moss_carpet":1,"minecraft:iron_axe":13,"artifacts:feral_claws":1,"croptopia:bellpepper_seed":1,"twilightforest:dark_log":3,"minecraft:cyan_carpet":1,"minecraft:blackstone":105,"graveyard:corruption":56,"minecraft:candle":7,"epicsamurai:akaname_tongue":21,"upgrade_aquatic:pickerelweed":34,"minecraft:player_head":1,"minecraft:sugar_cane":63,"minecraft:phantom_membrane":1,"tombstone:ankh_of_pray":1,"minecraft:raw_iron":905,"minecraft:copper_ingot":1,"minecraft:note_block":9,"minecraft:polished_blackstone_bricks":15,"minecraft:quartz_pillar":16,"create:hand_crank":1,"alexsmobs:crocodile_scute":4,"minecraft:dark_oak_planks":33,"minecraft:arrow":658,"minecraft:pumpkin_pie":2,"minecraft:nether_bricks":34,"minecraft:saddle":1,"minecraft:skeleton_skull":3,"minecraft:basalt":11,"minecraft:glow_ink_sac":10,"minecraft:leather":16,"minecraft:mushroom_stew":5,"minecraft:cobblestone_wall":8,"minecraft:yellow_bed":7,"minecraft:nether_wart_block":5,"minecraft:cobbled_deepslate_stairs":2,"minecraft:gunpowder":95,"minecraft:deepslate_tile_slab":18,"epicpaladins:arclight_pickaxe":1,"minecraft:gray_carpet":5,"upgrade_aquatic:river_boat":4,"minecraft:iron_ingot":9,"croptopia:pineapple":2,"croptopia:raspberry":3,"minecraft:cooked_chicken":2,"minecraft:polished_andesite_slab":7,"minecraft:soul_sand":11,"minecraft:book":204,"minecraft:sculk_catalyst":1,"epicsamurai:onyx":41,"minecraft:emerald_block":12,"croptopia:apricot":1,"minecraft:pumpkin":2,"croptopia:starfruit":1,"minecraft:stone_brick_slab":6,"minecraft:quartz":1768,"minecraft:dandelion":32,"minecraft:raw_iron_block":2,"minecraft:amethyst_shard":42,"tombstone:book_of_magic_impregnation":1,"minecraft:red_banner":1,"minecraft:blast_furnace":2,"minecraft:mossy_stone_brick_slab":4,"minecraft:spider_eye":225,"alexsmobs:raw_catfish":1,"minecraft:iron_helmet":5,"tombstone:magic_scroll":17,"minecraft:coal":1216},"minecraft:broken":{"minecraft:golden_boots":2,"epicpaladins:bloodstone_pickaxe":1,"morevanillaarmor:lapis_helmet":1,"minecraft:wooden_pickaxe":1,"minecraft:iron_pickaxe":1,"minecraft:wooden_axe":1,"epicpaladins:jade_pickaxe":1}},"DataVersion":3465}