{"stats":{"minecraft:used":{"epicpaladins:bloodstone_pickaxe":2,"minecraft:water_bucket":17,"minecraft:stone_pickaxe":75,"minecraft:oak_planks":30,"minecraft:spruce_planks":57,"minecraft:wooden_pickaxe":32,"minecraft:torch":19,"minecraft:dirt":28,"minecraft:crafting_table":1,"minecraft:carrot":31,"croptopia:orange":10,"minecraft:wooden_axe":98,"minecraft:apple":7,"minecraft:iron_axe":13,"minecraft:bread":24,"minecraft:iron_pickaxe":148,"minecraft:stone_axe":47,"minecraft:cobblestone":26,"epicpaladins:bloodstone_sword":5,"minecraft:bucket":18,"alexsmobs:animal_dictionary":1,"minecraft:yellow_bed":1,"minecraft:pumpkin":1},"minecraft:broken":{"minecraft:wooden_axe":1},"minecraft:dropped":{"minecraft:wheat_seeds":4,"alexsmobs:animal_dictionary":1,"minecraft:cobblestone":3,"minecraft:wooden_axe":1,"minecraft:pumpkin":1},"minecraft:crafted":{"minecraft:oak_planks":26,"minecraft:crafting_table":1,"minecraft:spruce_planks":108,"minecraft:wooden_pickaxe":1,"minecraft:iron_helmet":1,"minecraft:stone_axe":1,"epicpaladins:bloodstone_sword":1,"minecraft:bread":35,"minecraft:air":0,"minecraft:iron_boots":1,"minecraft:iron_chestplate":1,"minecraft:iron_axe":1,"minecraft:stick":24,"minecraft:iron_ingot":41,"minecraft:stone_pickaxe":1,"minecraft:wooden_axe":2,"minecraft:gold_ingot":3,"minecraft:iron_leggings":1,"minecraft:torch":32,"minecraft:lapis_block":2,"minecraft:wheat":135},"minecraft:custom":{"minecraft:interact_with_furnace":23,"minecraft:mob_kills":7,"minecraft:interact_with_crafting_table":13,"minecraft:open_barrel":2,"goblintraders:trade_with_goblin":1,"minecraft:leave_game":1,"minecraft:time_since_death":131402,"minecraft:sleep_in_bed":1,"minecraft:climb_one_cm":5271,"minecraft:time_since_rest":89075,"minecraft:waystone_activated":1,"minecraft:sprint_one_cm":216277,"minecraft:damage_taken":1876,"minecraft:walk_one_cm":495725,"minecraft:drop":10,"minecraft:damage_dealt":1787,"minecraft:talked_to_villager":4,"minecraft:swim_one_cm":9566,"minecraft:fly_one_cm":139520,"minecraft:open_chest":16,"minecraft:play_time":131402,"minecraft:crouch_one_cm":3413,"minecraft:sneak_time":932,"tombstone:undead_killed":6,"minecraft:walk_under_water_one_cm":15689,"minecraft:jump":2110,"minecraft:walk_on_water_one_cm":17111,"minecraft:total_world_time":131402,"minecraft:fall_one_cm":49030},"minecraft:picked_up":{"sophisticatedbackpacks:gold_backpack":1,"minecraft:crafting_table":1,"croptopia:peach":4,"epicpaladins:bloodstone_pickaxe":1,"minecraft:oak_log":7,"minecraft:yellow_bed":2,"minecraft:lapis_lazuli":23,"minecraft:dirt":35,"upgrade_aquatic:river_sapling":1,"epicpaladins:bloodstone_gem":2,"minecraft:bone":3,"minecraft:apple":4,"minecraft:stone_bricks":2,"minecraft:wheat_seeds":4,"minecraft:cobbled_deepslate":3,"minecraft:raw_gold":2,"minecraft:spruce_planks":1,"minecraft:oak_planks":2,"minecraft:raw_iron":41,"minecraft:black_candle":4,"minecraft:pumpkin":2,"minecraft:oak_fence":1,"minecraft:torch":9,"minecraft:spruce_sapling":1,"minecraft:carrot":10,"minecraft:spruce_log":27,"alexsmobs:animal_dictionary":1,"minecraft:dark_prismarine":2,"minecraft:arrow":6,"minecraft:rotten_flesh":8,"minecraft:hay_block":15,"croptopia:orange":10,"minecraft:mossy_cobblestone_stairs":1,"minecraft:bread":6,"minecraft:coal":42,"minecraft:cobblestone":126},"minecraft:killed":{"minecraft:skeleton":2,"minecraft:zombie":4},"minecraft:mined":{"minecraft:dark_prismarine":2,"minecraft:spruce_planks":1,"farmersdelight:wild_carrots":10,"minecraft:oak_fence":1,"minecraft:crafting_table":1,"minecraft:torch":2,"minecraft:grass_block":16,"minecraft:tall_grass":6,"minecraft:cobblestone":4,"minecraft:spruce_leaves":8,"minecraft:lapis_ore":3,"minecraft:moss_block":1,"minecraft:oak_planks":2,"minecraft:wall_torch":6,"upgrade_aquatic:river_leaves":6,"minecraft:hay_block":15,"minecraft:mossy_cobblestone_stairs":1,"minecraft:iron_ore":22,"minecraft:spruce_log":82,"minecraft:pumpkin":2,"minecraft:yellow_bed":2,"minecraft:grass":17,"minecraft:oak_log":9,"minecraft:coal_ore":42,"minecraft:deepslate_iron_ore":18,"minecraft:flowering_azalea_leaves":1,"minecraft:dirt":19,"minecraft:black_candle":1,"minecraft:azalea_leaves":1,"minecraft:stone_bricks":2,"minecraft:stone":124,"minecraft:gold_ore":2,"minecraft:oak_leaves":2,"minecraft:deepslate":4}},"DataVersion":3465}