{"stats":{"minecraft:used":{"epicpaladins:cryorium_sword":13,"epicpaladins:bloodstone_pickaxe":199,"minecraft:water_bucket":17,"minecraft:iron_shovel":32,"minecraft:stone_pickaxe":75,"minecraft:oak_planks":30,"minecraft:spruce_planks":57,"minecraft:wooden_pickaxe":32,"minecraft:torch":21,"minecraft:dirt":28,"minecraft:crafting_table":2,"minecraft:carrot":31,"croptopia:orange":10,"minecraft:wooden_axe":98,"minecraft:apple":12,"minecraft:firework_rocket":8,"minecraft:iron_axe":13,"minecraft:bread":36,"minecraft:iron_pickaxe":148,"minecraft:stone_axe":47,"minecraft:cobblestone":54,"epicpaladins:bloodstone_sword":59,"minecraft:bucket":18,"alexsmobs:animal_dictionary":1,"minecraft:yellow_bed":2,"minecraft:pumpkin":1},"minecraft:broken":{"minecraft:wooden_axe":1},"minecraft:dropped":{"minecraft:wheat_seeds":4,"alexsmobs:animal_dictionary":1,"minecraft:cobblestone":3,"minecraft:wooden_axe":1,"minecraft:pumpkin":1,"paraglider:paraglider":1,"minecraft:water_bucket":1},"minecraft:custom":{"minecraft:interact_with_furnace":23,"minecraft:mob_kills":19,"minecraft:interact_with_crafting_table":18,"minecraft:open_barrel":2,"goblintraders:trade_with_goblin":1,"minecraft:leave_game":1,"minecraft:time_since_death":167402,"minecraft:sleep_in_bed":2,"minecraft:climb_one_cm":6576,"minecraft:time_since_rest":27046,"minecraft:waystone_activated":3,"minecraft:sprint_one_cm":336204,"minecraft:damage_taken":2280,"minecraft:walk_one_cm":639825,"minecraft:drop":12,"minecraft:damage_dealt":4103,"minecraft:talked_to_villager":8,"minecraft:swim_one_cm":9566,"minecraft:fly_one_cm":253363,"minecraft:open_chest":20,"minecraft:play_time":167402,"minecraft:crouch_one_cm":4596,"minecraft:sneak_time":1207,"tombstone:undead_killed":13,"minecraft:walk_under_water_one_cm":23571,"minecraft:jump":2928,"minecraft:walk_on_water_one_cm":21092,"minecraft:total_world_time":167402,"minecraft:fall_one_cm":62530,"minecraft:inspect_dispenser":1},"minecraft:crafted":{"paraglider:paraglider":1,"minecraft:oak_planks":26,"minecraft:crafting_table":1,"minecraft:spruce_planks":108,"minecraft:wooden_pickaxe":1,"minecraft:iron_helmet":1,"minecraft:stone_axe":1,"epicpaladins:bloodstone_sword":1,"minecraft:bread":45,"minecraft:air":0,"epicpaladins:cryorium_sword":1,"minecraft:iron_boots":1,"minecraft:iron_chestplate":1,"minecraft:iron_axe":1,"minecraft:stick":32,"minecraft:iron_shovel":1,"minecraft:iron_ingot":41,"minecraft:stone_pickaxe":1,"minecraft:wooden_axe":2,"minecraft:gold_ingot":3,"minecraft:iron_leggings":1,"minecraft:torch":32,"minecraft:lapis_block":2,"minecraft:wheat":135},"minecraft:picked_up":{"paraglider:paraglider":1,"sophisticatedbackpacks:gold_backpack":1,"minecraft:crafting_table":1,"minecraft:glow_ink_sac":3,"croptopia:peach":4,"minecraft:water_bucket":1,"minecraft:andesite":22,"minecraft:leather":3,"croptopia:glowing_calamari":1,"epicpaladins:bloodstone_pickaxe":1,"paraglider:spirit_orb":8,"minecraft:tuff":7,"minecraft:oak_log":7,"minecraft:yellow_bed":3,"minecraft:lapis_lazuli":23,"minecraft:dirt":59,"upgrade_aquatic:river_sapling":1,"epicpaladins:bloodstone_gem":2,"minecraft:bone":4,"minecraft:apple":5,"minecraft:stone_bricks":2,"minecraft:wheat_seeds":6,"minecraft:cobbled_deepslate":17,"minecraft:raw_gold":2,"minecraft:spruce_planks":1,"minecraft:beef":10,"minecraft:light_gray_wool":1,"minecraft:oak_planks":2,"minecraft:stick":4,"minecraft:raw_iron":69,"minecraft:black_candle":4,"minecraft:pumpkin":2,"minecraft:oak_fence":1,"minecraft:torch":10,"minecraft:gravel":8,"minecraft:spruce_sapling":1,"tombstone:grave_dust":4,"minecraft:diorite":12,"minecraft:carrot":10,"minecraft:spruce_log":27,"sons_of_sins:flesh_of_demise":1,"alexsmobs:animal_dictionary":1,"minecraft:dark_prismarine":2,"croptopia:lemon":1,"minecraft:arrow":8,"minecraft:rotten_flesh":11,"minecraft:diamond":4,"create:scoria":18,"minecraft:hay_block":15,"croptopia:orange":11,"minecraft:granite":6,"minecraft:mossy_cobblestone_stairs":1,"minecraft:bread":6,"minecraft:mutton":1,"minecraft:coal":47,"minecraft:cobblestone":199},"minecraft:killed":{"graveyard:ghoul":1,"minecraft:skeleton":4,"minecraft:zombie":8,"minecraft:enderman":1,"minecraft:cow":4},"minecraft:mined":{"minecraft:dark_prismarine":2,"minecraft:tuff":9,"minecraft:spruce_planks":1,"minecraft:deepslate_diamond_ore":4,"farmersdelight:wild_carrots":10,"minecraft:oak_fence":1,"minecraft:crafting_table":1,"minecraft:torch":3,"minecraft:granite":6,"minecraft:grass_block":20,"create:scoria":18,"minecraft:tall_grass":15,"minecraft:cobblestone":4,"minecraft:spruce_leaves":8,"minecraft:lapis_ore":3,"minecraft:moss_block":1,"minecraft:oak_planks":2,"minecraft:diorite":12,"minecraft:wall_torch":6,"upgrade_aquatic:river_leaves":6,"minecraft:hay_block":15,"minecraft:mossy_cobblestone_stairs":1,"minecraft:iron_ore":40,"minecraft:andesite":24,"minecraft:spruce_log":82,"minecraft:pumpkin":2,"minecraft:yellow_bed":3,"minecraft:grass":20,"minecraft:oak_log":9,"minecraft:coal_ore":47,"minecraft:deepslate_iron_ore":29,"minecraft:flowering_azalea_leaves":1,"snifferplus:stone_pine_leaves":2,"minecraft:gravel":10,"minecraft:dirt":40,"minecraft:black_candle":1,"minecraft:azalea_leaves":1,"minecraft:stone_bricks":2,"minecraft:stone":198,"minecraft:gold_ore":2,"minecraft:oak_leaves":2,"minecraft:deepslate":18}},"DataVersion":3465}