{"stats":{"minecraft:dropped":{"minecraft:water_bucket":1,"minecraft:wheat_seeds":4,"minecraft:cobblestone":3,"artifacts:thorn_pendant":1,"minecraft:wooden_axe":1,"minecraft:pumpkin":1,"paraglider:paraglider":1,"alexsmobs:animal_dictionary":1,"minecraft:rotten_flesh":4},"minecraft:mined":{"minecraft:dark_oak_planks":2,"minecraft:dark_prismarine_stairs":10,"minecraft:dark_prismarine":3,"minecraft:tuff":9,"minecraft:spruce_planks":1,"minecraft:dark_oak_leaves":1,"minecraft:deepslate_diamond_ore":4,"minecraft:cobbled_deepslate_stairs":2,"farmersdelight:wild_carrots":10,"minecraft:jungle_leaves":5,"minecraft:brewing_stand":1,"minecraft:granite":6,"minecraft:dark_oak_fence":1,"minecraft:grass_block":20,"minecraft:soul_campfire":1,"minecraft:spruce_leaves":9,"minecraft:moss_block":2,"minecraft:spawner":2,"minecraft:large_fern":2,"minecraft:hay_block":15,"minecraft:smooth_stone":1,"minecraft:mossy_cobblestone_stairs":1,"minecraft:iron_ore":40,"minecraft:cobbled_deepslate":2,"minecraft:andesite":28,"minecraft:pumpkin":2,"minecraft:deepslate_iron_ore":29,"minecraft:flowering_azalea_leaves":1,"minecraft:lantern":3,"minecraft:black_candle":1,"minecraft:azalea_leaves":1,"minecraft:stone":198,"minecraft:stripped_dark_oak_log":7,"minecraft:oak_fence":1,"minecraft:crafting_table":1,"minecraft:torch":3,"minecraft:melon":1,"create:scoria":19,"minecraft:tall_grass":15,"minecraft:cobblestone":4,"minecraft:lapis_ore":3,"minecraft:oak_planks":2,"minecraft:diorite":12,"minecraft:wall_torch":7,"upgrade_aquatic:river_leaves":6,"croptopia:nectarine_crop":1,"minecraft:spruce_log":82,"minecraft:yellow_bed":3,"minecraft:grass":23,"minecraft:oak_log":9,"minecraft:coal_ore":47,"snifferplus:stone_pine_leaves":2,"minecraft:gravel":10,"minecraft:dirt":45,"minecraft:cracked_stone_bricks":3,"minecraft:cobweb":2,"minecraft:polished_andesite":1,"minecraft:stone_bricks":5,"minecraft:gold_ore":2,"minecraft:oak_leaves":7,"minecraft:deepslate":18,"minecraft:fern":1},"minecraft:broken":{"minecraft:wooden_axe":1},"minecraft:killed":{"minecraft:witch":2,"minecraft:vindicator":1,"minecraft:skeleton":4,"graveyard:acolyte":2,"minecraft:pig":1,"graveyard:ghoul":1,"minecraft:sheep":1,"minecraft:pillager":4,"minecraft:zombie":14,"minecraft:cow":4,"minecraft:enderman":1},"minecraft:crafted":{"minecraft:oak_planks":26,"epicpaladins:bloodstone_sword":1,"minecraft:iron_boots":1,"minecraft:iron_axe":1,"minecraft:stone_pickaxe":1,"minecraft:wheat":135,"paraglider:paraglider":1,"minecraft:crafting_table":1,"minecraft:spruce_planks":108,"minecraft:wooden_pickaxe":1,"minecraft:iron_helmet":1,"minecraft:stone_axe":1,"minecraft:bread":45,"minecraft:air":0,"epicpaladins:cryorium_sword":1,"minecraft:iron_chestplate":1,"minecraft:stick":32,"minecraft:iron_ingot":41,"minecraft:wooden_axe":2,"minecraft:iron_shovel":1,"minecraft:gold_ingot":3,"minecraft:iron_leggings":1,"minecraft:torch":32,"minecraft:lapis_block":2},"minecraft:used":{"epicpaladins:bloodstone_pickaxe":235,"minecraft:iron_shovel":36,"minecraft:spruce_planks":57,"minecraft:torch":22,"minecraft:dirt":55,"minecraft:carrot":31,"minecraft:tuff":7,"minecraft:wooden_axe":98,"minecraft:lantern":5,"minecraft:iron_axe":27,"create:scoria":18,"minecraft:stone_bricks":2,"minecraft:cobbled_deepslate":2,"minecraft:pumpkin":1,"epicpaladins:cryorium_sword":14,"minecraft:water_bucket":17,"minecraft:stone_pickaxe":75,"minecraft:oak_planks":30,"minecraft:wooden_pickaxe":32,"minecraft:stripped_dark_oak_log":4,"minecraft:crafting_table":2,"minecraft:crossbow":1,"croptopia:orange":10,"minecraft:apple":12,"minecraft:firework_rocket":8,"minecraft:bread":60,"minecraft:iron_pickaxe":148,"minecraft:stone_axe":47,"minecraft:cobblestone":175,"epicpaladins:bloodstone_sword":199,"minecraft:andesite":21,"minecraft:bucket":18,"alexsmobs:animal_dictionary":1,"minecraft:yellow_bed":2},"minecraft:custom":{"minecraft:mob_kills":38,"minecraft:interact_with_crafting_table":18,"minecraft:open_barrel":7,"goblintraders:trade_with_goblin":1,"minecraft:leave_game":2,"minecraft:time_since_death":209179,"minecraft:climb_one_cm":14847,"minecraft:sprint_one_cm":411168,"minecraft:walk_one_cm":789137,"minecraft:drop":14,"minecraft:talked_to_villager":8,"minecraft:play_time":209179,"minecraft:sneak_time":1835,"minecraft:walk_under_water_one_cm":24992,"minecraft:jump":3547,"minecraft:walk_on_water_one_cm":25851,"minecraft:total_world_time":209179,"minecraft:interact_with_furnace":23,"tombstone:raider_killed":7,"minecraft:sleep_in_bed":2,"minecraft:time_since_rest":68823,"minecraft:waystone_activated":4,"minecraft:damage_taken":3495,"minecraft:damage_dealt":8401,"minecraft:swim_one_cm":11393,"minecraft:fly_one_cm":333250,"minecraft:open_chest":36,"minecraft:crouch_one_cm":7159,"tombstone:undead_killed":19,"minecraft:interact_with_smoker":1,"minecraft:fall_one_cm":74521,"minecraft:inspect_dispenser":1},"minecraft:picked_up":{"sophisticatedbackpacks:gold_backpack":1,"minecraft:crafting_table":1,"croptopia:peach":4,"epicpaladins:bloodstone_pickaxe":1,"minecraft:potion":1,"minecraft:brewing_stand":1,"minecraft:string":2,"minecraft:soul_soil":1,"upgrade_aquatic:river_sapling":1,"epicpaladins:bloodstone_gem":2,"graveyard:corruption":1,"minecraft:cracked_stone_bricks":3,"minecraft:cobbled_deepslate":19,"minecraft:smooth_stone":1,"minecraft:dark_prismarine_stairs":10,"minecraft:spruce_planks":1,"minecraft:beef":10,"minecraft:light_gray_wool":1,"minecraft:melon_slice":3,"minecraft:stick":4,"minecraft:raw_iron":69,"minecraft:oak_fence":1,"minecraft:torch":11,"minecraft:porkchop":3,"tombstone:grave_dust":4,"minecraft:diorite":12,"minecraft:carrot":10,"minecraft:dark_oak_planks":2,"minecraft:arrow":13,"minecraft:rotten_flesh":15,"create:scoria":19,"minecraft:hay_block":15,"minecraft:mutton":3,"minecraft:cobblestone":199,"paraglider:paraglider":1,"croptopia:nectarine":4,"minecraft:glow_ink_sac":3,"minecraft:water_bucket":1,"minecraft:andesite":26,"minecraft:brown_wool":1,"minecraft:leather":3,"artifacts:thorn_pendant":2,"croptopia:glowing_calamari":1,"paraglider:spirit_orb":12,"minecraft:tuff":7,"minecraft:oak_log":7,"minecraft:yellow_bed":3,"minecraft:cobbled_deepslate_stairs":2,"minecraft:gunpowder":2,"minecraft:lapis_lazuli":23,"minecraft:dirt":64,"minecraft:lantern":5,"minecraft:bone":4,"minecraft:apple":5,"minecraft:stone_bricks":5,"minecraft:wheat_seeds":6,"minecraft:raw_gold":2,"minecraft:oak_planks":2,"minecraft:book":6,"minecraft:black_candle":4,"minecraft:pumpkin":2,"minecraft:gravel":8,"minecraft:spruce_sapling":1,"minecraft:spruce_log":27,"alexsmobs:animal_dictionary":1,"sons_of_sins:flesh_of_demise":1,"minecraft:dark_prismarine":2,"minecraft:polished_andesite":1,"croptopia:lemon":1,"minecraft:sugar":2,"minecraft:diamond":4,"croptopia:orange":11,"minecraft:granite":6,"minecraft:crossbow":1,"minecraft:mossy_cobblestone_stairs":1,"minecraft:emerald":3,"minecraft:bread":6,"minecraft:stripped_dark_oak_log":4,"minecraft:coal":47}},"DataVersion":3465}