{"stats":{"minecraft:used":{"epicpaladins:cryorium_sword":13,"epicpaladins:bloodstone_pickaxe":21,"minecraft:water_bucket":17,"minecraft:stone_pickaxe":75,"minecraft:oak_planks":30,"minecraft:spruce_planks":57,"minecraft:wooden_pickaxe":32,"minecraft:torch":19,"minecraft:dirt":28,"minecraft:crafting_table":2,"minecraft:carrot":31,"croptopia:orange":10,"minecraft:wooden_axe":98,"minecraft:apple":12,"minecraft:firework_rocket":8,"minecraft:iron_axe":13,"minecraft:bread":30,"minecraft:iron_pickaxe":148,"minecraft:stone_axe":47,"minecraft:cobblestone":51,"epicpaladins:bloodstone_sword":16,"minecraft:bucket":18,"alexsmobs:animal_dictionary":1,"minecraft:yellow_bed":2,"minecraft:pumpkin":1},"minecraft:broken":{"minecraft:wooden_axe":1},"minecraft:dropped":{"minecraft:wheat_seeds":4,"alexsmobs:animal_dictionary":1,"minecraft:cobblestone":3,"minecraft:wooden_axe":1,"minecraft:pumpkin":1,"paraglider:paraglider":1,"minecraft:water_bucket":1},"minecraft:custom":{"minecraft:interact_with_furnace":23,"minecraft:mob_kills":16,"minecraft:interact_with_crafting_table":16,"minecraft:open_barrel":2,"goblintraders:trade_with_goblin":1,"minecraft:leave_game":1,"minecraft:time_since_death":155402,"minecraft:sleep_in_bed":2,"minecraft:climb_one_cm":6362,"minecraft:time_since_rest":15046,"minecraft:waystone_activated":3,"minecraft:sprint_one_cm":314922,"minecraft:damage_taken":2070,"minecraft:walk_one_cm":585049,"minecraft:drop":12,"minecraft:damage_dealt":3224,"minecraft:talked_to_villager":8,"minecraft:swim_one_cm":9566,"minecraft:fly_one_cm":233885,"minecraft:open_chest":20,"minecraft:play_time":155402,"minecraft:crouch_one_cm":4596,"minecraft:sneak_time":1207,"tombstone:undead_killed":11,"minecraft:walk_under_water_one_cm":19980,"minecraft:jump":2629,"minecraft:walk_on_water_one_cm":19871,"minecraft:total_world_time":155402,"minecraft:fall_one_cm":60132,"minecraft:inspect_dispenser":1},"minecraft:crafted":{"paraglider:paraglider":1,"minecraft:oak_planks":26,"minecraft:crafting_table":1,"minecraft:spruce_planks":108,"minecraft:wooden_pickaxe":1,"minecraft:iron_helmet":1,"minecraft:stone_axe":1,"epicpaladins:bloodstone_sword":1,"minecraft:bread":45,"minecraft:air":0,"epicpaladins:cryorium_sword":1,"minecraft:iron_boots":1,"minecraft:iron_chestplate":1,"minecraft:iron_axe":1,"minecraft:stick":32,"minecraft:iron_ingot":41,"minecraft:stone_pickaxe":1,"minecraft:wooden_axe":2,"minecraft:gold_ingot":3,"minecraft:iron_leggings":1,"minecraft:torch":32,"minecraft:lapis_block":2,"minecraft:wheat":135},"minecraft:picked_up":{"paraglider:paraglider":1,"sophisticatedbackpacks:gold_backpack":1,"minecraft:crafting_table":1,"croptopia:peach":4,"minecraft:leather":3,"epicpaladins:bloodstone_pickaxe":1,"paraglider:spirit_orb":8,"minecraft:oak_log":7,"minecraft:yellow_bed":3,"minecraft:lapis_lazuli":23,"minecraft:dirt":37,"upgrade_aquatic:river_sapling":1,"epicpaladins:bloodstone_gem":2,"minecraft:bone":3,"minecraft:apple":5,"minecraft:stone_bricks":2,"minecraft:wheat_seeds":5,"minecraft:cobbled_deepslate":8,"minecraft:raw_gold":2,"minecraft:spruce_planks":1,"minecraft:beef":10,"minecraft:light_gray_wool":1,"minecraft:oak_planks":2,"minecraft:stick":4,"minecraft:raw_iron":49,"minecraft:black_candle":4,"minecraft:pumpkin":2,"minecraft:oak_fence":1,"minecraft:torch":9,"minecraft:spruce_sapling":1,"tombstone:grave_dust":3,"minecraft:carrot":10,"minecraft:spruce_log":27,"alexsmobs:animal_dictionary":1,"minecraft:dark_prismarine":2,"croptopia:lemon":1,"minecraft:arrow":6,"minecraft:rotten_flesh":11,"minecraft:diamond":3,"minecraft:hay_block":15,"croptopia:orange":11,"minecraft:mossy_cobblestone_stairs":1,"minecraft:bread":6,"minecraft:mutton":1,"minecraft:coal":42,"minecraft:cobblestone":127},"minecraft:killed":{"graveyard:ghoul":1,"minecraft:skeleton":2,"minecraft:zombie":8,"minecraft:cow":4},"minecraft:mined":{"minecraft:dark_prismarine":2,"minecraft:spruce_planks":1,"minecraft:deepslate_diamond_ore":3,"farmersdelight:wild_carrots":10,"minecraft:oak_fence":1,"minecraft:crafting_table":1,"minecraft:torch":2,"minecraft:grass_block":17,"minecraft:tall_grass":8,"minecraft:cobblestone":4,"minecraft:spruce_leaves":8,"minecraft:lapis_ore":3,"minecraft:moss_block":1,"minecraft:oak_planks":2,"minecraft:wall_torch":6,"upgrade_aquatic:river_leaves":6,"minecraft:hay_block":15,"minecraft:mossy_cobblestone_stairs":1,"minecraft:iron_ore":26,"minecraft:spruce_log":82,"minecraft:pumpkin":2,"minecraft:yellow_bed":3,"minecraft:grass":20,"minecraft:oak_log":9,"minecraft:coal_ore":42,"minecraft:deepslate_iron_ore":22,"minecraft:flowering_azalea_leaves":1,"snifferplus:stone_pine_leaves":2,"minecraft:dirt":20,"minecraft:black_candle":1,"minecraft:azalea_leaves":1,"minecraft:stone_bricks":2,"minecraft:stone":125,"minecraft:gold_ore":2,"minecraft:oak_leaves":2,"minecraft:deepslate":10}},"DataVersion":3465}